seccion_nro,seccion_name,circuito_nro,circuito_name,establecimiento,cant_mesas,desde,hasta,electores
1,CAPITAL,1,SECCIONAL PRIMERA,CENTRO EDUC.NIVEL MEDIO ADULTO - DEAN FUNES 417 CAPITAL - CORDOBA,7,1,7,2415
1,CAPITAL,1,SECCIONAL PRIMERA,ESC NUESTRA SEÑORA DEL HUERTO - BELGRANO 269 CAPITAL - CORDOBA,12,8,19,4128
1,CAPITAL,1,SECCIONAL PRIMERA,COL NAC DE MONSERRAT - OBISPO TREJO 294 CAPITAL - CORDOBA,18,20,37,6192
1,CAPITAL,1,SECCIONAL PRIMERA,ESC SANTA TERESA DE JESUS - OBISPO TREJO Y SANABRIA 160 CAPITAL -,10,38,47,3440
1,CAPITAL,2,SECCIONAL SEGUNDA,ESC JUAN BAUTISTA ALBERDI - GRAL PAZ 488 CAPITAL - CORDOBA,18,48,65,6176
1,CAPITAL,3,SECCIONAL TERCERA,ESC JERONIMO LUIS DE CABRERA - SANTA ROSA 650 CAPITAL - CORDOBA,15,66,80,5220
1,CAPITAL,3,SECCIONAL TERCERA,IPEM N° 270 GRAL M BELGRANO - DEAN FUNES 850 CAPITAL - CORDOBA,11,81,91,3817
1,CAPITAL,3,SECCIONAL TERCERA,ESC SANTO TOMAS - CASEROS 745 CAPITAL - CORDOBA,8,92,99,2776
1,CAPITAL,3,SECCIONAL TERCERA,ESC NORMAL ALEJANDRO CARBO - AV COLON 951 CAPITAL - CORDOBA,13,100,112,4511
1,CAPITAL,3,SECCIONAL TERCERA,ESC MARIANO MORENO - SANTA ROSA ESQ SANTA FE 1299 CAPITAL - CORDOBA,13,113,125,4511
1,CAPITAL,4,NUEVA CORDOBA,COL NACIONAL DEAN FUNES - PERU 10 B°N CORDOBA CAPITAL - CORDOBA,20,126,145,6979
1,CAPITAL,4,NUEVA CORDOBA,IPET N°66 DR JOSE A BALSEIRO - HIPOLITO YRIGOYEN 258 B°N CORDOBA CAPITAL,14,146,159,4872
1,CAPITAL,4,NUEVA CORDOBA,ESC GDOR ALVAREZ - C ARENAL 699 B°R MARTINEZ CAPITAL - CORDOBA,9,160,168,3132
1,CAPITAL,4,NUEVA CORDOBA,FAC DE CIENCIAS ECONOMICAS - AV VALPARAISO CDAD UNIVERSITARIA CAPITAL -,10,169,178,3480
1,CAPITAL,4,NUEVA CORDOBA,IPEM 38 FRANC. PABLO DE MAURO - PAUNERO Y ARENAL CAPITAL - CORDOBA,9,179,187,3132
1,CAPITAL,4A,PUEBLO LAS FLORES,ESC ERNESTO BANCALARI - MONTERROSO 4597 B° ARTIGAS- CAPITAL - CORDOBA,7,188,194,2429
1,CAPITAL,4A,PUEBLO LAS FLORES,ESC ALMAFUERTE - CHANETON 390 B°SAN FERNANDO CAPIT - CORDOBA,7,195,201,2429
1,CAPITAL,4A,PUEBLO LAS FLORES,ESC COM R ECHEGOYEN - J I DIAZ 200 B°EJERCITO ARGENTINO - CORDOBA,8,202,209,2776
1,CAPITAL,4A,PUEBLO LAS FLORES,ESC SAN FRANCISCO DE ASIS - GUARDADO 184 B°LAS FLORES -CAP - CORDOBA,15,210,224,5205
1,CAPITAL,4A,PUEBLO LAS FLORES,ESC DANTE ALIGHIERI - JOSE JAVIER DIAZ 421 B°IPONA CAPITAL - CORDOBA,15,225,239,5201
1,CAPITAL,4B,VILLA REVOL,INST EDUC NTRA SEÑORA - INCA MANCO - 3450 B°JARDIN ESPINOSA - CORDOBA,11,240,250,3839
1,CAPITAL,4B,VILLA REVOL,ESC ING MASJOAN - P.L.DE CABRERA ESQ.TANTI 3070 B° V REVOL-CAPITAL -,10,251,260,3490
1,CAPITAL,4B,VILLA REVOL,COL NICOLAS BERROTARAN - ELIAS YOFRE - 1095 B°JARDIN-CAPITAL - CORDOBA,11,261,271,3839
1,CAPITAL,4B,VILLA REVOL,COL PARROQUIAL CRISTO REDENTOR - JUSTINIANO POSSE - 864 B°JARDIN-,7,272,278,2443
1,CAPITAL,4B,VILLA REVOL,JOVENES ARGENTINOS - BOTAFOGO 3448 - CORDOBA,6,279,284,2092
1,CAPITAL,4C,INAUDI,ESC SAN JOSE DE CALASANZ - PIZARRO ESQ. NIVOLI INAUDI CAPITAL - CORDOBA,6,285,290,2088
1,CAPITAL,4C,INAUDI,IPEN 310- PUERTO ARGENTINO - LUDUEÑA Y SARGENTO RIOS B°INAUDI.CAPITAL -,8,291,298,2777
1,CAPITAL,4D,VILLA EUCARISTICA,COL VILLA EUCARISTICA - CNO A SAN CARLOS KM.5 1/2 B°V EUCARISTICA CAP -,8,299,306,2472
1,CAPITAL,4E,NUESTRO HOGAR III,ESC.SABIN - DDE.CMO.S.ANTONIO KM 7 1/2.1KM.AL O. B°NUESTRO HOGAR III -,9,307,315,2899
1,CAPITAL,4F,CIUDAD OBISPO ANGELELLI,NSC.OSCAR RAUL MALVASIO - PUBLICA S/N MANZANA 49 B°OBISPO ANGELELLI -,9,316,324,3002
1,CAPITAL,5,ALTAMIRA,ESC ESPAÑA - M BRAVO Y ENTRE RIOS B° ACOSTA CAPITAL - CORDOBA,14,325,338,4860
1,CAPITAL,5,ALTAMIRA,ESC GRECIA - PEDERNERA 952 B°ALTAMIRA - CORDOBA,11,339,349,3817
1,CAPITAL,5,ALTAMIRA,ESC PANAMERICANA - SOTO - 919 B° ACOSTA-CAPITAL - CORDOBA,10,350,359,3470
1,CAPITAL,5,ALTAMIRA,ESC ESTANISLAO DEL CAMPO - ESTADOS UNIDOS Y RIO 1° 1208 B° ALTAMIRA,5,360,364,1735
1,CAPITAL,5A,COLONIA LOLA,ESC MUNICIPAL A GASTALDI - S JERONIMO/ALMAGRO 5550 B° COLONIA LOLA -,6,365,370,2027
1,CAPITAL,5A,COLONIA LOLA,ELENA LOPEZ LALLANA - AGUSTIN GARZON 5600 B°MIRALTA CAPITAL - CORDOBA,10,371,380,3370
1,CAPITAL,5B,DEAN FUNES,ESC 9 DE JULIO - JOSE A CABRERA° 5051 DEAN FUNES - CORDOBA,6,381,386,1851
1,CAPITAL,5C,EMPALME,ESC PROVINCIA DE LA RIOJA - JUNIN 3480 B°MIRADOR CAPITAL - CORDOBA,10,387,396,3454
1,CAPITAL,5C,EMPALME,ESC VICTOR MERCANTE - CAUCETE 4008 B°EMPALME CAPITAL - CORDOBA,12,397,408,4140
1,CAPITAL,5C,EMPALME,ESC JUAN M DE PUEYRREDON - ANCASTI 4555 B°EMPALME CAPITAL - CORDOBA,8,409,416,2760
1,CAPITAL,5C,EMPALME,INST SEC EMPALME GONZALEZ LACA - LAS ARRIAS 4043 B°EMPALME CAPITAL -,5,417,421,1725
1,CAPITAL,5C,EMPALME,FRAY JUSTO STA MARÍA DE ORO - CALLAO 2320 B°1 DE MAYO CAPITAL - CORDOBA,12,422,433,4140
1,CAPITAL,5C,EMPALME,IPEM 400 LOPEZ LALLANA - CORRIENTES 5583 B°PALADINI - CORDOBA,6,434,439,2070
1,CAPITAL,5D,MALDONADO,ESC CANONIGO PIÑERO - MARTIN C MALDONADO CAMPO LA RIVERA CAPITAL -,6,440,445,2058
1,CAPITAL,5D,MALDONADO,ESC MARTIN DE GÜEMES - OBPO CASTELLANOS 256 B°MULLER-CAPITAL -,9,446,454,3079
1,CAPITAL,5D,MALDONADO,BAC TEC DR F ESCARDO(IPEM 133) - CAMPO LA RIBERA CAPITAL - CORDOBA,9,455,463,3078
1,CAPITAL,5D,MALDONADO,IPEM 184-M.FRAGUEIRO - OB.CASTELLANO. 945 B°MULLER CAPITAL - CORDOBA,10,464,473,3420
1,CAPITAL,5E,VILLA BUSTOS,ESC TTE GRAL P RICCHIERI - BENJAMIN VIEL 2387 B°V BUSTOS CAPITAL -,6,474,479,2062
1,CAPITAL,5E,VILLA BUSTOS,IPEM 136 DR ALFREDO PALACIOS - CALINGASTA (ESQ TULUMBA) 5800 VILLA,6,480,485,2058
1,CAPITAL,5F,RENACIMIENTO,ESC M COOPERATIVISMO ARGENTINO - M BRAVO Y PJE.MATHEU 5030 B°,14,486,499,4742
1,CAPITAL,5G,SAN VICENTE,ESC SANTA MARGARITA DE CORTONA - LOPEZ Y PLANES 2958 B°S VICENTE,10,500,509,3490
1,CAPITAL,5G,SAN VICENTE,ESC DGO F SARMIENTO - LOPEZ Y PLANES 2253 B°S VICENTE CAPITAL - CORDOBA,14,510,523,4873
1,CAPITAL,5G,SAN VICENTE,ESC PTE RIVADAVIA - AGUSTIN GARZON 1563 B°SVICENTE CAPITAL - CORDOBA,12,524,535,4176
1,CAPITAL,5G,SAN VICENTE,ESC MARIA IGNACIA NAVARRO DE L - CORRIENTES 2006 B°S VICENTE CAPITAL -,9,536,544,3132
1,CAPITAL,5H,VILLA BOEDO,ESC. MADRE MARIA DEL TRANSITO - MANZANA 7. B° VILLA BOEDO - CORDOBA,6,545,550,2026
1,CAPITAL,5I,COLINAS DEL SUR,ESCUELA HEROES DE MALVINAS - C/PUBLICA S/N (CNO VILLA POSSE) B° CIUDAD,8,551,558,2800
1,CAPITAL,5I,COLINAS DEL SUR,ESC.PTE. JUAN D.PERÓN - MANZANA 47 B° V CIUDAD EVITA - CORDOBA,7,559,565,2450
1,CAPITAL,6,ALTO GRAL PAZ,ESC TENIENTE GRAL ARAMBURU - GARIBALDI 710 B°ALTO GRAL PAZ - CORDOBA,9,566,574,3008
1,CAPITAL,6,ALTO GRAL PAZ,COL SAN RAMON NONATO - AVDA PATRIA 282 B°ALTO GRAL PAZ - CORDOBA,7,575,581,2338
1,CAPITAL,6A,BAJADA DE PIEDRA,ESC MUNICIPAL DR A SOBRAL - PUBLICA S/N° B°SANGRE Y SOL - CORDOBA,1,582,582,306
1,CAPITAL,6B,CHACRA DE LA MERCED,ESC VAN GELDEREN - CNO CHACRA DE LA MERCED KM 6 1/2 CAPITAL - CORDOBA,1,583,583,221
1,CAPITAL,6C,GRAL PAZ,ESC RAMON J CARCANO - VIAMONTE 446 B°GRAL.PAZ CAPITAL - CORDOBA,11,584,594,3806
1,CAPITAL,6C,GRAL PAZ,ESC NORMAL GARZON AGULLA - VIAMONTE 150 B°GRAL.PAZ CAPITAL - CORDOBA,15,595,609,5179
1,CAPITAL,6C,GRAL PAZ,IPET N°10 COM MARTIN RIVADAVIA - 25 DE MAYO ESQ ROMA 1500 B°GRAL.PAZ,10,610,619,3450
1,CAPITAL,6D,JUNIORS,ESC GABRIELA MISTRAL - LEONOR DE TEJEDA 1353 B°JUNIORS CAPITAL -,10,620,629,3350
1,CAPITAL,6D,JUNIORS,ESC BRIGADIER C SAAVEDRA - ARENALES Y LA PLATA 900 B°JUNIORS CAPITAL -,12,630,641,4015
1,CAPITAL,6E,LA FLORESTA SUD,ESC TRANSITO CACERES DE ALLEND - C/CHACRA DE LA MERCED KM 9 Y 1/2,7,642,648,2391
1,CAPITAL,6F,YAPEYU,ESC R GÜIRALDES - 24 DE SETIEMBRE 2400 B°YAPEYU CAPITAL - CORDOBA,12,649,660,4104
1,CAPITAL,6F,YAPEYU,ESC GDOR AMADEO SABATTINI - GERMANIA 5665 B°YAPEYU CAPITAL - CORDOBA,12,661,672,4094
1,CAPITAL,7,AEROPUERTO,ESC JORGE NEWBERY (CIRC 7F) - MATIENZO 5895 BARRIO JORGE NEWBERY -,1,673,673,112
1,CAPITAL,7A,GUIÑAZU,IPEM N° 22 JUAN FILLOY - CALLE DE LA CUECA 0 B°ALICIA RISLER - CORDOBA,6,674,679,2052
1,CAPITAL,7A,GUIÑAZU,ESC UNESCO - JUAN B JUSTO/AV N SRA D LOS MILAGROS 0 B° GUIÑAZU -,14,680,693,4781
1,CAPITAL,7B,ALTA CORDOBA,ESC MANUEL LUCERO - MANUEL LUCERO 560 B°ALTA CORD CAPITAL - CORDOBA,19,694,712,6650
1,CAPITAL,7B,ALTA CORDOBA,ESC PCIA DE ENTRE RIOS - TRAFALGAR 845 B°ALTA CORD CAPITAL - CORDOBA,11,713,723,3840
1,CAPITAL,7B,ALTA CORDOBA,INST CORAZON DE MARIA - A DEL VISO 445 B°ALTA CORD CAPITAL - CORDOBA,14,724,737,4886
1,CAPITAL,7B,ALTA CORDOBA,INST NUESTRA MADRE DE LA MERCE - M FRAGUEIRO 2389 B°ALTA CORD CAPITAL -,13,738,750,4537
1,CAPITAL,7B,ALTA CORDOBA,INST MANUEL LUCERO - LAVALLEJA 2257 B°ALTA CORD CAPITAL - CORDOBA,8,751,758,2792
1,CAPITAL,7C,CNO. A PAJAS BLANCAS,ESC J NEWBERY - ALBERTO MACIAS 451 B°J NEWBERY CAPITAL - CORDOBA,1,759,759,10
1,CAPITAL,7D,COFICO,ESC PTE SARMIENTO - R SAENZ PEÑA 1211 B°COFICO CAPITAL - CORDOBA,12,760,771,4116
1,CAPITAL,7D,COFICO,ESC PCIA DE FORMOSA - RODRIGUEZ PEÑA 1548 B°COFICO CAPITAL - CORDOBA,8,772,779,2744
1,CAPITAL,7D,COFICO,ESC. GARCIA FAURE - JERONIMO LUIS DE CABRERA 834 B°COFICO CAPITAL -,9,780,788,3084
1,CAPITAL,7E,MARQUES DE SOBREMONTE,ESC HONORATO LACONI - T DE IROBI 557 B°M DE SOBREMONTE - CORDOBA,15,789,803,5190
1,CAPITAL,7E,MARQUES DE SOBREMONTE,ESC PETER PAN - P DE GUZMAN 131 B°M DE SOBREMONTE - CORDOBA,15,804,818,5190
1,CAPITAL,7E,MARQUES DE SOBREMONTE,J DE INF B.RIVADAVIA - NUFLO DE AGUILAR 541 CAPITAL - CORDOBA,3,819,821,1038
1,CAPITAL,7E,MARQUES DE SOBREMONTE,JOSE LUIS SERCIC - PEREZ CORREA 1500 B° M DE SOBREMONTE - CORDOBA,8,822,829,2768
1,CAPITAL,7E,MARQUES DE SOBREMONTE,IPEM 338 - FRANCISCO SUAREZ 3760 B°M SE SOBREMONTE - CORDOBA,8,830,837,2764
1,CAPITAL,7F,JORGE NEWBERY,ESC JORGE NEWBERY - ALBERTO MACIAS 451 B°NEWBERY CAPITAL - CORDOBA,10,838,847,3414
1,CAPITAL,7F,JORGE NEWBERY,ESC NACIONES UNIDAS - CORTADA 8 S/N B°R.DE ESCALADA CAP - CORDOBA,9,848,856,3069
1,CAPITAL,7F,JORGE NEWBERY,IPEM 121 PAEZ MOLINA - ORIGONE ESQ CAROLA LORENZINI B°J LUIS DE CABRERA,5,857,861,1705
1,CAPITAL,7G,PANAMERICANO,ESC GOBERNADOR MANUEL LOPEZ - URQUIZA 4800 IPV ANEXO-M FRAGUEIR -,7,862,868,2443
1,CAPITAL,7G,PANAMERICANO,ESC ARTURO CAPDEVILA - AVELLANEDA 4100 B°M.FRAGUEIRO CAPIT - CORDOBA,12,869,880,4178
1,CAPITAL,7G,PANAMERICANO,ESC FRANCISCO VIDAL - MARCOS INFANTES 560 B° PANAMERICANO CAP -,12,881,892,4176
1,CAPITAL,7G,PANAMERICANO,"IPEM 199 ""JUAN EMILIO REMONDA"" - SOSA REVELLO 590 B° FRAGUEIRO CAPITAL -",6,893,898,2088
1,CAPITAL,8,LA FLORESTA NORTE,ESC RABINDRANAT TAGORE - OCARINA - 1613 B°V.CLAUDINA CAPITAL - CORDOBA,3,899,901,774
1,CAPITAL,8A,PALMAR,ESC EMILIO E SANCHEZ - ANTONIO MACHONI 1700 CAPITAL - CORDOBA,12,902,913,4197
1,CAPITAL,8B,PUEYRREDON,ESC FRAY J A DE SAN ALBERTO - ESQUIU 1340 B° PUEYRREDON CAPIT - CORDOBA,7,914,920,2448
1,CAPITAL,8B,PUEYRREDON,INST OBISPO CAIXAL - ANA M JANER 1250 B°PUEYRREDON CAPITAL - CORDOBA,8,921,928,2792
1,CAPITAL,8B,PUEYRREDON,ESC DEAN FUNES - ANA M JANER 1551 B°PUEYRREDON CAPITAL - CORDOBA,10,929,938,3490
1,CAPITAL,8B,PUEYRREDON,INST SAGRADO CORAZON - ROMA 1153 B°PUYRREDON CAPITAL - CORDOBA,10,939,948,3490
1,CAPITAL,8B,PUEYRREDON,ESC ROBLES - PADRE LUIS MONTI 1850 B°PUYRREDON CAPITAL - CORDOBA,13,949,961,4537
1,CAPITAL,8B,PUEYRREDON,INST SAGRADA FAMILIA - BUCHARDO 1675 B°PUYRREDON CAPITAL - CORDOBA,9,962,970,3141
1,CAPITAL,8C,VILLA LOS PINOS,ESC TRINIDAD MORENO(IPEM 174) - EDUARDO SAN MARTIN 1282 B°YOFRE SUD,12,971,982,4054
1,CAPITAL,8C,VILLA LOS PINOS,ESC ALMIRANTE BROWN - SAN MARTIN S/N° B°YOFRE SUD - CORDOBA,13,983,995,4381
1,CAPITAL,9,ESCOBAR,ESC PROVINCIA DE CORRIENTES - DOMINGO ZIPOLI 1358 B°ESCOBAR CAPITAL -,8,996,1003,2752
1,CAPITAL,9,ESCOBAR,INST ESCUTI - NAZARET - 3399 B°LAS ROSAS CAPITAL - CORDOBA,9,1004,1012,3088
1,CAPITAL,9A,LA FRANCE,ESC MAHATMA GANDHI - TALAVERA DE MADRID 3261 B°LA FRANCE CAPITAL -,7,1013,1019,2321
1,CAPITAL,9A,LA FRANCE,COL PQUIAL C NAMUNCURA - DIAGUITAS 3314 B° LA FRANCE CAPITAL - CORDOBA,8,1020,1027,2648
1,CAPITAL,9B,LAS MARGARITAS,ESC RICARDO ROJAS (IPEM 35) - J.LOPEZ 2050 B°ALTOS DE V CABRERA -,8,1028,1035,2744
1,CAPITAL,9B,LAS MARGARITAS,ESC CONGRESO DE TUCUMAN - H MALVINO 2772 B°LAS MARGARITAS - CORDOBA,8,1036,1043,2737
1,CAPITAL,9B,LAS MARGARITAS,ESC MIGUEL RODRIGUEZ DE LA TOR - LA GRANJA 3199 B°ALTO VERDE CAPITAL -,7,1044,1050,2394
1,CAPITAL,9C,LOS PARAISOS,ESC DE COMERCIO J J PASO - PLATON 3030 B°ZUMARAN CAPITAL - CORDOBA,10,1051,1060,3490
1,CAPITAL,9C,LOS PARAISOS,COLEGIO FERMIN LAFITTE - FCO VALLE 2443 B°LOS PARAISOS CAPIT - CORDOBA,10,1061,1070,3490
1,CAPITAL,9C,LOS PARAISOS,ESC JUVENILIA - ARISTOTELES 3160 B°ZUMARAN CAPITAL - CORDOBA,7,1071,1077,2439
1,CAPITAL,9C,LOS PARAISOS,ESC PCIA DE MISIONES - FIRPO 2254 B°ZUMARAN - CORDOBA,13,1078,1090,4524
1,CAPITAL,9D,POETA LUGONES,COL EL SALVADOR - ROMULO CARBIA 2757 B° P LUGONES CAPITAL - CORDOBA,8,1091,1098,2768
1,CAPITAL,9D,POETA LUGONES,ESC LEOPOLDO LUGONES - LESPADA Y GALVEZ 2820 B°P LUGONES CAPITAL -,10,1099,1108,3457
1,CAPITAL,9D,POETA LUGONES,IPEM 198 MARTIN FERREYRA - JOAQUIN CAMAÑO Y BAZAN 4750 - CORDOBA,9,1109,1117,3105
1,CAPITAL,9E,PROVIDENCIA,ESC PTE HIPOLITO YRIGOYEN - CASTRO BARROS 802 B°SAN MARTIN CAPITAL -,15,1118,1132,5129
1,CAPITAL,9F,SAN MARTIN,ESC ANTONIO DEL VISO - SAAVEDRA 619 B°SAN MARTIN CAPITAL - CORDOBA,13,1133,1145,4524
1,CAPITAL,9F,SAN MARTIN,INST INMACULADA CONCEPCION - CASTRO BARROS 1316 B°BAJO GALAN CAPITAL -,16,1146,1161,5563
1,CAPITAL,9F,SAN MARTIN,ESC J DE SAN MARTIN - CERRITO Y GALAN 660 B°SAN MARTIN CAPITAL - CORDOBA,7,1162,1168,2429
1,CAPITAL,9F,SAN MARTIN,COL NTRA SEÑORA DE LA MERCED - ZELAYA 140 B°SAN MARTIN CAPITAL -,8,1169,1176,2776
1,CAPITAL,9G,VILLA CABRERA,INSTITUTO PEÑA - CIUDAD DE TAMPA 2954 B°VILLA CABRERA CAPI - CORDOBA,11,1177,1187,3751
1,CAPITAL,9G,VILLA CABRERA,ESC PRESIDENTE KENNEDY - JULIAN PAZ 1851 B°VILLA CABRERA CAPT - CORDOBA,6,1188,1193,2042
1,CAPITAL,10,BELLA VISTA,ESC ROQUE SAENZ PEÑA - AV VELEZ SARSFIELD 1000 B°GUEMES CAPITAL -,14,1194,1207,4816
1,CAPITAL,10,BELLA VISTA,INST EDUCACION CORDOBA - MARTIN FERREYRA 216 B°COL DE V SARSFIELD -,19,1208,1226,6536
1,CAPITAL,10,BELLA VISTA,E.N.E.T. N°1 DR A SABATTINI - AV VELEZ SARSFIELD 1490 B°GUEMES CAPITAL -,9,1227,1235,3094
1,CAPITAL,10,BELLA VISTA,ESC MANUEL BELGRANO - SUECIA 2832 PQUE VELEZ SARSFIELD - CORDOBA,11,1236,1246,3773
1,CAPITAL,10A,CABILDO,ESC MUN YAMAHIBIA ARABE LIBIA - COLORADO ESQ GAIMAN B° CABILDO CAPITAL,9,1247,1255,3122
1,CAPITAL,10A,CABILDO,IPEM 311 - USUAHIA 2150 B° CABILDO - CORDOBA,6,1256,1261,2076
1,CAPITAL,10B,CIUDADELA,ESC PCIA DE CATAMARCA - AV VELEZ SARSFIELD 3582 B°LAS FLORES CAPITAL -,17,1262,1278,5887
1,CAPITAL,10B,CIUDADELA,ESC REPUBLICA DE SIRIA - TRAFUL 908 B° PQUE ATLANTICA - CORDOBA,6,1279,1284,2076
1,CAPITAL,10B,CIUDADELA,ESC GDOR J B BUSTOS - CACHEUTA Y BRANDAN- B° ALTO VELEZ SARSFI -,11,1285,1295,3806
1,CAPITAL,10B,CIUDADELA,J DE INF REPUBLICA DE SIRIA - VIRGILIO MOYANO 830 B° RESIDENCIAL VELEZ -,1,1296,1296,346
1,CAPITAL,10C,COMERCIAL,ESC ALEJANDRO CARBO - ICHO CRUZ 80 B° COMERCIAL CAPITAL - CORDOBA,16,1297,1312,5480
1,CAPITAL,10C,COMERCIAL,ESC MUNIC AZOR GRIMAUT - SOBREMONTE 6100 B°COMERCIAL CAPITAL -,5,1313,1317,1710
1,CAPITAL,10D,CONGRESO,ESC MUNIC REPUBLICA DE ITALIA - REALICO 2250 B°CONGRESO CAPITAL -,7,1318,1324,2323
1,CAPITAL,10D,CONGRESO,"IPEM 183""PEDRO B.PALACIOS"" - REALICO - 2407 B°CONGRESO CAPITAL - CORDOBA",4,1325,1328,1324
1,CAPITAL,10E,ESTACION FLORES,ESC CADETES FUERZA AEREA - LEOPOLDO CASAVEGA 2320 VILLA ADELA CAPITAL,11,1329,1339,3776
1,CAPITAL,10E,ESTACION FLORES,ESC PADRE BURON - AVIADOR MIRA 2658 B°VILLA ADELA CAPITA - CORDOBA,8,1340,1347,2744
1,CAPITAL,10E,ESTACION FLORES,J DE INF CADETES FUERZA AEREA - LEOPOLDO CASAVEGA 2320 B° VILLA ADELA -,2,1348,1349,686
1,CAPITAL,10E,ESTACION FLORES,ESC ALAS ARGENTINA - BONN 4627 B°ESTACION FLORES - CORDOBA,12,1350,1361,4116
1,CAPITAL,10E,ESTACION FLORES,ESC MUNIC CESAR E ROMERO - AV ROSARIO DEL DORADO 6052 B°SACCHI CAPITAL,7,1362,1368,2401
1,CAPITAL,10F,MATIENZO,ESC AERONAUTICA ARGENTINA - ESMERALDA ESQ DIAZ DE LA FUENTE B°,10,1369,1378,3420
1,CAPITAL,10F,MATIENZO,COL NUESTRA SEÑORA DE FATIMA - VARELA ORTIZ 2600 B°MATIENZO CAPITAL -,13,1379,1391,4446
1,CAPITAL,10F,MATIENZO,ESC REPUBLICA ARGENTINA - VARELA ORTIZ 2112 B°AMEGHINO(S)CAPITAL -,7,1392,1398,2393
1,CAPITAL,10F,MATIENZO,ESC MIGUEL A ZABALA ORTIZ - DIAZ DE LA FUENTE 3101 B!MATIENZO CAPITAL -,8,1399,1406,2728
1,CAPITAL,10G,OBSERVATORIO,E.N.E.T. N° 4 COPERNICO - MARIANO MORENO 551 B°OBSERVATORIO CAP -,26,1407,1432,9100
1,CAPITAL,10G,OBSERVATORIO,EE UU DE NORTEAMERICA - LA PAMPA 550 B°PASOS DE LOS ANDES - CORDOBA,9,1433,1441,3142
1,CAPITAL,10G,OBSERVATORIO,COL NUESTRA SEÑORA DE NIEVA - AYACUCHO 442 B° GUEMES CAPITAL -,18,1442,1459,6282
1,CAPITAL,10G,OBSERVATORIO,ESC ADOLFO SALDIAS - BOLIVAR 896 B°GUEMES CAPITAL - CORDOBA,8,1460,1467,2792
1,CAPITAL,10H,PARQUE CAPITAL,ESC GDOR EMILIO OLMOS - AV FUERZA AEREA 2229 B° PQUE CAPITAL - CORDOBA,10,1468,1477,3460
1,CAPITAL,10H,PARQUE CAPITAL,ESC R ESCALADA DE SAN MARTIN - ESPORA 2283 B°ROSEDAL CAPITAL - CORDOBA,13,1478,1490,4498
1,CAPITAL,10H,PARQUE CAPITAL,ESC MUNIC DR A DEL CASTILLO - OCTAVIANO NAVARRO 2575 B°AMPL ROSEDAL,7,1491,1497,2422
1,CAPITAL,10H,PARQUE CAPITAL,IPEM 154 MARTIN M DE GUEMES - O NAVARRO 2751 ROSEDAL ANEXO CAPIT -,6,1498,1503,2076
1,CAPITAL,10I,PARQUE HORIZONTE,PRIMARIA ELPIDIO TORRES - CALLE PUBLICA S/N SMATA I CAPITAL - CORDOBA,12,1504,1515,4200
1,CAPITAL,10I,PARQUE HORIZONTE,INST. SAN JOSE ARTESANO - HUILICHES 1021 B° LOS OLMOS CAPITAL - CORDOBA,6,1516,1521,2100
1,CAPITAL,10I,PARQUE HORIZONTE,IPEM 357 (SEC ELPIDIO TORRES) - CALLE PUBLICA S/N SMATA I CAPITAL -,13,1522,1534,4550
1,CAPITAL,10J,SANTA ISABEL,ESC BANDERA ARGENTINA - CASADO 2118 B° SANTA ISABEL 1SEC - CORDOBA,11,1535,1545,3762
1,CAPITAL,10J,SANTA ISABEL,ESCUELA DON ORIONE - J.B.COTTOLENGO 1955 CAPITAL - CORDOBA,12,1546,1557,4100
1,CAPITAL,10J,SANTA ISABEL,ESC MUNIC FERNANDEZ ORDOÑEZ - CASA BLANCA ESQ ISLA VERDE 2DA SECC,7,1558,1564,2387
1,CAPITAL,10J,SANTA ISABEL,ESC.OSVALDO JORGE LEON - COLORADO ESQ CATAMARCA BºSANTA ISABEL,7,1565,1571,2387
1,CAPITAL,10K,VICOR,ESC BENITO SORIA - BARBADOS Y HAITI 3200 B°PARQUE FUTURA - CORDOBA,12,1572,1583,4142
1,CAPITAL,10K,VICOR,COLEGIO PRIVADO SAN ISIDRO - ARMADA ARGENTINA 3648 B°PARQUE FUTURA -,5,1584,1588,1725
1,CAPITAL,10L,VILLA EL LIBERTADOR,IPEM 360-PROF E TOLEDO - DEFENSA Y CACHEUTA. B°V V LIBERTADOR CAP -,6,1589,1594,2082
1,CAPITAL,10L,VILLA EL LIBERTADOR,ESC PROV DE SGO DEL ESTERO - PABLO DE MAURO 558 B° VILLA LIBERTADOR -,8,1595,1602,2776
1,CAPITAL,10L,VILLA EL LIBERTADOR,ESC MARTA JUANA GONZALEZ - DEFENSA Y CACHEUTA 1091 B°VILLA LIBERTADOR,10,1603,1612,3470
1,CAPITAL,10L,VILLA EL LIBERTADOR,ESC MUNIC ALICIA MOREAU DE JUS - PILCOMAYO Y DEFENSA ESQ C IBARRA B°,8,1613,1620,2776
1,CAPITAL,10L,VILLA EL LIBERTADOR,ESC PTE DR ARTURO U ILLIA - TOTORAL Y ARICA B°SANTA ROSA CAPITAL -,11,1621,1631,3817
1,CAPITAL,10L,VILLA EL LIBERTADOR,INST SAN JOSE OBRERO - ARANI Y PJE. 17 B°VILLA LIBERTADOR - CORDOBA,6,1632,1637,2076
1,CAPITAL,10L,VILLA EL LIBERTADOR,J DE INF DR ARTURO U ILLIA - ARICA Y TOTORAL B° SANTA ROSA CAPIT -,4,1638,1641,1384
1,CAPITAL,10L,VILLA EL LIBERTADOR,ESC VICENTE FORESTIERI - RIO NEGRO 5800 B°VILLA LIBERTADOR - CORDOBA,9,1642,1650,3114
1,CAPITAL,10L,VILLA EL LIBERTADOR,IPEM 123BLANCA ETCHEMENDI - IBARRA ESQUINA COSQUIN B°V LEBERTADOR -,10,1651,1660,3460
1,CAPITAL,10L,VILLA EL LIBERTADOR,ESC PATRICIAS MENDOCINAS - IBARRA ESQ FORESTIERI VILLA EL LIBERTADOR -,6,1661,1666,2076
1,CAPITAL,10M,AMPLIACION CABILDO,ESC PRIMARIA GRACIELA DEL RIO - PUBLICA S/N 0 B°AMPLIACION CABILDO -,7,1667,1673,2180
1,CAPITAL,11,AERONAUTICO,ESC ISABEL LA CATOLICA - SUBOF OTANO S/N° B°AERONAUTICO CAPIT -,14,1674,1687,4890
1,CAPITAL,11A,ALTO ALBERDI,ESC PQUIAL SAN JOSE - VELEZ 252 B°A ALBERDI CAPITAL - CORDOBA,12,1688,1699,4176
1,CAPITAL,11A,ALTO ALBERDI,ESC SUP DE COMERCIO H VIEYTES - CASEROS Y VIEYTES 185 B°A ALBERDI,10,1700,1709,3480
1,CAPITAL,11A,ALTO ALBERDI,ESC BLAS PARERA - MONS DE ANDREA 1044 B°A ALBERDI CAPITAL - CORDOBA,7,1710,1716,2436
1,CAPITAL,11A,ALTO ALBERDI,ESC SAN JOSE - CASEROS 3055 B°A ALBERDI CAPITAL - CORDOBA,12,1717,1728,4176
1,CAPITAL,11A,ALTO ALBERDI,ESC SAN LUIS GONZAGA - SANTA ROSA 2035 B°A ALBERDI CAPITAL - CORDOBA,9,1729,1737,3132
1,CAPITAL,11A,ALTO ALBERDI,ESC JOSE MARIA PAZ - AV COLON 2772 B°A ALBERDI CAPITAL - CORDOBA,15,1738,1752,5206
1,CAPITAL,11A,ALTO ALBERDI,ESC MOYANO COUDERT - DUARTE QUIROS 3947 B°LAS PALMAS CAPITAL -,3,1753,1755,1041
1,CAPITAL,11B,DON BOSCO,INSTITUTO TECNICO DON BOSCO - J VESPIGNANI 251 B°DON BOSCO CAPITAL -,9,1756,1764,3088
1,CAPITAL,11B,DON BOSCO,ESC ANTARTIDA ARGENTINA - CAMINO A LA CALERA S/N KM 6 B°GENERAL DEHEZA,11,1765,1775,3773
1,CAPITAL,11C,LAS PALMAS,ESC GRAL SAN MARTIN - AV COLON 4751 B°AMPL LAS PALMAS - CORDOBA,12,1776,1787,4195
1,CAPITAL,11C,LAS PALMAS,ESC MANUEL E PIZARRO - DUARTE QUIROS 4325 B°LAS PALMAS CAPITAL -,15,1788,1802,5235
1,CAPITAL,11C,LAS PALMAS,ESC MUNIC JUSTO PAEZ MOLINA - QUEBRACHO HERRADO Y YAVI B°AMPL LAS,7,1803,1809,2443
1,CAPITAL,11C,LAS PALMAS,IPEM MARCELA B. MOYANO COUDERT - DUARTE QUIROS 3947 B°LAS PALMAS,7,1810,1816,2443
1,CAPITAL,11D,LOS NARANJOS,INST JESUS MARIA - VIEYTES SUD 1635 B°LOS NARANJOS CAPIT - CORDOBA,18,1817,1834,6242
1,CAPITAL,11D,LOS NARANJOS,ESC REPUBLICA DEL PERU - GOYENA Y GOMEZ CARRILLO LOS NARANJOS CAPITAL,12,1835,1846,4152
1,CAPITAL,11D,LOS NARANJOS,ESC SANTISIMA TRINIDAD - BLAMEY LAFORE - 1248 B°SAN RAFAEL B.CAPIT -,7,1847,1853,2422
1,CAPITAL,11E,LOS PLATANOS,ESC B DE MONTEAGUDO - SAN LUIS - 3450 B°LOS PLATANOS CAPIT - CORDOBA,12,1854,1865,4164
1,CAPITAL,11E,LOS PLATANOS,ESC JOSE MARMOL - AV LOS PLATANOS 1346 B°L PLATANOS CAPITAL - CORDOBA,11,1866,1876,3817
1,CAPITAL,11E,LOS PLATANOS,ESC A CAPDEVILA - ALBERTO WILLIAMS ESQ.LOS PLATANOS B°LOS PLATANOS,7,1877,1883,2429
1,CAPITAL,11E,LOS PLATANOS,ESC PADRE T GAMBINO - ISEAS 1550 B°LOS GRANADOS CAPIT - CORDOBA,10,1884,1893,3461
1,CAPITAL,11E,LOS PLATANOS,ESC.MUNIC.DR.CARLOS BECERRA - GAONA 1283 B° LOS PLATANOS - CORDOBA,7,1894,1900,2422
1,CAPITAL,11F,LOS ROBLES,IPEM 205 HUGO PALLADINO - 27 DE ABRIL 5300 B°SAN IGNACIO - CORDOBA,11,1901,1911,3760
1,CAPITAL,11F,LOS ROBLES,COL SAN BUENAVENTURA - AV DON BOSCO 5001 B° ALTO DE SANTA ANA -,4,1912,1915,1364
1,CAPITAL,11F,LOS ROBLES,ESC BATERIA LIBERTAD - POTRERILLO Y VENTA Y MEDIA B°TEODORO FELS -,10,1916,1925,3410
1,CAPITAL,11G,PARQUE REPUBLICA,ESC PRIMER TTE AVILA - QUINCHAN 1070 B°PQUE REPUBLICA - CORDOBA,8,1926,1933,2789
1,CAPITAL,11G,PARQUE REPUBLICA,ESC PEREZ BULNES - J DE BARRIENTOS ESQ FORMOSA B° LAS VIOLETAS -,12,1934,1945,4176
1,CAPITAL,11G,PARQUE REPUBLICA,ESC ATILIO ARGÜELLO - LLANQUELEN 5100 B°PARQUE REPUBLICA - CORDOBA,10,1946,1955,3480
1,CAPITAL,11G,PARQUE REPUBLICA,JARDIN TTE. AVILA - ALTO ALEGRE 1079 PARQUE REPUBLICA - CORDOBA,2,1956,1957,696
1,CAPITAL,11G,PARQUE REPUBLICA,JORGE LUIS BORGES (IPEM 41) - ALTO ALEGRE/NAMUNCURA 1071 PQUE,6,1958,1963,2088
1,CAPITAL,11G,PARQUE REPUBLICA,CURACA LINO ACEVEDO - PUBLICA ESQ DOCENTES ARGENTINOS B°LOS ROBLES -,3,1964,1966,1044
1,CAPITAL,11H,QUEBRADA LAS ROSAS,ESC GABRIELA MISTRAL - 27 DE ABRIL 5650 B°QUEB DE LAS ROSAS - CORDOBA,10,1967,1976,3453
1,CAPITAL,11H,QUEBRADA LAS ROSAS,ESC REPUBLICA DE VENEZUELA - BOYERO - 517 B°CHATEAU CARRERAS -,10,1977,1986,3450
1,CAPITAL,11I,RESIDENCIAL SAN ROQUE,ESC MUNIC LUZ VIEYRA MENDEZ - ABEL N DE CHAVEZ B°RES SAN ROQUE CAP -,11,1987,1997,3828
1,CAPITAL,11I,RESIDENCIAL SAN ROQUE,ESC MAURO FERNANDEZ - AVIADOR ALBARRACIN 4227 B°RES SAN ROQUE CAP -,10,1998,2007,3480
1,CAPITAL,11I,RESIDENCIAL SAN ROQUE,J DE INF MAURO FERNANDEZ - GONZALEZ ALBARRACIN Y R ARIAS RSR B° SAN,2,2008,2009,695
1,CAPITAL,11I,RESIDENCIAL SAN ROQUE,ESC.REPUBLICA DEL ECUADOR - HURTADO DE MENDOZA ESQ PEDRO ACUÑA B°,10,2010,2019,3470
1,CAPITAL,11I,RESIDENCIAL SAN ROQUE,IPEM 129 HEROES DE MALVINAS - AV PETTIROSSI ESQ NOBILE 1050 B°V MARTINEZ,6,2020,2025,2082
1,CAPITAL,11I,RESIDENCIAL SAN ROQUE,IPEM 321 BRIG JUAN M DE ROSAS - CAMILOTTI ESQ SANTIBAÑEZ 4300 B°SAN,8,2026,2033,2776
1,CAPITAL,11J,SANTA ANA,ESC ROMA - ECHEVERRIA 370 B°ALTO ALBERDI CAPIT - CORDOBA,17,2034,2050,5848
1,CAPITAL,11J,SANTA ANA,ESC LUTERANO CONCORDIA - SANTA ANA 2011 B°ALTO ALBERDI CAPI - CORDOBA,16,2051,2066,5488
1,CAPITAL,11J,SANTA ANA,COLEGIO SAN JOSE - SOL DE MAYO 726 B°ALTO ALBERDI - CORDOBA,12,2067,2078,4116
1,CAPITAL,11J,SANTA ANA,ESC GENERAL MOSCONI - ROBIN FERREYRA 2324 B°ALTO ALBERDI - CORDOBA,6,2079,2084,2058
1,CAPITAL,11K,VILLA GRAL URQUIZA,ESC EJERCITO ARGENTINO - LA RIOJA - 3453 B°V SIBURU CAPITAL - CORDOBA,8,2085,2092,2800
1,CAPITAL,11K,VILLA GRAL URQUIZA,ESC MUNIC E BAQUERO LASCANO - HUMBERTO 1° ESQ IROS B°VILLA URQUIZA,7,2093,2099,2450
1,CAPITAL,11K,VILLA GRAL URQUIZA,ESC MUNIC JUAN B JUSTO - INT RAMON B MESTRE S/N B°SIBURU CAPITAL -,7,2100,2106,2450
1,CAPITAL,11K,VILLA GRAL URQUIZA,COL MADRE PAULA MONTAL - HUMBTO PRIMO Y FALUCHO B°V ALBERDI CAPITAL -,7,2107,2113,2443
1,CAPITAL,11K,VILLA GRAL URQUIZA,IPEM 318 COMBATE DE LA TABLADA - LA TABLADA 4861 B°V.URQUIZA CAPITAL -,4,2114,2117,1396
1,CAPITAL,11L,COUNTRYS DEL OESTE,INST.MARIA DE NAZARET - LOS ALAMOS 1111 B° LA RUFINA - CORDOBA,9,2118,2126,2905
1,CAPITAL,11M,VALLE ESCONDIDO,ESC.S TURISMO Y HOT.M.PACHECO - AV.CARCANO 3590 PREDIO FERIAR -,8,2127,2134,2744
1,CAPITAL,11M,VALLE ESCONDIDO,INSTITUTO VILLADA - AV REPUBLICA DE CHINA S/N B° VALLE ESCONDIDO -,8,2135,2142,2741
1,CAPITAL,12,AVELLANEDA,ESC JUAN XXIII - BENAVIDEZ Y CONESA - B°LOS SAUCES CAPITAL - CORDOBA,12,2143,2154,4056
1,CAPITAL,12,AVELLANEDA,ESC CONSTANCIO C VIGIL - J.LLERENA - 5561 B°SAN LORENZO CAPIT - CORDOBA,8,2155,2162,2704
1,CAPITAL,12,AVELLANEDA,ESC MUNIC OSCAR SOTO LOPEZ - LOS CALDENES ESQ LOS ALGARROBOS 5320 B°,8,2163,2170,2703
1,CAPITAL,12A,CARCANO,JARDIN PROFESOR MIGUEL LUCIANI - 11 DE SEPTIEMBRE 4461 BARRIO CARCANO -,2,2171,2172,664
1,CAPITAL,12A,CARCANO,ESC.MA.DEL TRANSITO CABANILLAS - PASCUAL RUIZ HUIDOBRO ESQ SAN ANDRES,3,2173,2175,993
1,CAPITAL,12A,CARCANO,ESC.PROF.M.LUCIANI - 11 DE SEPTIEMBRE ESQ. CALLE 2 4451 B° CARCANO,4,2176,2179,1324
1,CAPITAL,12A,CARCANO,ESC.MA.DEL TRANSITO CABANILLAS - PASCUAL RUIZ HUIDOBRO ESQ SAN ANDRES,9,2180,2188,2979
1,CAPITAL,12B,COLON,ESC RUBEN DARIO - LA CORUÑA Y MONSERRAT 1416 B°CRISOL SUR - CORDOBA,13,2189,2201,4524
1,CAPITAL,12B,COLON,INST NTRA SRA DEL SGDO CORAZON - REVOLUCION DE MAYO 1476 B°CRISOL SUD,17,2202,2218,5916
1,CAPITAL,12B,COLON,ESC BARTOLOME HIDALGO - TEJEDOR 1958 B°SARMIENTO CAPITAL - CORDOBA,7,2219,2225,2430
1,CAPITAL,12B,COLON,ESC JUAN LARREA - LUIS BRAILE 2273 B°RIVADAVIA CAPITAL - CORDOBA,8,2226,2233,2776
1,CAPITAL,12B,COLON,ESC HILARIO ASCASUBI - LUCIO V.MANSILLA ESQ. CADIZ B° COLON - CORDOBA,10,2234,2243,3470
1,CAPITAL,12B,COLON,INST MANUEL BELGRANO - LUIS BRAILE 2384 B°RIVADAVIA CAPITAL - CORDOBA,8,2244,2251,2776
1,CAPITAL,12B,COLON,ESC DR LUIS A CAEIRO - ORTIZ Y HERRERA 1932 B°INDUSTRIAL - CORDOBA,2,2252,2253,694
1,CAPITAL,12C,CORONEL OLMEDO,IPEM 124.ADELA ROSA DE LA VEGA - AV IDELFONSO MUÑECAS B°CORONEL,14,2254,2267,4709
1,CAPITAL,12D,JOSE IGNACIO DIAZ,ESC MONSEÑOR M DE ANDREA - 17 DE JULIO 3980 B° FVRO MITRE - CORDOBA,10,2268,2277,3490
1,CAPITAL,12D,JOSE IGNACIO DIAZ,ESC PEDRO GOYENA - PJE GUASTONI 3472 B°CORRAL DE PALOS - CORDOBA,14,2278,2291,4886
1,CAPITAL,12D,JOSE IGNACIO DIAZ,ESC MUNICIPAL DR A SABATTINI - DIEGO DE PACHECO 4900 B°SAN FELIPE CAPITAL,8,2292,2299,2792
1,CAPITAL,12D,JOSE IGNACIO DIAZ,ESC MUNIC DR ARTURO H ILLIA - CHIRINO DE POSADAS ESQ.MAGUNA 2755 B° JOSE,8,2300,2307,2788
1,CAPITAL,12D,JOSE IGNACIO DIAZ,ESC MUNIC DOMINGO F SARMIENTO - ABARCA Y VELAZCO 5267 B°JOSE I DIAZ -,7,2308,2314,2436
1,CAPITAL,12D,JOSE IGNACIO DIAZ,CENTRO.ING.REGINO M.MADERS - CHIRINO DE POSADAS 5400 B°JOSE I DIAZ -,8,2315,2322,2784
1,CAPITAL,12D,JOSE IGNACIO DIAZ,POETA OSCAR GUIÑAZU ALVAREZ - ASTURIAS 3300 B° FERROVIARIO MITRE -,8,2323,2330,2784
1,CAPITAL,12D,JOSE IGNACIO DIAZ,IPEM N° 309 (FUENTEALBA) - CALLE PUBLICA 0 B° VIPRO CAPITAL - CORDOBA,6,2331,2336,2088
1,CAPITAL,12D,JOSE IGNACIO DIAZ,ESC. MARIA EVA DUARTE - CALLE PUBLICA S/N (CNO 60 CUAD KM3) 0 FAMILIAS,10,2337,2346,3480
1,CAPITAL,12E,FERREYRA,ESC REPUBLICA DE COSTA RICA - RUTA 9 KM 8 1/2 B°25 DE MAYO CAPITAL -,5,2347,2351,1715
1,CAPITAL,12E,FERREYRA,ESC LIBERTADOR GRAL S MARTIN - SGO MORALES 4400 B°FERREYRA CAPITAL -,9,2352,2360,3079
1,CAPITAL,12E,FERREYRA,J DE INF LIBERTADOR SAN MARTIN - SGO MORALES 4400 B°FERREYRA CAPITAL -,1,2361,2361,342
1,CAPITAL,12F,JOSE HERNANDEZ,ESC MUNIC E MOLINARI ROMERO - PAMPAYASTA Y RUMIPAL B°OÑA CAPITAL -,9,2362,2370,3123
1,CAPITAL,12F,JOSE HERNANDEZ,ESC MUNIC BRIG JUAN I DE S MAR - BRAGADO/TRENQUE LAUQUEN B° J.,7,2371,2377,2429
1,CAPITAL,12F,JOSE HERNANDEZ,ESC GRAL MANUEL BELGRANO - OLAEN Y AMBOY - 3230 B°OÑA CAPITAL -,11,2378,2388,3817
1,CAPITAL,12F,JOSE HERNANDEZ,ESC EJERCITO ARGENTINO - CASTAÑARES - 470 B°JARDIN DEL PILAR - CORDOBA,8,2389,2396,2776
1,CAPITAL,12F,JOSE HERNANDEZ,ESC ESPECIAL DR JERONIMO DE MORAGAS - PAMPAYASTA 3180 - CORDOBA,8,2397,2404,2768
1,CAPITAL,12F,JOSE HERNANDEZ,IPEM 167 JOSE MANUEL ESTRADA - B. DE O HIGGINS 2632 B° VILLA REVOL -,10,2405,2414,3460
1,CAPITAL,12F,JOSE HERNANDEZ,ESCUELA ADVENTISTA HECTOR RHYS - TANINGA 3152 B° OÑA CAPITAL - CORDOBA,6,2415,2420,2076
1,CAPITAL,12G,ITUZAINGO,ESC PRIMARIA CARLOS M DE ALVEA - VUCETICH 6410 B°ITUZAINGO CAPITAL -,7,2421,2427,2394
1,CAPITAL,12G,ITUZAINGO,ESC EJERCITO ARGENTINO - STEPHENSON Y FULTON 6900 B°ITUZAINGO CAPITAL -,15,2428,2442,5122
1,CAPITAL,12G,ITUZAINGO,ESC SECUNDARIA CARLOS M DE ALV - FARADAY 5721 B°LOS EUCALITUS CAP -,6,2443,2448,2046
1,CAPITAL,12G,ITUZAINGO,ESC DR IGNACIO DUARTE QUIROS - FARADAY 5168 B°ITUZAINGO ANEXO -,5,2449,2453,1705
1,CAPITAL,12H,LOS CERVECEROS,ESC MADRE TERESA DE CALCUTA - PALAMARA 2900 B° AMPL CERVECEROS -,9,2454,2462,3150
1,CAPITAL,12H,LOS CERVECEROS,ESC RAUL A FERREYRA - PUBLICA S/N -ALTURA AV O HIGGINS 3500 B° SEP CAPITAL,9,2463,2471,3150
1,CAPITAL,12H,LOS CERVECEROS,ESC JOSE M ESTRADA - AV B DE O HIGGINS KM 8 1/2 CAPITAL - CORDOBA,7,2472,2478,2450
1,CAPITAL,12H,LOS CERVECEROS,J DE INF RAUL A.FERREYRA - B DE O HIGGINS 3500 B°SEP CAPITAL - CORDOBA,3,2479,2481,1050
1,CAPITAL,12H,LOS CERVECEROS,ESC.DR.NICOLAS AVELLANEDA - CNO.S.CARLOS KM. 4 1/2 CAPITAL - CORDOBA,6,2482,2487,2097
1,CAPITAL,12I,CIUDAD DE MIS SUEÑOS,ESC. PRIMARIA MARIA SALEME - RUTA 9 KM 690 CIUDAD DE MIS SUEÑOS -,8,2488,2495,2688
1,CAPITAL,13,LEANDRO N. ALEM,ESC PADRE DIEGO DE TORRES - DIAG ICA Y CAMICALTA 1650 B°L.N.ALEN CAPITAL -,12,2496,2507,4092
1,CAPITAL,13,LEANDRO N. ALEM,ESC ARISTOBULO DEL VALLE - M DE JAUREGUI 1657 B°TALLERES E - CORDOBA,10,2508,2517,3405
1,CAPITAL,13,LEANDRO N. ALEM,ESC ASOCIACION DE MAYO - COLOMPREA 1240 B°ALEM CAPITAL - CORDOBA,5,2518,2522,1700
1,CAPITAL,13A,AYACUCHO,ESC HENOCH D AGUIAR - J DE OLMEDO 650 B°LOS GIGANTES CAPIT - CORDOBA,10,2523,2532,3435
1,CAPITAL,13A,AYACUCHO,ESC FRANCISCO A RIZZUTO - FDO DE LESSEPS 140 B°CENTRO AMERICA CAP -,10,2533,2542,3430
1,CAPITAL,13A,AYACUCHO,ESC R SANCHEZ DE CALDELARI - ALVAREZ DE LAS CASAS 280 B°AYACUCHO,11,2543,2553,3773
1,CAPITAL,13A,AYACUCHO,ESC P ALBARRACIN DE SARMIENTO - NERUDA Y ACAMPES B°V.AZALAIS OESTE -,12,2554,2565,4116
1,CAPITAL,13A,AYACUCHO,ESC MUNIC DR P CARANDE CARRO - MARTINEZ PAZ 80 B°CENTRO AMERICA CAP -,6,2566,2571,2058
1,CAPITAL,13B,EL GATEADO,ESC FLORENCIO SANCHEZ - RUTA 111 KM 12 EL GATEADO CAPITAL - CORDOBA,1,2572,2572,124
1,CAPITAL,13C,GENERAL BUSTOS,ESC CAPITAL FEDERAL - MAURICIO YADAROLA 653 B°GRAL BUSTOS CAPIT -,11,2573,2583,3784
1,CAPITAL,13C,GENERAL BUSTOS,ESC CRISTO REY - CURA BROCHERO 753 B°GRAL BUSTOS CAPIT - CORDOBA,7,2584,2590,2406
1,CAPITAL,13C,GENERAL BUSTOS,ESC ALEJO CARMEN GUZMAN - AUGUSTO LOPEZ 643 B°GRAL BUSTOS CAPIT -,11,2591,2601,3773
1,CAPITAL,13C,GENERAL BUSTOS,COLEGIO HORTUS CONCLUSUS - GIANELLI 551 B°GRAL BUSTOS CAPIT - CORDOBA,11,2602,2612,3773
1,CAPITAL,13D,JARDIN ARENALES,ESC MUNIC J GONZALEZ - EL CRESPIN S/N B°ARENALES CAPITAL - CORDOBA,4,2613,2616,1264
1,CAPITAL,13D,JARDIN ARENALES,I.P.E.A.N°14 DR CESAR CUESTA CARNERO - EL CRESPIN 3747 JARDIN ARENALES -,5,2617,2621,1578
1,CAPITAL,13E,LA DOROTEA,ESC REPUBLICA DE LA INDIA - CNO MONTE CRISTO KM 5 B°V CLAUDINA CAPITAL -,4,2622,2625,1276
1,CAPITAL,13F,NUEVA ITALIA,ESC MODELO RACING - ANTONIO YUDICELLO EX TREDENTINA 2160 B°NUEVA ITALIA,9,2626,2634,3096
1,CAPITAL,13F,NUEVA ITALIA,ESC SGTO CABRAL - P DE LEDESMA 1755 B°P.M.CRISTO CAPITAL - CORDOBA,8,2635,2642,2747
1,CAPITAL,13F,NUEVA ITALIA,IPEM 159.ARISTOBULO DEL VALLE - DIAZ COLODRERO 2586 B°VIVERO NORTE -,6,2643,2648,2058
1,CAPITAL,13G,PARQUE LICEO,ESC RICARDO ROJAS - ALFONCINA STORNI ESQ ZORRILLA SM 820 B°LICEO 2SECC.,14,2649,2662,4844
1,CAPITAL,13G,PARQUE LICEO,ESC ESPIRITU SANTO - ISAAC 4847 PQUE LICEO 1RA SECC - CORDOBA,25,2663,2687,8632
1,CAPITAL,13G,PARQUE LICEO,ESC MUNIC GDOR A ZANICHELLI - STORNI 1300 B°PQUE LICEO 3R SECC -,7,2688,2694,2415
1,CAPITAL,13G,PARQUE LICEO,IPEM 21 ALFONSINA STORNI - BARTOLOME HIDALGO/ATALIVA HERRERA PQUE,10,2695,2704,3450
1,CAPITAL,13H,PATRICIOS,ESC JOSE MARIA PAZ - USANDIVARAS 2254 B°PATRICIOS CAPITAL - CORDOBA,11,2705,2715,3839
1,CAPITAL,13H,PATRICIOS,COL HIJAS DE MARIA INMACULADA - MADRE BRIGIDA PASTORINO 2733 B° VILLA,15,2716,2730,5235
1,CAPITAL,13H,PATRICIOS,ESC PARROQUIAL SAN ROQUE - USANDIVARAS 2050 B° VILLA CORINA CAPI -,8,2731,2738,2792
1,CAPITAL,13H,PATRICIOS,ESC MANUEL BELGRANO - ABRAMO 2545 B°BELGRANO - CORDOBA,12,2739,2750,4188
1,CAPITAL,13H,PATRICIOS,ESC MUNIC DR D LATELLA FRIAS - EUSTAQUI DIAZ VELEZ 2500 B° PATRICIOS ESTE,4,2751,2754,1393
1,CAPITAL,13I,SAN JORGE,ESC MUNIC JORGE LUIS BORGES - BARRANCA DEL PARANA 3193 B° SAN JORGE -,7,2755,2761,2366
1,CAPITAL,13I,SAN JORGE,ESC MUNIC DR ALFREDO ORGAZ - JULIAN LAGUNA 2600 B°PQUE SAN JORGE II -,7,2762,2768,2364
1,CAPITAL,13I,SAN JORGE,ESC MUNIC. MONSEÑOR ANGELELLI - FEDERICO RAUCH 2790 ARTURO CAPDEVILA,4,2769,2772,1348
1,CAPITAL,13J,VILLA AZALAIS,ESC A CAPDEVILA/ DR. B HOUSEY - A CAPDEVILA 724 B° V AZALAIS CAPITAL -,11,2773,2783,3828
1,CAPITAL,13J,VILLA AZALAIS,ESC CURA BROCHERO - JAMAICA 967 B°RESID AMERICA CAP - CORDOBA,12,2784,2795,4176
1,CAPITAL,13J,VILLA AZALAIS,ESC GDOR H DEL CASTILLO - GELLY Y OBES 3110 B° V.AZALAIS CAPITAL -,9,2796,2804,3132
1,CAPITAL,13J,VILLA AZALAIS,ESC PARROQUIAL L STUCCHI BAUDO - PAYSANDU 860 B°RESID AMERICA CAP -,12,2805,2816,4176
1,CAPITAL,13J,VILLA AZALAIS,ESC JUSTO PAEZ MOLINA - J MONTAÑO 1350 B°V.AZALAIZ CAPITAL - CORDOBA,12,2817,2828,4176
1,CAPITAL,13J,VILLA AZALAIS,ESC VICENTE F LOPEZ - TISSERA 1551 B°L.N.ALEM CAPITAL - CORDOBA,15,2829,2843,5210
1,CAPITAL,13J,VILLA AZALAIS,ESC MUNIC J A PAREDES - FCO DEL PRADO 3900 B°V.AZALAIS CAPITAL - CORDOBA,8,2844,2851,2776
1,CAPITAL,13J,VILLA AZALAIS,I.P.E.T N° 70 - AV JUAN B JUSTO 4350 B° V AZALAIS OESTE - CORDOBA,13,2852,2864,4511
1,CAPITAL,13K,VILLA ESQUIU,DR JOSE RAMON IBAÑEZ - CAPDEVILLA KM 9 1/2 B°V.ESQUIU CAPITAL - CORDOBA,7,2865,2871,2400
1,CAPITAL,13L,VILLA GRAN PARQUE,ESC JORGE WASHINGTON ABALOS - AV JUAN B JUSTO RUTA 9 NORTE 8500,2,2872,2873,466
1,CAPITAL,13M,CAMINO A COLONIA TIROLESA,ESC OLEGARIO V ANDRADE - CNO SGO DEL ESTERO KM 7 1/2 VILLA RETIRO,2,2874,2875,438
1,CAPITAL,13N,YOFRE,ESC DR ANTONIO NORES - JULIO DE VEDIA 2353 B° STA CLARA DE ASIS - CORDOBA,13,2876,2888,4433
1,CAPITAL,13N,YOFRE,ESC MATEO J LUQUE - JACINTO DE ALTOLAGUIRRE 2089 B°YOFRE NORTE CAP -,9,2889,2897,3068
1,CAPITAL,13O,CHACHAPOYAS,ESC. CARLOS TAGLE ACHAVAL - CALLE PUBLICA S/N MANZANA 22 B°C.DE LOS,5,2898,2902,1473
1,CAPITAL,14,ARGUELLO,COLEGIO LA SALLE - AV MARTINOLI 6602 B°ARGUELLO CAPITAL - CORDOBA,15,2903,2917,5014
1,CAPITAL,14,ARGUELLO,COLEGIO DEL CARMEN - RECTA MARTINOLI 6385 B°ARGUELLO CAPITAL -,7,2918,2924,2338
1,CAPITAL,14A,ARGUELLO NORTE,ESC BRIG SAN MARTIN - DOMINGO MARIMON/GABRIEL ORTEGA B° AUTODROMO,13,2925,2937,4498
1,CAPITAL,14A,ARGUELLO NORTE,ESC RICARDO NASSIF - MARTIN FERMIN 7400 B°ARGUELLO NORTE CAP -,12,2938,2949,4152
1,CAPITAL,14A,ARGUELLO NORTE,ESC HUGO LEONELLI - ALBERTO FAGE/JULIO BEJANELE B°ARGUELLO LOURDES -,9,2950,2958,3114
1,CAPITAL,14A,ARGUELLO NORTE,ESC MARTHA A SALOTTI - JULIO BEJANELLE 6200 B° ARGUELLO NORTE - CORDOBA,13,2959,2971,4498
1,CAPITAL,14A,ARGUELLO NORTE,ESC JAVIER VILLAFAÑE - MANUEL CALVIÑO ESQ MARIMON B° AUTODROMO -,8,2972,2979,2766
1,CAPITAL,14B,ARGUELLO PRIMERO,ESC MARTIN DE GÜEMES - MONTUFAR Y CORONADO 7126 B°QTAS DE ARGUELLO -,8,2980,2987,2728
1,CAPITAL,14B,ARGUELLO PRIMERO,ESC MUNIC RAUL V MARTINEZ - NILO PECANHA 7750 B°QUINTAS ARGUELLO -,8,2988,2995,2722
1,CAPITAL,14B,ARGUELLO PRIMERO,ESC ELISA K DE LIVACK - CUIMAN 6543 B°LA SALLE CAPITAL - CORDOBA,5,2996,3000,1700
1,CAPITAL,14C,ARGUELLO SEGUNDO,INST LA INMACULADA - LEON XIII 8626 QUISQUISACATE - CORDOBA,15,3001,3015,5124
1,CAPITAL,14D,CERRO DE LAS ROSAS,ESC INGENIERO VICTOR REE - FDO FADER 3821 B°CERRO DE LAS ROSAS -,9,3016,3024,3053
1,CAPITAL,14D,CERRO DE LAS ROSAS,ESC JUAN ZORRILA DE SAN MARTIN - JOSE E BUSTOS 1875 B°C.DE LAS ROSAS CAP,10,3025,3034,3390
1,CAPITAL,14E,CERRO NORTE,ESC MODESTA RODRIGUEZ - MALALCO 7261 B°UOCRA CAPITAL - CORDOBA,5,3035,3039,1680
1,CAPITAL,14E,CERRO NORTE,ESC NIÑAS DE AYOHUMA - VALERIO BETA 7300 B°ARGUELLO N. CAP - CORDOBA,9,3040,3048,3024
1,CAPITAL,14E,CERRO NORTE,ESC GERONIMO GRAGERA - MOLLEYACO/PAYEN B°CERRO NORTE CAP - CORDOBA,6,3049,3054,2014
1,CAPITAL,14F,GRANJA DE FUNES,ESC DR ALEJANDRO GALLARDO - AGUSTIN ALCAIN 6032 B°GRANJA DE FUNES -,11,3055,3065,3718
1,CAPITAL,14F,GRANJA DE FUNES,ESC JAVIER LAZCANO COLODRERO - RAIMUNDO CAPARROZ 7309 B°GRANJA,9,3066,3074,3039
1,CAPITAL,14G,LOS BOULEVARES,ESC MUNIC ING MASJOAN - SANTA CATALINA Y LOS SICILIANOS B°LOS,9,3075,3083,3122
1,CAPITAL,14G,LOS BOULEVARES,ESC JUAN MARIA GUTIERREZ - BV LOS ALEMANES 4180 B° LOS BOULEVARES -,9,3084,3092,3114
1,CAPITAL,14G,LOS BOULEVARES,ESC. F. LELOIR ( IPEM 202) - LOS POLACOS 6072 B°VILLA CLARET - CORDOBA,10,3093,3102,3460
1,CAPITAL,14H,MERCANTIL,ESC ARTEMIO ARAN - JACINTO YABEN 6500 MERCANTIL/COOP 2 MAY - CORDOBA,10,3103,3112,3430
1,CAPITAL,14H,MERCANTIL,ESC MUNIC MAESTRO M OLIVA - GABRIEL TOMASSINI 6951 B°MERCANTIL CAPITAL -,5,3113,3117,1715
1,CAPITAL,14I,SANTA CECILIA,ESC MAESTROS PUNTANOS - JULIO VIGGIANO ESSAIN 4590 B°A POETA LUGONES -,7,3118,3124,2450
1,CAPITAL,14I,SANTA CECILIA,ESC MUNIC ARSENIO MURUGARREN - PIZARRO Y GRASS B°SANTA CECILIA CAP -,9,3125,3133,3145
1,CAPITAL,14J,URCA,ESC REPUBLICA DE PANAMA - MARIANO MANSILLA 1025 B° COL DEL CERRO -,7,3134,3140,2422
1,CAPITAL,14J,URCA,ESC REPUBLICA DEL LIBANO - IGARZABAL 1250 B°URCA CAPITAL - CORDOBA,8,3141,3148,2767
1,CAPITAL,14J,URCA,INST SEC REPUBLICA DE ITALIA - DONACIANO DEL CAMPILLO 851 B°URCA,8,3149,3156,2760
1,CAPITAL,14K,VILLA ALLENDE PARQUE,ESC MUNIC DR RAUL FERNANDEZ - CRUZ ALTA 8500 B° PQUE V ALLENDE -,8,3157,3164,2688
1,CAPITAL,14K,VILLA ALLENDE PARQUE,JARDIN MATERNAL TRAVESURAS - MULUCHES 9601 VILLA ALLENDE PARQUE -,3,3165,3167,1008
1,CAPITAL,14L,VILLA BELGRANO,ESC NUEVA JUAN MANTOVANI - AVOGADRO Y GAUSS 5725 B° V. BELGRANO CAP -,8,3168,3175,2728
1,CAPITAL,14L,VILLA BELGRANO,ESC RICARDO PALMA - D ALEMBERT Y GAUSS B° V.BELGRANO CAP - CORDOBA,7,3176,3182,2386
1,CAPITAL,14M,VILLA CENTENARIO,INST SAUL TABORDA - OB MOSCOSO Y PERALTA 2772 B° ALTO PALERMO -,12,3183,3194,4106
1,CAPITAL,14M,VILLA CENTENARIO,ESC PRIMERA JUNTA - C DE ARREDONDO 4446 B°PARQUE COREMA - CORDOBA,12,3195,3206,4104
1,CAPITAL,14M,VILLA CENTENARIO,ESC LUZ VIEYRA MENDEZ - OB MOSCOSO Y PERALRA 2772 ALTO PALERMO,4,3207,3210,1368
1,CAPITAL,14N,VILLA CORNU,ESC MUNIC DR HORACIO GARCIA - TABACUE 9162 B° V. CORNU CAPITAL -,8,3211,3218,2639
1,CAPITAL,14N,VILLA CORNU,IPEM 16 MA.SALEME DE BURNICHON - TABACUE 9242 B°VILLA CORNU - CORDOBA,6,3219,3224,1974
1,CAPITAL,14O,VILLA 9 DE JULIO,INSTITUTO LEON XIII - AV BODEREAU 7850 B° VILLA R INDARTE - CORDOBA,9,3225,3233,3085
1,CAPITAL,14O,VILLA 9 DE JULIO,ESC MUNIC SAUL TABORDA - COQUENA 7985 B°VILLA 9 DE JULIO - CORDOBA,8,3234,3241,2736
1,CAPITAL,14O,VILLA 9 DE JULIO,MARIA SANCHEZ MENDEVILLE - E.BODEREAU 7720 VILLA RIVERA INDARTE -,6,3242,3247,2052
1,CAPITAL,14P,VILLA RIVERA INDARTE,ESC MUNIC DR JORGE ORGAZ - LAGUNA LARGA/R LUNA B°V.R.INDARTE CAP -,7,3248,3254,2312
1,CAPITAL,14P,VILLA RIVERA INDARTE,IPEM N° 17 PAULO FREIRE - LAGUNA LARGA ESQ.RINCON DE LUNA B° VILLA R,4,3255,3258,1320
1,CAPITAL,14Q,VILLA WARCALDE,INST. TEC. ISAAC NEWTON - MOLINO DE TORRES 6635 B° VILLA WARCALDE -,4,3259,3262,1306
2,CALAMUCHITA,15,AMBOY,ESC PROV D VELEZ SARFIELD - AYLLU 0 AMBOY - AMBOY,1,3263,3263,281
2,CALAMUCHITA,15A,VILLA AMANCAY,ESC.PROV.R.SAENZ PEÑA - CALLE 6 0 VILLA AMANCAY - VILLA AMANCAY,2,3264,3265,675
2,CALAMUCHITA,16,ATHOS PAMPA,ESC PROV. M.BELGRANO - PUBLICA S/N ATHOS PAMPA - ATOS PAMPA,1,3266,3266,181
2,CALAMUCHITA,16A,VILLA LA MERCED,ESCUELA N° 404 - VILLA LA MERCED VILLA LA MERCED - SOLAR DE LOS MOLINOS,1,3267,3267,88
2,CALAMUCHITA,16B,CHAMPAQUI,ESC.PROV. F.AMEGHINO - CALLE S/N CHAMPAQUI - CERRO CHAMPAQUI,1,3268,3268,12
2,CALAMUCHITA,16C,VILLA BERNA,ESC. JOAQUIN V. GONZALEZ - PUBLICA S/N 0 VILLA BERNA - VILLA BERNA,1,3269,3269,103
2,CALAMUCHITA,17,EMBALSE,IPEA Y T 347 - J LUIS DE CABRERA ESQ ACONCAGUA EMBALSE - EMBALSE,12,3270,3281,4151
2,CALAMUCHITA,17,EMBALSE,ESCUELA B. ROLDAN - TUCUMAN 121 EMBALSE - EMBALSE,10,3282,3291,3450
2,CALAMUCHITA,18,LA CRUZ,ESC PROV DOMINGO F SARMIENTO - SARMIENTO 376 LA CRUZ - LA CRUZ,3,3292,3294,960
2,CALAMUCHITA,18,LA CRUZ,INST DR D VELEZ SARSFIELD - SARMIENTO 236 LA CRUZ - LA CRUZ,2,3295,3296,640
2,CALAMUCHITA,18A,LUTTI,ESC. PROV. L. LUGONES - PUBLICA 0 LUTTI - LUTTI,1,3297,3297,163
2,CALAMUCHITA,18B,CALERAS DE CALAMUCHITA,ESCUELA PROVINCIAL - CALERAS DE CALAMUCHITA CALERAS DE CALAMUCH. -,1,3298,3298,231
2,CALAMUCHITA,18C,VILLA CAÑADA DEL SAUCE,ESC.PROV. A.ALSINA - FRANCISCO CESAR 0 V CAÑADA DEL SAUCE - CAÑADA DEL,1,3299,3299,103
2,CALAMUCHITA,18D,VILLA QUILLINZO,ESC.PROV.PADRE FELIX ENRIQUE - VILLA QUILLINZO VILLA QUILLINZO - VILLA,1,3300,3300,241
2,CALAMUCHITA,19,LOS CONDORES,ESC BALDOMERO E FERNANDEZ M - SARMIENTO 528 LOS CONDORES - LOS,5,3301,3305,1670
2,CALAMUCHITA,19,LOS CONDORES,COLEGIO SAGRADO CORAZON - AV DON BOSCO 101 LOS CONDORES - LOS,4,3306,3309,1332
2,CALAMUCHITA,20,LOS REARTES,ESC PROV PEDRO B PALACIOS - MANUEL BELGRANO S/N LOS REARTES - LOS,5,3310,3314,1687
2,CALAMUCHITA,20A,VILLA GENERAL BELGRANO,ESC.GRAL J. DE SAN MARTIN - AV NICARAGUA 566 VILLA GRAL.BELGRANO - VILLA,9,3315,3323,3078
2,CALAMUCHITA,20A,VILLA GENERAL BELGRANO,ESC. DE COM. D. DE ROJAS - CUBA 75 VILLA GRAL.BELGRANO - VILLA GENERAL,8,3324,3331,2731
2,CALAMUCHITA,20A,VILLA GENERAL BELGRANO,COLEGIO ARGENTINO GERMANO - LOS INCAS 131 VILLA GRAL.BELGRANO - VILLA,9,3332,3340,3069
2,CALAMUCHITA,20B,VI.CIUD.PQUE.LOS REARTES,ESC DR R LUTI EX ELEOY GOMEZ - SAN LUIS S/N V.PARQUE LOS REARTES - VILLA,5,3341,3345,1486
2,CALAMUCHITA,21,LAS BAJADAS,ESC. DR. JUAN M. ALBARENQUE - PUBLICA 0 MONSALVO - LAS BAJADAS,1,3346,3346,278
2,CALAMUCHITA,22,RIO DE LOS SAUCES,ESC. PROV. D.F. SARMIENTO - SARMIENTO S/N RIO DE LOS SAUCES - RIO DE LOS,4,3347,3350,1220
2,CALAMUCHITA,23,VILLA YACANTO,IPEM 390 - TUCUMAN S/N VILLA YACANTO - VILLA YACANTO,6,3351,3356,1916
2,CALAMUCHITA,24,RUMIPAL,ESC PROV PRIMERA JUNTA - AMADEO SABATTINI 143 RUMIPAL - VILLA RUMIPAL,9,3357,3365,2868
2,CALAMUCHITA,24A,VILLA DEL DIQUE,ESC.PROV.ALMIRANTE BROWN - SARMIENTO 259 VILLA DEL DIQUE - VILLA DEL,11,3366,3376,3715
2,CALAMUCHITA,25,SAN AGUSTIN,ESC. PROV.GRAL. SAN MARTIN - R SAENZ PEÑA 118 SAN AGUSTIN - SAN AGUSTIN,5,3377,3381,1635
2,CALAMUCHITA,25,SAN AGUSTIN,COLEGIO SAN JOSE - VILLAFAÑE 1084 SAN AGUSTIN - SAN AGUSTIN,5,3382,3386,1632
2,CALAMUCHITA,25A,CALMAYO,ESC.PROV.M.GUEMES - PUBLICA 0 CALMAYO - PARQUE CALMAYO,1,3387,3387,143
2,CALAMUCHITA,25B,LOS MOLINOS,ESC PROV JUAN LARREA - PUBLICA S/N LOS MOLINOS - LOS MOLINOS,1,3388,3388,329
2,CALAMUCHITA,26,SANTA ROSA,INST PARR SAN JUAN DIEGO - AV INT ANGEL LLANOS 320 SANTA ROSA DE CALAMU,11,3389,3399,3806
2,CALAMUCHITA,26,SANTA ROSA,ESC. PROV.M. MORENO - LIBERTAD 470 SANTA ROSA - SANTA ROSA DE,11,3400,3410,3804
2,CALAMUCHITA,26,SANTA ROSA,COLEGIO NAC. DR.D.V. SARSFIELD - DR DEL ACUA 300 SANTA ROSA - SANTA ROSA,6,3411,3416,2070
2,CALAMUCHITA,26,SANTA ROSA,SAN FRANCISCO DE ASIS - CALLE 5 ESQ 8 B° V RIO SANTA ROSA - SANTA ROSA DE,10,3417,3426,3450
2,CALAMUCHITA,26A,SEGUNDA USINA,ESCUELA N° 481 - SEGUNDA USINA SEGUNDA USINA - SEGUNDA USINA,1,3427,3427,180
2,CALAMUCHITA,26B,SAN IGNACIO,ESC.PROV.DEAN FUNES - SAN IGNACIO SAN IGNACIO - SAN IGNACIO (LOTEO SAN,1,3428,3428,172
2,CALAMUCHITA,328A,LA CUMBRECITA,ESC BARTOLOME MITRE - PUBLICA S/N LA CUMBRECITA - LA CUMBRECITA,3,3429,3431,856
3,COLON,27,ASCOCHINGA,ESCUELA DR. PABLO RUEDA - LA GRANJA LA GRANJA - ASCOCHINGA,7,3432,3438,2240
3,COLON,27,ASCOCHINGA,ESC ING ALBERTO R MASCIAS - PUBLICA S/N ASCOCHINGA - ASCOCHINGA,4,3439,3442,1276
3,COLON,28,CALERA,ESC ELADIO DIEZ - ALVEAR ESQ SARMIENTO 0 LA CAMPANA CALERA - LA CALERA,8,3443,3450,2784
3,COLON,28,CALERA,IPEM N° 73 MARGARITA WEILD - REP DE CHILE ESQ GRAL CABRERA 796 LA,9,3451,3459,3132
3,COLON,28,CALERA,INSTITUTO D.F.SARMIENTO - BELGRANO 711 CALERA - LA CALERA,18,3460,3477,6264
3,COLON,28,CALERA,ESCUELA PROV.J.J.PASO-CENMA - AV SAN MARTIN 772 LA CALERA - LA CALERA,11,3478,3488,3824
3,COLON,28,CALERA,INSTITUTO JESUS MARIA - BELGRANO 611 CALERA - LA CALERA,11,3489,3499,3817
3,COLON,28A,CALERA CENTRAL,JARDIN IBARSABAL - RONDEAU 814 - LA CALERA,3,3500,3502,1035
3,COLON,28A,CALERA CENTRAL,ESC.TTE. J.R. IBARZABAL - JOSE HERNANDEZ 99 CALERA CENTRAL - LA CALERA,15,3503,3517,5166
3,COLON,28A,CALERA CENTRAL,CENTRO EDUCATIVO GRAL SAN MART - JUAN RAMON GIMENEZ ESQ SUCRE,9,3518,3526,3096
3,COLON,28A,CALERA CENTRAL,IPEM 379 ALFREDO BENOIT MOLET - AVELLANEDA 685 CALERA CENTRAL - CALERA,10,3527,3536,3440
3,COLON,28A,CALERA CENTRAL,MANUEL BELGRANO - LAS ANEMONAS 2231 B°CUESTA COLORADA - LA CALERA,4,3537,3540,1376
3,COLON,29,COLONIA CAROYA,COLEGIO PIO LEON - AV 28 DE JULIO 345 COLONIA CAROYA - COLONIA CAROYA,12,3541,3552,4182
3,COLON,29,COLONIA CAROYA,ESC.PROV. M. BELGRANO - COSEANI SUR 701 COLONIA CAROYA - COLONIA,10,3553,3562,3480
3,COLON,29,COLONIA CAROYA,ESC. PROV. GRAL SAN MARTIN - MAESTRA OLGA PROSDOCIMO 3580 COLONIA,10,3563,3572,3480
3,COLON,29,COLONIA CAROYA,ESC. PRESBITERO BONORIS - AV SAN MARTIN 3782 COLONIA CAROYA - COLONIA,11,3573,3583,3828
3,COLON,29,COLONIA CAROYA,ESCUELA M. MORENO - JUSTINIANO CELIZ HEREDIA 650 COLONIA CAROYA -,9,3584,3592,3132
3,COLON,29A,TINOCO,ESC.PROV.B.RIVADAVIA - PUBLICA 0 TINOCO - TINOCO,1,3593,3593,296
3,COLON,30,COLONIA TIROLESA,IPET 83 RENE FAVALORO - CATALINA MEDEOT ESQ FRANCISCO LAURET COLONIA,14,3594,3607,4690
3,COLON,30,COLONIA TIROLESA,ESC PROV DR PABLO RUEDA - PUBLICA S/N COLONIA TIROLESA - COLONIA,7,3608,3614,2342
3,COLON,31,EL MANZANO,ESC.PROV.A.ARGENTINA - EL MANZANO SOBRE RUTA E 53 EL MANZANO - EL,4,3615,3618,1291
3,COLON,31A,AGUA DE ORO,ESC.PROV.V.MERCANTE - AGUA DE ORO AGUA DE ORO - AGUA DE ORO,5,3619,3623,1605
3,COLON,31A,AGUA DE ORO,INST SECUNDARIO AGUA DE ORO - AV BELGRANO S/N AGUA DE ORO - AGUA DE,3,3624,3626,960
3,COLON,31B,VILLA CERRO AZUL,LOCAL COMUNAL - VILLA CERRO AZUL VILLA CERRO AZUL - VILLA CERRO AZUL,2,3627,3628,399
3,COLON,32,GENERAL PAZ,ESC PROV GRAL JOSE MARIA PAZ - BUENOS AIRES Y CORDOBA GENERAL PAZ -,6,3629,3634,1991
3,COLON,33,JESUS MARIA,PTE DOMINGO F SARMIENTO - CORDOBA (PARALEA A JUAN B JUSTO) 1050 JESUS,15,3635,3649,5250
3,COLON,33,JESUS MARIA,I.P.E.T.N° 69 JUANA MANSO - PERU 212 JESUS MARIA - JESUS MARIA,13,3650,3662,4550
3,COLON,33,JESUS MARIA,ESC.DR. J.M.ESTRADA N° 221 - CATAMARCA Y ESTRADA 0 JESUS MARIA - JESUS,13,3663,3675,4550
3,COLON,33,JESUS MARIA,ESC.PROV.1ER.TTE.MORANDINI - CHILE -SAN JOSE OBRERO 222 JESUS MARIA -,12,3676,3687,4200
3,COLON,33,JESUS MARIA,ESC.PROVC.F.O. DE OCAMPO - AV. DR. FRANCISCO N. DE LAPRIDA 649 JESUS,15,3688,3702,5250
3,COLON,33,JESUS MARIA,COL.NTA.SRA. DEL HUERTO - VTE AGUERO 23 JESUS MARIA - JESUS MARIA,7,3703,3709,2447
3,COLON,33,JESUS MARIA,ESC.N°21 GENDARMERIA NACIONAL - 25 DE MAYO 125 V AGUERO JESUS MARIA -,10,3710,3719,3490
3,COLON,33A,COLONIA VICENTE AGÜERO,ESC PROV VICENTE AGUERO - LOTE XVII S/N COL VICENTE AGUERO - COLONIA,1,3720,3720,272
3,COLON,34,JUAREZ CELMAN,ESC PROV LEOPOLDO LUGONES - VILLA LOS LLANOS 225 JUAREZ CELMAN -,11,3721,3731,3755
3,COLON,34,JUAREZ CELMAN,ESC.COMODORO R. SILIONI - AV. ACONCAGUA S/N JUAREZ CELMAN - JUAREZ,8,3732,3739,2728
3,COLON,34,JUAREZ CELMAN,ESC.ATAHUALPA YUPANQUI - 9 DE JULIO ESQ ATAHULPA YUPAMQUI S/N JUAREZ,10,3740,3749,3410
3,COLON,34,JUAREZ CELMAN,IPET 333 JULIO SALUSSO - LOS CLAVELES 196 VILLA LOS LLANOS - JUAREZ,7,3750,3756,2387
3,COLON,35,MALVINAS ARGENTINAS,ESC.CAP.LUIS C.CANDELARIA - MALVINAS ARGENTINAS MALVINAS ARGENTINAS -,11,3757,3767,3795
3,COLON,35,MALVINAS ARGENTINAS,ESC CIUDAD DE MALVINAS ARGENT. - AV SAN MARTIN 600 B°M ARGENTINAS 2SECC,12,3768,3779,4139
3,COLON,35,MALVINAS ARGENTINAS,I.P.E.M. N° 24 - JUJUY ESQ. SARMIENTO S/N MALVINAS AR 0 MALVINAS ARGENTINAS,17,3780,3796,5848
3,COLON,35A,MI GRANJA,ESC PRIMARIA MI GRANJA - JESUS IGLECIAS S/N 0 MI GRANJA - MI GRANJA,4,3797,3800,1130
3,COLON,36,LA PUERTA,ESC PROV SARGENTO CABRAL - PUBLICA S/N LA PUERTA - LA PUERTA,1,3801,3801,314
3,COLON,37,RIO CEBALLOS,IPEM N° 352 - NICANOR CEBALLOS 0 RIO CEBALLOS - RIO CEBALLOS,14,3802,3815,4844
3,COLON,37,RIO CEBALLOS,ESC.PROV.M.FRAGUEIRO - AVENIDA SAN MARTIN 4519 RIO CEBALLOS - RIO,13,3816,3828,4498
3,COLON,37,RIO CEBALLOS,I.P.E.M.144-MARIANO MORENO - SALTA 191 RIO CEBALLOS - RIO CEBALLOS,13,3829,3841,4498
3,COLON,37,RIO CEBALLOS,INSTITUTO DEL ESPIRITU SANTO - AV. SAN MARTIN 5109 RIO CEBALLOS - RIO,12,3842,3853,4152
3,COLON,37,RIO CEBALLOS,ESC.CONSTANCIO C. VIGIL - 43586 112 B°MAREYRA R CEBALLOS - RIO CEBALLOS,7,3854,3860,2416
3,COLON,38,SALSIPUEDES,JARDIN LA RECONQUISTA - RIVADAVIA 0 - SALSIPUEDES,2,3861,3862,694
3,COLON,38,SALSIPUEDES,INST SECUNDARIO SALSIPUEDES - AV BELGRANO 178 SALSIPUEDES -,8,3863,3870,2776
3,COLON,38,SALSIPUEDES,ESC.PROV. J.MALDONADO - DESIDERIO TORRES 360 SALSIPUEDES - SALSIPUEDES,12,3871,3882,4157
3,COLON,38,SALSIPUEDES,ESCUELA RECONQUISTA - CERRITO 0 SALSIPUEDES - SALSIPUEDES,8,3883,3890,2768
3,COLON,39,SANTA TERESA,ESC.PROV. FRAY M.ESQUIU - PUBLICA 0 SANTA TERESA - SANTA TERESA,1,3891,3891,56
3,COLON,40,UNQUILLO,INST.NTA.SRA.DE LAS MERCEDES - AZOPARDO 200 UNQUILLO - UNQUILLO,9,3892,3900,3132
3,COLON,40,UNQUILLO,ESC.PROV. D.V.SARSFIELD - SARMIENTO Y VELEZ SARSFIELD 0 UNQUILLO -,9,3901,3909,3132
3,COLON,40,UNQUILLO,I.P.E.M. N° 23 - SPILIMBERGO 869 UNQUILLO - UNQUILLO,9,3910,3918,3132
3,COLON,40,UNQUILLO,I.P.E.M. N° 78 - COSTANERA LOS CIGARRALES 750 UNQUILLO - UNQUILLO,15,3919,3933,5209
3,COLON,40,UNQUILLO,INST.PARROQ.NTA.SRA DE LOURDES - JUAN MILICH 0 UNQUILLO - UNQUILLO,12,3934,3945,4164
3,COLON,40A,MENDIOLAZA,ESC.PIAS DE MENDIOLAZA - RUTA PROVINCIAL INTERMUNICIPAL E 57 MENDIOLAZA,15,3946,3960,5160
3,COLON,40A,MENDIOLAZA,ESC.PROV. D.F.SARMIENTO - MALVINAS ARGENTINAS Y SARMIENTO 0 MENDIOLAZA,10,3961,3970,3440
3,COLON,40A,MENDIOLAZA,I.P.E.M.N° 317 SAN JOSE DE CALASANZ - AV MALVINAS ARGENTIAS 1104,11,3971,3981,3775
3,COLON,41,VILLA ALLENDE,COLEGIO MARYLAND - GUEMES ESQ ALBERTI VILLA ALLENDE - VILLA ALLENDE,10,3982,3991,3490
3,COLON,41,VILLA ALLENDE,ESC.PROV. J.DE SAN MARTIN - GOYCOECHEA 150 VILLA ALLENDE - VILLA ALLENDE,13,3992,4004,4537
3,COLON,41,VILLA ALLENDE,COLEGIO SAN JOSE - JUSTO JOSE DE URQUIZA 465 CENTRO V ALLENDE - VILLA,12,4005,4016,4188
3,COLON,41,VILLA ALLENDE,INSTITUTO PAULA A.DE SARMIENTO - LAPRIDA/GONZALEZ 72 VILLA ALLENDE -,8,4017,4024,2791
3,COLON,41,VILLA ALLENDE,INST GRAL S.MARTIN/17 DE AGOST - 25 DE MAYO ESQ. TABLADA 0 VILLA ALLENDE -,28,4025,4052,9744
3,COLON,41,VILLA ALLENDE,INSTITUTO NTA.SRA. DE LUJAN - AV.SAN MARTIN 1070 VILLA ALLENDE - VILLA,10,4053,4062,3480
3,COLON,41,VILLA ALLENDE,IPEM 130 RAUL DEL LLANO - DERQUI 635 CONDOR BAJO - VILLA ALLENDE,10,4063,4072,3480
3,COLON,41A,SALDAN,JARDIN NOGAL HISTORICO - 25 DE MAYO 109 SALDAN - SALDAN,2,4073,4074,696
3,COLON,41A,SALDAN,ESCUELA NOGAL HISTORICO - JOSE ACCASTELLI 252 SALDAN - SALDAN,12,4075,4086,4176
3,COLON,41A,SALDAN,ESC SECUNDARIA DANDELION - INCHIN 69 SALDAN SALDAN - SALDAN,3,4087,4089,1041
3,COLON,41A,SALDAN,ESC.DE COMERCIO J.M.PAZ - VELEZ SARSFIELD 647 SALDAN - SALDAN,14,4090,4103,4858
3,COLON,41A,SALDAN,ESCUELA PRIMARIA DANDELION - 9 DE JULIO 362 SALDAN - SALDAN,6,4104,4109,2082
4,CRUZ DEL EJE,42,BAÑADO DE SOTO,ESCUELA PROV.M. MORENO - PUBLICA S/N BAÑADO DE SOTO - BAÑADO DE SOTO,3,4110,4112,709
4,CRUZ DEL EJE,43,CANDELARIA,ES PROV PATRICIAS ARGENTINA - CALLE PUBLICA S/N CANDELARIA - LA,1,4113,4113,38
4,CRUZ DEL EJE,43A,LAS CAÑADAS,ESC.GRAL FRANCISO O DE OCAMPO - CALLE PUBLICA S/N LA RINCONADA LAS,1,4114,4114,190
4,CRUZ DEL EJE,43B,CRUZ DE CAÑA,ESC PROV JUAN B ALBERDI - PUBLICA S/N CRUZ DE CAÑA - CRUZ DE CAÑA,1,4115,4115,216
4,CRUZ DEL EJE,44,CRUZ DEL EJE,IPEM N° 253 - ALEM ESQ DOMINGO MATEU CRUZ DEL EJE - CRUZ DEL EJE,16,4117,4132,5584
4,CRUZ DEL EJE,44,CRUZ DEL EJE,COLEGIO NTA.SRA.DEL VALLE - SARMIENTO 121 CRUZ DEL EJE - CRUZ DEL EJE,6,4133,4138,2094
4,CRUZ DEL EJE,44,CRUZ DEL EJE,ESC.PROV.D.F.SARMIENTO - IRIGOYEN 247 CRUZ DEL EJE - CRUZ DEL EJE,13,4139,4151,4534
4,CRUZ DEL EJE,44,CRUZ DEL EJE,ESC.E. BAVIO - PELLEGRINI 150 CRUZ DEL EJE - CRUZ DEL EJE,13,4152,4164,4524
4,CRUZ DEL EJE,44,CRUZ DEL EJE,ESCUELA NORMAL REPUBLICA DEL PERU - SARMIENTO 1155 CRUZ DEL EJE - CRUZ,16,4165,4180,5568
4,CRUZ DEL EJE,44,CRUZ DEL EJE,IPEM 273 M. BELGRANO - PELLEGRINI 445 CRUZ DEL EJE - CRUZ DEL EJE,13,4181,4193,4524
4,CRUZ DEL EJE,44A,LAS PLAYAS,ESC.PROV.PCIA.DE LA RIOJA - RUTA PROVINCIAL A 175 LAS PLAYAS - LAS PLAYAS,3,4194,4196,750
4,CRUZ DEL EJE,45,EL BRETE,ESC PROV MANUEL BELGRANO - CAMINO VIEJO S/N EL BRETE - EL BRETE,4,4197,4200,1377
4,CRUZ DEL EJE,46,GUANACO MUERTO,ESC PROV GRAL SAN MARTIN - PUBLICA S/N GUANACO MUERTO - GUANACO,3,4201,4203,827
4,CRUZ DEL EJE,46B,ALTO DE LOS QUEBRACHOS,ESCUELA PROVINCIAL JUAN MANTOVANI - TUCUMAN 170 ALTODE LOS QUEBRACH,2,4204,4205,368
4,CRUZ DEL EJE,47,IGLESIA VIEJA,ESC PROV JOSE MARIA PAZ - PUBLICA S/N IGLESIA VIEJA - IGLESIA VIEJA,1,4206,4206,93
4,CRUZ DEL EJE,48,LA HIGUERA,ESC PROV GRAL SAN MARTIN - RUTA PROVINCIAL N°15 S/N LA HIGUERA - LA,2,4207,4208,501
4,CRUZ DEL EJE,49,LOS SAUCES,ESC.PROV.M.MORENO - RUTA PROVINCIAL 92 CAMINO S M SIERRA LOS SAUCES -,1,4209,4209,93
4,CRUZ DEL EJE,50,MEDIA NARANJA,ESCUELA M. GUEMES - CALLE PUBLICA S/N RUTA PROV A 175 MEDIA NARANJA -,3,4210,4212,1048
4,CRUZ DEL EJE,50A,LOS CHAÑARITOS,ESC DOMINGO F SARMIENTO - PUBLICA S/N LOS CHAÑARITOS - LOS CHAÑARITOS,3,4213,4215,803
4,CRUZ DEL EJE,51,PASO VIEJO,I.P.E.A. N° 306 DR A SABATTINI - TUPAC AMARU PASO VIEJO - PASO VIEJO,4,4216,4219,1097
4,CRUZ DEL EJE,51A,SANTA ANA,ESC.PROV.J.M.PAZ - CALLE PUBLICA S/N CAMINO A TOSNO SANTA ANA - SANTA,1,4220,4220,69
4,CRUZ DEL EJE,52,PICHANAS,ESC.PROV.J.V.GONZALEZ - CALLE PUBLICA S/N 0 PICHANAS - PICHANAS,1,4221,4221,128
4,CRUZ DEL EJE,53,SAN ANTONIO,ESC.PROV. BME. MITRE - PUBLICA 0 SAN ANTONIO - SAN ANTONIO,1,4222,4222,29
4,CRUZ DEL EJE,53A,LOS LEONES,ESC. R.S. DE CALDELARI - CALLE PUBLICA S/N LOS LEONES - LAS OLLAS,1,4223,4223,58
4,CRUZ DEL EJE,53B,EL ABRA,ESCUELA N°395(MANUEL LUCERO) - CALLE PUBLICA S/N EL ABRA - EL ABRA,1,4224,4224,43
4,CRUZ DEL EJE,54,SAN MARCOS SIERRAS,ESC PROV PTE ROQUE SAENZ PEÑA - LIBERTAD 1043 SAN MARCOS SIERRAS - SAN,8,4225,4232,2717
4,CRUZ DEL EJE,54A,CANTERAS QUILPO,ESC JUANA PAULA MANSO - CALLE PUBLICA S/N CANTERAS QUILPO - CANTERAS,1,4233,4233,59
4,CRUZ DEL EJE,55,SERREZUELA,ESC.PROV.B.RIVADAVIA - AVDA. MALVINAS ARGENTINAS S/N 0 SERREZUELA -,8,4234,4241,2707
4,CRUZ DEL EJE,55A,LA BATEA,ESC.PROV.DEAN G.FUNES - CALLE PUBLICA S/N LA BATEA - LOS ESCALONES,1,4242,4242,188
4,CRUZ DEL EJE,56,SOTO,ESC.PADRE B.DE LAS CASAS - 25 DE MAYO 31 SOTO - VILLA DE SOTO,9,4243,4251,3069
4,CRUZ DEL EJE,56,SOTO,INSTITUTO SANTO DOMINGO - JOSE IGNACIO PERALTA 249 SOTO - VILLA DE SOTO,4,4252,4255,1363
4,CRUZ DEL EJE,56,SOTO,IPET 254 T DE TEJEDA-EX ENET N°1 - JUAN BAUTISTA ALBERDI 2200 SOTO - VILLA,5,4256,4260,1700
4,CRUZ DEL EJE,56,SOTO,ESC NICOLAS AVELLANEDA - DEAN FUNES ESQ CORRIENTES B° ESTACION SOTO -,5,4261,4265,1700
4,CRUZ DEL EJE,57,TUCLAME,ESC.PROV.J.J.CASTELLI - CALLE PUBLICA S/N 0 TUCLAME - TUCLAME,4,4266,4269,1389
5,GENERAL ROCA,58,BRUZONE,ESC.PROV. J.J. PASO - MARIANO MORENO S/N 0 BRUZONE - NICOLAS BRUZZONE,1,4270,4270,321
5,GENERAL ROCA,59,BUCHARDO,ESC PROV JOSE MARIA PAZ - AV MANNY S/N BUCHARDO - HIPOLITO BUCHARDO,6,4271,4276,1802
5,GENERAL ROCA,60,DEL CAMPILLO,ESCUELA J.M.PAZ - JOSE MARIA PAZ 444 ENRIQUE COOK CAMPILL - DEL CAMPILLO,7,4277,4283,2261
5,GENERAL ROCA,60,DEL CAMPILLO,I.P.E.M. N° 219 - CARLOS GARDEL 653 DEL CAMPILLO - DEL CAMPILLO,3,4284,4286,969
5,GENERAL ROCA,61,HUINCA RENANCO,ESC.PROV. D.F. SARMIENTO - PTE. JUAN D.PERON VILLA TORROBA 75 HUINCA,10,4287,4296,3461
5,GENERAL ROCA,61,HUINCA RENANCO,ESC.PASO DE LOS ANDES - GARAY VILLA PACIFICO 121 HUINCA RENANCO -,5,4297,4301,1730
5,GENERAL ROCA,61,HUINCA RENANCO,COLEGIO NAC. L.V.MANSILLA - SAN MARTIN 650 V CRESPO H RENANCO - HUINCA,7,4302,4308,2422
5,GENERAL ROCA,62,ITALO,ESC DR BENJAMIN DUPONT - LAVALLE 186 ITALO - ITALO,4,4309,4312,1077
5,GENERAL ROCA,63,JOVITA,ESC.PROV.D.F. SARMIENTO - GENERAL PAZ 249 CENTRO JOVITA - JOVITA,7,4313,4319,2397
5,GENERAL ROCA,63,JOVITA,I.P.E.M. N° 221 - REMIGIO GARCIA 55 JOVITA - JOVITA,6,4320,4325,2052
5,GENERAL ROCA,65,LECUEDER,ESC PROV MANUEL BELGRANO - PUBLICA S/N LECUEDER - ESTACION LECUEDER,1,4326,4326,16
5,GENERAL ROCA,66,MATTALDI,ESC.PROV. SAN LUIS - TUCUMAN 225 MATTALDI - MATTALDI,5,4327,4331,1613
5,GENERAL ROCA,67,ONAGOITY,ESC.PROV.PROFESOR VICTOR MERCANTE - PUBLICA 0 ONAGOITY - ONAGOITY,1,4332,4332,60
5,GENERAL ROCA,68,PINCEN,ESC. ING.A.EBELOT - FELIPA ROSALES 0 PINCEN - PINCEN,1,4333,4333,247
5,GENERAL ROCA,69,RANQUELES,ESC.PROV.F.N.LAPRIDA - PUBLICA 0 RANQUELES - RANQUELES,1,4334,4334,42
5,GENERAL ROCA,70,VILLA HUIDOBRO,INST. DE LOS SAGRADOS CORAZONES - SANTA MARI JOSEFA ROSSELLO 250 VILLA,8,4335,4342,2728
5,GENERAL ROCA,70,VILLA HUIDOBRO,ESC.PROV.M.BELGRANO - PASCO 327 VILLA HUIDOBRO - VILLA HUIDOBRO,7,4343,4349,2382
5,GENERAL ROCA,71,VILLA SARMIENTO,ESC.PROV. D.F.SARMIENTO - LIBERTAD 250 VILLA SARMIENTO - VILLA SARMIENTO,1,4350,4350,314
5,GENERAL ROCA,72,VILLA VALERIA,ESC.PROV.J.CROTTO - SAN JOSE DE CALASANZ VILLA VALERIA - VILLA VALERIA,9,4351,4359,2840
6,GRAL SAN MARTIN,73,ARROYO ALGODON,ESC.PROV. A.ARGENTINA - CORDOBA 301 ARROYO ALGODON - ARROYO ALGODON,5,4360,4364,1581
6,GRAL SAN MARTIN,74,ARROYO CABRAL,INST. SEC. COM. SAN JOSE - BV BAUTISTA BOIRO 718 ARROYO CABRAL - ARROYO,5,4365,4369,1674
6,GRAL SAN MARTIN,74,ARROYO CABRAL,ESC.PROV.D.V.SARSFIELD - RIVADAVIA 410 ARROYO CABRAL - ARROYO CABRAL,4,4370,4373,1336
6,GRAL SAN MARTIN,75,AUSONIA,ESC.PROV.GRAL SAN MARTIN - 25 DE MAYO 551 AUSONIA - AUSONIA,3,4374,4376,1026
6,GRAL SAN MARTIN,76,CHAZON,ESC PROV M R DE LA TORRE - CALLE 16 582 CHAZON - CHAZON,4,4377,4380,1054
6,GRAL SAN MARTIN,77,ETRURIA,INSTITUTO SEC. GRAL PAZ - BV.SRMIENTO Y S.NICOLA 390 ETRURIA - ETRURIA,5,4381,4385,1724
6,GRAL SAN MARTIN,77,ETRURIA,ESC.PROV. 12 DE OCTUBRE - SARMIENTO 320 ETRURIA - ETRURIA,6,4386,4391,2064
6,GRAL SAN MARTIN,78,LA LAGUNA,ESC ESTEBAN ECHEVERRIA - GENERAL PAZ 556 LA LAGUNA - LA LAGUNA,5,4392,4396,1407
6,GRAL SAN MARTIN,79,LA PLAYOSA,ESC.PROV. 25 DE MAYO - LA RIOJA 226 LA PLAYOSA - LA PLAYOSA,9,4397,4405,2997
6,GRAL SAN MARTIN,80,LUCA,ESC.PROV.J.V.GONZALEZ - 9 DE JULIO 350 LUCA - LUCA,2,4406,4407,591
6,GRAL SAN MARTIN,81,MOJARRAS,ESC.PROV. ISLAS MALVINAS - RUTA PROV N 158 0 MOJARRAS - LAS MOJARRAS,1,4408,4408,59
6,GRAL SAN MARTIN,82,PALESTINA,ESC PROV CMTE L PIEDRABUENA - FELIPE LORENZATTI 875 PALESTINA - LA,2,4409,4410,589
6,GRAL SAN MARTIN,83,PASCO,ESC.PROV.D.F.SARMIENTO - SARMIENTO 370 PASCO - PASCO,4,4411,4414,1298
6,GRAL SAN MARTIN,84,SANABRIA,ESC PROV JOSE DE SAN MARTIN - PUBLICA S/N SANABRIA - SANABRIA,1,4415,4415,33
6,GRAL SAN MARTIN,86,SILVIO PELLICO,ESC.PROV.M.GUEMES - ANTONIO CONRERO 24 SILVIO PELLICO - SILVIO PELLICO,2,4416,4417,685
6,GRAL SAN MARTIN,87,TICINO,ESC. A. CAPDEVILA - MENDOZA 315 TICINO - TICINO,6,4418,4423,2057
6,GRAL SAN MARTIN,88,TIO PUJIO,ESC.R.DE ESCALADA - 25 DE MAYO 84 NORTE TIO PUJIO - TIO PUJIO,10,4424,4433,3312
6,GRAL SAN MARTIN,89,VILLA MARIA,ESCUELA J.MARMOL - NAC. UNIDAS 385 VILLA MARIA - VILLA MARIA,10,4436,4445,3500
6,GRAL SAN MARTIN,89,VILLA MARIA,ESC.DR. J.BIANCO - BELGRANO 302 VILLA MARIA - VILLA MARIA,12,4446,4457,4200
6,GRAL SAN MARTIN,89,VILLA MARIA,ESC.REP.DEL PARAGUAY - CHILE 565 VILLA MARIA - VILLA MARIA,10,4458,4467,3500
6,GRAL SAN MARTIN,89,VILLA MARIA,INSTITUTO DEL ROSARIO - BV.ALVEAR 68 VILLA MARIA - VILLA MARIA,30,4468,4497,10500
6,GRAL SAN MARTIN,89,VILLA MARIA,ESC.N.AVELLANEDA - BS.AS.E INT.MACIEL 2314 VILLA MARIA - VILLA MARIA,14,4498,4511,4900
6,GRAL SAN MARTIN,89,VILLA MARIA,ESC.N.V.MERCANTE - SOBRAL 378 VILLA MARIA - VILLA MARIA,29,4512,4540,10150
6,GRAL SAN MARTIN,89,VILLA MARIA,IPEM N°275 EX COLEGIO NACIONAL - S.DEL ESTERO 618 VILLA MARIA - VILLA MARIA,15,4541,4555,5250
6,GRAL SAN MARTIN,89,VILLA MARIA,ESC.COM.A.OCAMPO - CATAMARCA 650 VILLA MARIA - VILLA MARIA,12,4556,4567,4200
6,GRAL SAN MARTIN,89,VILLA MARIA,I.P.E.T.N°49 DOMINGO FAUSTINO SARMIENTO (EX N°2) - J.MULLER 651 VILLA MARIA,14,4568,4581,4900
6,GRAL SAN MARTIN,89,VILLA MARIA,ESC.J.INGENIEROS - SANTA FE 1271 VILLA MARIA - VILLA MARIA,13,4582,4594,4550
6,GRAL SAN MARTIN,89,VILLA MARIA,CENMA N° 96 - SANTA FE 643 VILLA MARIA - VILLA MARIA,8,4595,4602,2800
6,GRAL SAN MARTIN,89,VILLA MARIA,INSTITUTO SAN ANTONIO - AV GOBERNADOR SABATTINI 141 CENTRO SUD V MARIA,11,4603,4613,3850
6,GRAL SAN MARTIN,89,VILLA MARIA,INSTITUTO SEC. M.BELGRANO - M.A.OCAMPO 1836 VILLA MARIA - VILLA MARIA,9,4614,4622,3143
6,GRAL SAN MARTIN,89,VILLA MARIA,INSTITUTO FUNESIL - GUILLERMO RAWSON 1899 VILLA MARIA - VILLA MARIA,21,4623,4643,7329
6,GRAL SAN MARTIN,90,VILLA NUEVA,ESC.BME.MITRE - MITRE 1147 VILLA NUEVA - VILLA NUEVA,8,4644,4651,2776
6,GRAL SAN MARTIN,90,VILLA NUEVA,IPEM N° 322 - LIMA Y RIVADAVIA VILLA NUEVA - VILLA NUEVA,10,4652,4661,3470
6,GRAL SAN MARTIN,90,VILLA NUEVA,ESCUELA PABLO VI - DEAN FUNES 757 VILLA NUEVA - VILLA NUEVA,10,4662,4671,3462
6,GRAL SAN MARTIN,90,VILLA NUEVA,INSTITUTO INMAC.CONCEPCION - CABANILLAS 416 VILLA NUEVA - VILLA NUEVA,10,4672,4681,3460
6,GRAL SAN MARTIN,90,VILLA NUEVA,ESC.M.BELGRANO - 9 DE JULIO 960 VILLA NUEVA - VILLA NUEVA,11,4682,4692,3806
6,GRAL SAN MARTIN,90,VILLA NUEVA,ESC.REP.DE BOLIVIA - D.FUNES 1250 VILLA NUEVA - VILLA NUEVA,7,4693,4699,2422
6,GRAL SAN MARTIN,90,VILLA NUEVA,JAR.BME.MITRE - SAN MARTIN 355 VILLA NUEVA - VILLA NUEVA,2,4700,4701,692
7,ISCHILIN,91,AVELLANEDA,ESC.PROV.FRAY M. ESQUIU - PUBLICA S/N AVELLANEDA - AVELLANEDA,2,4702,4703,518
7,ISCHILIN,91A,CANTERAS,ESC.PROV.J.V.RECLA - CANTERAS CANTERAS - LA CANTERA,1,4704,4704,23
7,ISCHILIN,91B,LOS POZOS,ESC LIB GRAL SAN MARTIN - PUBLICA S/N LOS POZOS - LOS POZOS,1,4705,4705,140
7,ISCHILIN,91C,VILLA GUTIERREZ,ESC.PROV.M.MARTINEZ DE SUAREZ - PUBLICA 0 VILLA GUTIERREZ - VILLA,1,4706,4706,324
7,ISCHILIN,92,CAÑADA DE RIO PINTO,ESC.PROV.H.VIEYTES - PUBLICA 0 CAÑADA DE RIO PINTO - CAÑADA DE RIO PINTO,2,4707,4708,413
7,ISCHILIN,93,COPACABANA,ESC JUAN M DE PUEYRREDON - PUBLICA S/N AGUA DEL MOLLE - COPACABANA,2,4709,4710,382
7,ISCHILIN,94,CHUÑA,ESC PROV GRAL M GUEMES - PUBLICA S/N CHUÑA - CHUÑA,2,4711,4712,605
7,ISCHILIN,95,DEAN FUNES,ESC.PROV.GRAL SAN MARTIN - MAIPU 150 DEAN FUNES - DEAN FUNES,9,4713,4721,3114
7,ISCHILIN,95,DEAN FUNES,ESC.M.J.G.DE BELGRANO - JERONIMO L DE CABRERA 451 LOS ALGABBROBOS -,10,4722,4731,3454
7,ISCHILIN,95,DEAN FUNES,ESC.PEDRO N.ARIAS - CORDOBA 87 DEAN FUNES - DEAN FUNES,12,4732,4743,4140
7,ISCHILIN,95,DEAN FUNES,ESC.PROV. M.MORENO - DORREGO OBRAS SANITARIAS 326 DEAN FUNES - DEAN,10,4744,4753,3450
7,ISCHILIN,95,DEAN FUNES,ESC.A.M.SOBRAL - SANTIAGO DEL ESTERO Y LAS HERAS 0 DEAN FUNES - DEAN,9,4754,4762,3105
7,ISCHILIN,95,DEAN FUNES,ESC.AMANDA SUAREZ CORDOBA - SANTA ROSA ESQ. AMADEO SABATTINI 0 DEAN,7,4763,4769,2415
7,ISCHILIN,96A,OLIVARES SAN NICOLAS,ESC.PROV.GUIDO SPANO - PUBLICA 0 OLIVARES DE S.NICOLA - OLIVARES DE SAN,2,4770,4771,574
7,ISCHILIN,97,ISCHILIN,ESCUELA FERNANDO FADER - PUBLICA S/N ISCHILIN - ISCHILIN,1,4772,4772,84
7,ISCHILIN,98,JAIME PETER,ESCUELA FRAY GUILLERMO BUTLER - PUBLICA S/N JAIME PETER - JAIME PETER,1,4773,4773,63
7,ISCHILIN,99,QUILINO ESTACION,ESC.PROVINCIA DE BS.AIRES - MARIANO MORENO 220 QUILINO ESTACION -,8,4774,4781,2680
7,ISCHILIN,99,QUILINO ESTACION,ESC.PROV.M.BELGRANO - 25 DE MAYO 321 QUILINO ESTACION - QUILINO,5,4782,4786,1674
7,ISCHILIN,100,QUILINO VILLA,ESC.PROV.D.V.SARSFIELD - VELEZ SARSFIELD 0 QUILINO VILLA - QUILINO,4,4787,4790,1167
7,ISCHILIN,101,TOYOS,ESC PROV JOAQUIN V GONZALEZ - PUBLICA S/N SAN PEDRO DE TOYOS - SAN,1,4791,4791,84
8,JUAREZ CELMAN,102,ALEJANDRO,ESC.EL GRAN CAPITAN - SARMIENTO 25 ALEJANDRO - ALEJANDRO ROCA,9,4792,4800,3022
8,JUAREZ CELMAN,102,ALEJANDRO,ESC.MISIONEROS SALESIANOS - VELEZ SARSFIELD 625 ALEJANDRO - ALEJANDRO,7,4801,4807,2345
8,JUAREZ CELMAN,103,ASSUNTA,ESC.PROV.D.F.SARMIENTO - PUBLICA S/N ASSUNTA - ASSUNTA,1,4808,4808,95
8,JUAREZ CELMAN,105,BENGOLEA,ESC.DR JUAN MANUEL PEREYRA - SAN MARTIN 626 BENGOLEA - BENGOLEA,4,4809,4812,1063
8,JUAREZ CELMAN,106,CABRERA,INST. G.L.DE CABRERA - CABRERA CABRERA - GENERAL CABRERA,9,4813,4821,3141
8,JUAREZ CELMAN,106,CABRERA,ESC.PROV.J.M.PAZ - 25 DE MAYO 1183 LAS ROSAS CABRERA - GENERAL CABRERA,8,4822,4829,2792
8,JUAREZ CELMAN,106,CABRERA,ESC.FRAY PIO BENTIVOGLIO - MAIPU 962 B°ARGENTINO - GENERAL CABRERA,7,4830,4836,2441
8,JUAREZ CELMAN,106,CABRERA,ESC.PROV.E.F.OLMOS - 20 DE SEPTIEMBRE 584 CABRERA - GENERAL CABRERA,7,4837,4843,2436
8,JUAREZ CELMAN,107,CARNERILLO,ESC.TTE. 1°M.C.ASUA - PASTORA V DE AGUIRRE 13 CARNERILLO - CARNERILLO,6,4844,4849,2025
8,JUAREZ CELMAN,108,CHARRAS,ESC TTE CNEL J DUATE ARDOY - SARMIENTO 182 CHARRAS - CHARRAS,4,4850,4853,1072
8,JUAREZ CELMAN,109,DEHEZA,ESC.ESPECIAL AMANECER - INTENDENTE JOSE FROUTE 1150 DEHEZA - GENERAL,6,4854,4859,2064
8,JUAREZ CELMAN,109,DEHEZA,INSTITUTO SEC. 25 DE MAYO - SAN MARTIN 136 CENTRO DEHEZA - GENERAL,6,4860,4865,2064
8,JUAREZ CELMAN,109,DEHEZA,ESC.PROV.GRAL SAN MARTIN - BV SAN MARTIN 251 DEHEZA - GENERAL DEHEZA,11,4866,4876,3784
8,JUAREZ CELMAN,109,DEHEZA,INST.TEC.ADRIAN P. URQUIA - BV ALMIRANTE BROWN 217 GENERAL DEHEZA -,6,4877,4882,2061
8,JUAREZ CELMAN,110,EL RASTREADOR,ESC CARLOS MARIA DE ALVEAR - PUBLICA S/N EL RASTREADOR - EL RASTREADOR,1,4883,4883,85
8,JUAREZ CELMAN,110A,PACHECO DE MELO,ESC.PROV.M.BELGRANO - 12 DE OCTUBRE 0 PACHECO DE MELO - PACHECO DE,1,4884,4884,85
8,JUAREZ CELMAN,111,HUANCHILLA,ESC PROV DOMINGO F SARMIENTO - CARLOS ALBERTO MAYOL S/N HUANCHILLA -,4,4885,4888,1187
8,JUAREZ CELMAN,112,LA CARLOTA,INST.NTA.M.DE LAS MERCED - 9 DE JULIO 271 LA CARLOTA - LA CARLOTA,9,4889,4897,3105
8,JUAREZ CELMAN,112,LA CARLOTA,ESC.NAC.DE COMERCIO - V.SARSFIELD 651 LA CARLOTA - LA CARLOTA,12,4898,4909,4140
8,JUAREZ CELMAN,112,LA CARLOTA,ESC.FORTIN HEROICO - ACOSTA 673 LA CARLOTA - LA CARLOTA,12,4910,4921,4139
8,JUAREZ CELMAN,113,LOS CISNES,ESC DOMINGO F SARMIENTO - SRITA BERNARDINA BAIGORRI 229 LOS CISNES -,3,4922,4924,792
8,JUAREZ CELMAN,114,OLAETA,ESCUELA PROV.FRENCH Y BERUTTI - 25 DE MAYO 135 OLAETA - OLAETA,2,4925,4926,669
8,JUAREZ CELMAN,116,REDUCCION,ESC.CAP. F.D.ZARCO - MANUEL DE LA LASTRA 623 REDUCCION - VILLA REDUCCION,5,4927,4931,1583
8,JUAREZ CELMAN,116A,PASO DEL DURAZNO,ESC.PROV.MARTIN DE ALVA - PASO DEL DURAZNO PASO DEL DURAZNO - PASO,1,4932,4932,145
8,JUAREZ CELMAN,117,SANTA EUFEMIA,INSTITUTO DR.M. BELGRANO - AV PERON 519 SANTA EUFEMIA - SANTA EUFEMIA,7,4933,4939,2199
8,JUAREZ CELMAN,118,UCACHA,ESC.PROV.J.B.ALBERDI - JOSE MARIA PAZ 72 UCACHA - UCACHA,8,4940,4947,2640
8,JUAREZ CELMAN,118,UCACHA,ESC.MARTIN GUERRICO - CORRIENTES Y LA RIOJA UCACHA - UCACHA,7,4948,4954,2310
9,MARCOS JUAREZ,119,ALEJO LEDESMA,INSTITUTO SEC. V.SARSFIELD - HIPILITO YRIGOYEN 757 ALEJO LEDESMA - ALEJO,4,4955,4958,1284
9,MARCOS JUAREZ,119,ALEJO LEDESMA,ESCUELA N.AVELLANEDA - HIPOLITO YRIGOYEN 476 ALEJO LEDESMA - ALEJO,2,4959,4960,642
9,MARCOS JUAREZ,119,ALEJO LEDESMA,ESC.PROV.D.F.SARMIENTO - LEANDRO N ALEM 574 ALEJO LEDESMA - ALEJO,4,4961,4964,1280
9,MARCOS JUAREZ,120,ARIAS,ESC.R.ESCALADA DE SAN MARTIN - AV. ESPAÑA 779 ARIAS - ARIAS,10,4965,4974,3410
9,MARCOS JUAREZ,120,ARIAS,ESC.PROV.SGTO.CABRAL - INTENDENTE MELQUIOT 922 ARIAS - ARIAS,9,4975,4983,3066
9,MARCOS JUAREZ,121,BALDISSERA,ESC JOSE MARIA PAZ - SARMIENTO 633 BALDISSERA - GENERAL BALDISSERA,6,4984,4989,2052
9,MARCOS JUAREZ,122,BARGE,ESC PROV DOMINGO F SARMIENTO - PUBLICA S/N BARGE - COLONIA BARGE,2,4990,4991,396
9,MARCOS JUAREZ,123,CAMILO ALDAO,IPEM N°151 J URBIZU - BV JOSE M ALDAO 1160 CAMILO ALDAO - CAMILO ALDAO,7,4992,4998,2381
9,MARCOS JUAREZ,123,CAMILO ALDAO,ESC JUAN BAUTISTA ALBERDI - SAN MARTIN 650 CAMILO ALDAO - CAMILO ALDAO,5,4999,5003,1700
9,MARCOS JUAREZ,124,CAVANAGH,ESC.SEC.TOMAS THOMAS - CORDOBA 138 CAVANAGH - CAVANAGH,4,5004,5007,1069
9,MARCOS JUAREZ,125,CORRAL DE BUSTOS,INST. SUP. JOSE MANUEL ESTRADA - SANTA FE 665 CORRAL DE BUSTOS - CORRAL,9,5008,5016,3096
9,MARCOS JUAREZ,125,CORRAL DE BUSTOS,ESC R ESCALADA DE SAN MARTIN - ENTRE RIOS 313 CORRAL DE BUSTOS -,6,5017,5022,2064
9,MARCOS JUAREZ,125,CORRAL DE BUSTOS,COLEGIO JUAN XXIII - SANTA FE 964 CORRAL DE BUSTOS - CORRAL DE BUSTOS,6,5023,5028,2064
9,MARCOS JUAREZ,125,CORRAL DE BUSTOS,ESC NOR SUP MAESTROS ARGENTINO - 25 DE MAYO 747 CORRAL DE BUSTOS -,5,5029,5033,1716
9,MARCOS JUAREZ,126,CRUZ ALTA,COLEGIO SANTA JUANA DE ARCO - RIVADAVIA 999 CRUZ ALTA - CRUZ ALTA,7,5034,5040,2422
9,MARCOS JUAREZ,126,CRUZ ALTA,IPEM 276 DR L COLOCCINI (EX276 - SAN MARTIN 1487 CRUZ ALTA - CRUZ ALTA,7,5041,5047,2422
9,MARCOS JUAREZ,126,CRUZ ALTA,ESC LIB GRAL SAN MARTIN - RIVADAVIA 1252 B°RIVADAVIA C ALTA - CRUZ ALTA,4,5048,5051,1381
9,MARCOS JUAREZ,127,GUATIMOZIN,ESC DALMACIO VELEZ SARSFIELD - AV CORDOBA 324 GUATIMOZIN - GUATIMOZIN,6,5052,5057,2064
9,MARCOS JUAREZ,128,INRIVILLE,INST JOSE MARIA PAZ - URUGUAY 210 INRIVILLE - INRIVILLE,5,5058,5062,1735
9,MARCOS JUAREZ,128,INRIVILLE,ESC MARIANO MORENO - LIBERTAD 725 INRIVILLE - INRIVILLE,5,5063,5067,1732
9,MARCOS JUAREZ,128A,SALADILLO,ESC.PROV.PAULA ALBARRACIN - AV 24 DE SEPTIEMBRE 0 SALADILLO - SALADILLO,1,5068,5068,142
9,MARCOS JUAREZ,129,ISLA VERDE,INST SEC ISLA VERDE - LIBERTAD 446 ISLA VERDE - ISLA VERDE,12,5069,5080,4196
9,MARCOS JUAREZ,130,LA ITALIANA,ESC.PROV.GRAL SAN MARTIN - ISLAS MALVINAS 219 LA ITALIANA - COLONIA,2,5081,5082,680
9,MARCOS JUAREZ,131,LEONES,ESC JOAQUIN V GONZALEZ - RAMON INFANTE 422 LEONES - LEONES,9,5083,5091,3064
9,MARCOS JUAREZ,131,LEONES,IPEM N°256-LIB GRAL SAN MARTIN - GENERAL ROCA 724 LEONES - LEONES,8,5092,5099,2720
9,MARCOS JUAREZ,131,LEONES,ESC DE COMERCIO Y BACHILLERATO - ALMIRANTE BROWN 551 LEONES - LEONES,11,5100,5110,3740
9,MARCOS JUAREZ,131A,VILLA ELISA,ESCUELA VICTORIA OCAMPO - MICAELA ARAYA OCAMPO LA REDENCION S/N VILLA,1,5111,5111,26
9,MARCOS JUAREZ,132,LOS SURGENTES,ESC GENERAL SAN MARTIN - RIVADAVIA 324 LOS SURGENTES - LOS SURGENTES,8,5112,5119,2519
9,MARCOS JUAREZ,133,MARCOS JUAREZ,COLEGIO SAGRADO CORAZON - LARDIZABAL 545 MARCOS JUAREZ - MARCOS,12,5120,5131,4188
9,MARCOS JUAREZ,133,MARCOS JUAREZ,ESC NORMAL SUP DR M BELGRANO - R SAENZ PEÑA Y S DEL ESTERO MARCOS,15,5132,5146,5235
9,MARCOS JUAREZ,133,MARCOS JUAREZ,ESC BERNARDINO RIVADAVIA - SAN MARTIN 694 MARCOS JUAREZ - MARCOS,10,5147,5156,3490
9,MARCOS JUAREZ,133,MARCOS JUAREZ,IPEM N°51 NICOLAS AVELLANEDA - INTENDENTE DR JORGE LOINAS 996 MARCOS,11,5157,5167,3829
9,MARCOS JUAREZ,133,MARCOS JUAREZ,ESC MARIANO MORENO - SAN JUAN SUR 1090 MARCOS JUAREZ - MARCOS JUAREZ,8,5168,5175,2784
9,MARCOS JUAREZ,133,MARCOS JUAREZ,ESCUELA BARTOLOME MITRE - HIPOLITO YRIGOYEN NOROESTE 1409 MARCOS,7,5176,5182,2436
9,MARCOS JUAREZ,133,MARCOS JUAREZ,INSTITUTO MARIA INMACULADA - HIPOLITO YRIGOYEN 650 MARCOS JUAREZ -,6,5183,5188,2088
9,MARCOS JUAREZ,134,MONTE BUEY,ESC JOSE MANUEL ESTRADA - SARMIENTO 402 MONTE BUEY - MONTE BUEY,8,5189,5196,2704
9,MARCOS JUAREZ,134,MONTE BUEY,ESC MANUEL BELGRANO - 9 DE JULIO 351 MONTE BUEY - MONTE BUEY,6,5197,5202,2026
9,MARCOS JUAREZ,134,MONTE BUEY,INST.SEC.GRAL J.M.PAZ - MARIANO MORENO 480 MONTE BUEY - MONTE BUEY,3,5203,5205,1011
9,MARCOS JUAREZ,135,CAP.B.O HIGGINS,ESC.PROV.GRAL SAN MARTIN - AV ITALIA 448 CAP GRAL B O HIGGINS - CAPITAN,1,5206,5206,339
9,MARCOS JUAREZ,136,ROCA,ESC ROQUE SAENZ PEÑA - SANTA ROSA 479 ROCA - GENERAL ROCA,5,5207,5211,1700
9,MARCOS JUAREZ,136,ROCA,ESC 9 DE JULIO - ALSINA SUR 517 ROCA - GENERAL ROCA,3,5212,5214,1019
9,MARCOS JUAREZ,137,SAIRA,INSTITUTO MANUEL BELGRANO - SAN MARTIN 629 SAIRA - SAIRA,3,5215,5217,775
10,MINAS,138,CIENAGA DEL CORO,ESC PROV COMTE ROSENDO LEAL - CESAR MANUEL VERA S/N CIENAGA DEL CORO,3,5218,5220,885
10,MINAS,138A,RUMIACO,ESC MIGUEL DE AZCUENAGA - RUMIACO RUMIACO - RUMIACO,1,5221,5221,22
10,MINAS,138B,RUMIHUASI,ESC.PROV.FRAY M.ESQUIU - PUBLICA 0 RUMIHUASI - RUMI HUASI,1,5222,5222,100
10,MINAS,138C,ESTANCIA DE GUADALUPE,ESC PROV NIÑAS DE AYOHUMA - PUBLICA S/N EST DE GUADALUPE - ESTANCIA DE,2,5223,5224,391
10,MINAS,138D,TOSNO,ESC.PROV.MONS.R. LEAL - PUBLICA 0 TOSNO - TOSNO,1,5225,5225,191
10,MINAS,139,GUASAPAMPA,LOCAL COMUNAL - GUASAPAMPA - GUASAPAMPA,1,5226,5226,305
10,MINAS,139A,AGUA DE RAMON,ESC.PROV.R.VERA PEÑALOZA - AGUA DE RAMON AGUA DE RAMON - AGUA DE,1,5227,5227,84
10,MINAS,139B,LA PLAYA,ESC PROV GRAJ J DE SAN MARTIN - PUBLICA S/N LA PLAYA - LA PLAYA,1,5228,5228,245
10,MINAS,140,LA ARGENTINA,ESC PROV GREGORIA PEREZ - PUBLICA S/N LA ARGENTINA - LA ARGENTINA,1,5229,5229,169
10,MINAS,140A,OJO DE AGUA DE TOTOX,ESC MARTIN MIGUEL DE GUEMES - OJO DE AGUA DE TOTOX OJO DE AGUA DE,1,5230,5230,82
10,MINAS,141,PIEDRITA BLANCA,ESC PRIMARIA JORGE LUIS BORGES - PIEDRITA BLANCA PIEDRITA BLANCA -,1,5231,5231,58
10,MINAS,141A,EL CHACHO,ESC PROV ANGEL V PEÑALOZA - PUBLICA S/N EL CHACHO - EL CHACHO,1,5232,5232,158
10,MINAS,142,SAN CARLOS,ESC.SEC.J.L.DE CABRERA - RIVADAVIA E IRIGOYEN 0 SAN CARLOS - SAN CARLOS,7,5233,5239,2213
10,MINAS,142A,TALAINI,ESC.PROV.J.J.CASTELLI. - PUBLICA 0 TALAINI - TALAINI,1,5240,5240,150
11,POCHO,144,CHANCANI,ESC PROV MARIANO MORENO - PUBLICA S/N CHANCANI - CHANCANI,3,5241,5243,1045
11,POCHO,144A,LAS JARILLAS,ESC.PROV.L.LUGONES - PUBLICA 0 LAS JARILLAS - LAS JARILLAS,1,5244,5244,88
11,POCHO,144B,EL MEDANITO,ESC R ESCALADA DE SAN MARTIN - EL MEDANITO EL MEDANITO - EL MEDANITO,1,5245,5245,61
11,POCHO,145,POCHO,ESC.PROV.D.FRENCH - PUBLICA 0 VILLA DE POCHO - VILLA DE POCHO,2,5246,5247,583
11,POCHO,145A,LAS PALMAS,ESCUELA N°157 - LAS PALMAS LAS PALMAS - LAS PALMAS,1,5248,5248,287
11,POCHO,146,SALSACATE,ESC GENERAL JOSE DE SAN MARTIN - AV CURA BROCHERO 150 SALSACATE -,6,5249,5254,2034
11,POCHO,146A,TALA CAÑADA,ESC.PROV.M.BELGRANO - CALLE PUBLICA S/N TALA CAÑADA - TALA CAÑADA,1,5255,5255,319
11,POCHO,146B,SAN JERONIMO,ESC.PROV. E.ECHEVERRIA - CALLE PUBLICA S/N SAN JERONIMO - SAN GERONIMO,1,5256,5256,229
11,POCHO,146C,LOS TALARES,ESC ROQUE SAENZ PEÑA - CALLE PUBLICA S/N LOS TALARES - LOS TALARES,1,5257,5257,150
12,PUNILLA,147,BIALET MASSE,INST SERVILIANO DIAZ - SAN MARTIN 675 BIALET MASSE - BIALET MASSE,6,5258,5263,2070
12,PUNILLA,147,BIALET MASSE,INST NTA SRA DEL ROSARIO - 9 DE JULIO 359 BIALET MASSE - BIALET MASSE,5,5264,5268,1725
12,PUNILLA,147,BIALET MASSE,ESC DR BIALET MASSE - ROQUE SAENZ PEÑA 91 B°CENTRO B MASSE - BIALET,8,5269,5276,2759
12,PUNILLA,147A,SAN ROQUE,IPEM N°388 - CEFERINO NAMUNCURA Y EVA PERON SAN ROQUE PUNILLA - SAN,5,5277,5281,1485
12,PUNILLA,147B,VILLA PARQUE SIQUIMAN,ESC DR JERONIMO J DEL BARCO - VILLA PARQUE SIQUIMAN VA PQUE SIQUIMAN -,8,5282,5289,2473
12,PUNILLA,148,CAPILLA DEL MONTE,ESC GRAL JOSE DE SAN MARTIN - SARMIENTO 380 CAPILLA DEL MONTE - CAPILLA,9,5290,5298,3114
12,PUNILLA,148,CAPILLA DEL MONTE,IPEM N° 279 - HIPOLITO YRIGOYEN 450 CAPILLA DEL MONTE - CAPILLA DEL MONTE,13,5299,5311,4498
12,PUNILLA,148,CAPILLA DEL MONTE,ESC ESP JUAN MANUEL FERNANDEZ - AV PUEYRREDON 131 CAPILLA DEL MONTE -,10,5312,5321,3460
12,PUNILLA,149,CASA GRANDE,ESC GRAL JOSE DE SAN MARTIN - RUTA NACIONAL N°38 CASA GRANDE - CASA,3,5322,5324,827
12,PUNILLA,150,COSQUIN,COLEGIO PARROQUIAL PIO XII - OBISPO BUSTOS 816 COSQUIN - COSQUIN,11,5325,5335,3817
12,PUNILLA,150,COSQUIN,IPEM N°60 M MORENO(EX IPET 13) - PALEMON CARRANZA 1085 COSQUIN -,9,5336,5344,3123
12,PUNILLA,150,COSQUIN,IPEM N°157-PTE SARMIENTO - P CARRANZA 940 COSQUIN - COSQUIN,12,5345,5356,4164
12,PUNILLA,150,COSQUIN,ESC NORMAL SUP R SAENZ PEÑA - SAN MARTIN 394 COSQUIN - COSQUIN,8,5357,5364,2776
12,PUNILLA,150,COSQUIN,ESC TTE GRAL JULIO A ROCA - SAN MARTIN Y SARMIENTO S/N COSQUIN -,13,5365,5377,4511
12,PUNILLA,150,COSQUIN,ESC ESP DR J REYES CONTRERAS - MONS DE ANDREA 2300 B°S TERESITA,7,5378,5384,2427
12,PUNILLA,151,CHARBONIER,ESC P ALBARRACIN DE SARMIENTO - PUBLICA S/N CHARBONIER - CHARBONIER,3,5385,5387,742
12,PUNILLA,152,HUERTA GRANDE,ESC BERNARDINO RIVADAVIA - NUETRA SEÑORA DEL CARMEN 199 HUERTA,8,5388,5395,2752
12,PUNILLA,152,HUERTA GRANDE,I.P.E.M N° 200 - ARRABARRENA ESQ PROV UNIDAS S/N HUERTA GRANDE - HUERTA,10,5396,5405,3436
12,PUNILLA,152A,VILLA GIARDINO,IPEM N° 339 - LOS COCOS ESQ PEPERINA VLLA GIARDINO - VILLA GIARDINO,7,5406,5412,2366
12,PUNILLA,152A,VILLA GIARDINO,ESC ESTEBAN ECHEVERRIA - CHILE 42 B°INDEPENDENCIA V.GI - VILLA GIARDINO,5,5413,5417,1690
12,PUNILLA,152A,VILLA GIARDINO,COL JUANA MICONO DE GIARDIN - AV SAN MARTIN 762 VILLA GIARDINO - VILLA,5,5418,5422,1685
12,PUNILLA,153,LA CUMBRE,ESC M E H DE GONZALEZ ELIZALDE - RIO NEGRO S/N B°ARGENTINO L.CUMBRE - LA,6,5423,5428,2100
12,PUNILLA,153,LA CUMBRE,INSTITUTO GRAL SAN MARTIN - 9 DE JULIO 564 B°GOLF LA CUMBRE - LA CUMBRE,8,5429,5436,2800
12,PUNILLA,153,LA CUMBRE,ESC JOSEFA MARIA BUSTOS - ALBERDI 277 LA CUMBRE - LA CUMBRE,7,5437,5443,2450
12,PUNILLA,154,LA FALDA,ESC JOSE MARIA PAZ - HIPOLITO YRIGOYEN 431 B°SAN JORGE LA FALDA - LA,7,5444,5450,2429
12,PUNILLA,154,LA FALDA,IPEM N°142 JOAQUIN V GONZALEZ - SAN GERONIMO Y LAS AMERICAS S/N LA FALDA,11,5451,5461,3806
12,PUNILLA,154,LA FALDA,ESC MATEO J MOLINA - AV EDEN 445 LA FALDA - LA FALDA,10,5462,5471,3460
12,PUNILLA,154,LA FALDA,ESC NICOLAS AVELLANEDA - PROGRESO 399 B°SANTA ROSA LA FALDA - LA FALDA,7,5472,5478,2422
12,PUNILLA,154,LA FALDA,ESC AERONAUTICA ARGENTINA - OCAMPO Y ROMAN DEHEZA S/N-LA LOMITA LA,6,5479,5484,2076
12,PUNILLA,155,SAN ESTEBAN,ESC INES MOYANO DE MOLINA - MANUEL MUJICA LAINEZ S/N SAN ESTEBAN - SAN,3,5485,5487,848
12,PUNILLA,155A,LOS COCOS,IPEA 343 - LAS ACACIAS S/N B°CENTRO LOS COCOS - LOS COCOS,4,5488,5491,1062
12,PUNILLA,156,VILLA CARLOS PAZ,ESC CARLOS NICANDRO PAZ - SAN MARTIN 255 VILLA CARLOS PAZ - VILLA CARLOS,17,5492,5508,5916
12,PUNILLA,156,VILLA CARLOS PAZ,ESC PRESIDENTE SARMIENTO - LOS GIGANTES S/N- B°M.MUÑOZ V C PAZ - VILLA,12,5509,5520,4176
12,PUNILLA,156,VILLA CARLOS PAZ,ESC ISLA DE LOS ESTADOS - LOS CEIBOS S/N B°LA QUINTA 0 VILLA CARLOS PAZ -,10,5521,5530,3480
12,PUNILLA,156,VILLA CARLOS PAZ,INST ALFONSINA STORNI(EX IESS) - SOLIS 283 B° VILLA DOMINGUEZ - VILLA,20,5531,5550,6960
12,PUNILLA,156,VILLA CARLOS PAZ,INST BERNARDO D ELIA - ASUNCION B°LA QUINTA 440 VILLA CARLOS PAZ - VILLA,15,5551,5565,5220
12,PUNILLA,156,VILLA CARLOS PAZ,INST R ESCALADA DE SAN MARTIN - ESTRADA Y ANTARTIDA SAN ROQUE - VILLA,15,5566,5580,5220
12,PUNILLA,156,VILLA CARLOS PAZ,INST INDUSTRIAL CRISTO OBRERO - FLORENCIO SANCHEZ S/N-B°LAS MALVINAS,10,5581,5590,3480
12,PUNILLA,156,VILLA CARLOS PAZ,PRIMARIO JOSE DE SAN MARTIN - AMEGHINO Y BALCARCE VILLA CARLOS PAZ -,8,5591,5598,2784
12,PUNILLA,156,VILLA CARLOS PAZ,IPEM N° 365-DR RENE FAVALORO - GOBERNADOR ALVAREZ 131 S R DEL LAGO V C,10,5599,5608,3480
12,PUNILLA,156,VILLA CARLOS PAZ,INST BILINGUE DANTE ALIGHIERI - ALFONSINA STORNI Y LOS ALERCES 0 VILLA,17,5609,5625,5916
12,PUNILLA,156,VILLA CARLOS PAZ,ESC RICARDO BERNABE FERNANDEZ - LAS MARGARITAS 255-VA INDEPENDENCIA,8,5626,5633,2784
12,PUNILLA,156,VILLA CARLOS PAZ,ESC JOSE A ALVAREZ CONDARCO - IGUALDAD 199 B°SAN IGNACIO VILLA CARLOS,6,5634,5639,2088
12,PUNILLA,156,VILLA CARLOS PAZ,COLEGIO COSTA AZUL - HUARPES Y COMECHINGONES-B°COSTA AZUL VILLA,13,5640,5652,4517
12,PUNILLA,156,VILLA CARLOS PAZ,ESC MANUEL BELGRANO - JUAN S BACH 521 COSTA AZUL - VILLA CARLOS PAZ,4,5653,5656,1388
12,PUNILLA,156A,YCHO CRUZ,ESC MERCEDES S M DE BALCARCE - GENERAL SAN MARTIN S/N YCHO CRUZ -,6,5657,5662,1947
12,PUNILLA,156B,CUESTA BLANCA,LOCAL COMUNAL(CENTRO DE ATENCION VECINAL) - RUTA PCIAL.N°14 ESQ MANUEL,2,5663,5664,568
12,PUNILLA,156C,MAYU SUMAJ,EDIFICIO COMUNAL - MAYU SUMAJ MAYU SUMAJ - MAYU SUMAJ,4,5665,5668,1356
12,PUNILLA,156D,SAN ANTONIO DE ARREDONDO,ESC JUAN JOSE PASO - RUTA PROV. 14-KM.43 CENTRO SAN A.DE ARREDONDO -,8,5669,5676,2680
12,PUNILLA,156D,SAN ANTONIO DE ARREDONDO,IPEM 348 GABRIEL GARCIA MARQUEZ - RUTA 14 Y CNO A LAS JARILLAS SAN,7,5677,5683,2342
12,PUNILLA,156E,TALA HUASI,EDIFICIO COMUNAL(EX SEDE COOPERATIVA DE AGUA ) - PUCARA ESQ CARREGA,1,5684,5684,264
12,PUNILLA,157,SANTA MARIA,COLEGIO SAN ROQUE - LAVALLE VILLA BUSTOS 2730 SANTA MARIA - SANTA MARIA,6,5685,5690,2082
12,PUNILLA,157,SANTA MARIA,ESC BENJAMIN MATIENZO - DR.MIGUEL A. VOCOS S/N TILLARD SANTA MARIA -,4,5691,5694,1388
12,PUNILLA,157,SANTA MARIA,ESC JUAN BAUTISTA AZOPARDO - SARMIENTO 59 V BUSTOS SANTA MARIA - SANTA,7,5695,5701,2429
12,PUNILLA,157,SANTA MARIA,INST. SEC. ORIENTACION REGIONA - VILLA BUSTOS SANTA MARIA - SANTA MARIA,9,5702,5710,3123
12,PUNILLA,158,TANTI,ESC DOMINGO FAUSTINO SARMIENTO - MARIANO MORENO 597 B°VILLA NUEVA,11,5711,5721,3696
12,PUNILLA,158,TANTI,IPEM N°84 J VOCOS LESCANO - SAN FRANCISCO 33 LA ESTANCIA TANTI - TANTI,10,5722,5731,3358
12,PUNILLA,158A,CABALANGO,ESC.PROV.D. FRENCH - EL CHAÑAR 69 CABALANGO - CABALANGO,2,5732,5733,664
12,PUNILLA,158B,ESTANCIA VIEJA,ESC PROV COSME ARGERICH - CALLE SAN MARTIN S/N ESNANCIA VIEJA -,2,5734,5735,648
12,PUNILLA,158B,ESTANCIA VIEJA,JARDIN COSME ARGERICH - SAN MARTIN S/N ESTANCIA VIEJA - ESTANCIA VIEJA,3,5736,5738,969
12,PUNILLA,158C,VILLA SANTA CRUZ DEL LAGO,IPEM N° 332 - LOS TALAS ESQ. LAS ROSAS VA STA CRUZ DEL LAGO - VILLA SANTA,10,5739,5748,3284
12,PUNILLA,159,VALLE HERMOSO,IPEM N° 335 LUIS ALBERTO SPINETTA - GOBERNADOR NUÑEZ 73 VALLE HERMOSO,8,5749,5756,2760
12,PUNILLA,159,VALLE HERMOSO,INST.NTA.SRA. DEL CALVARIO - SAN MARTIN 12 VALLE HERMOSO - VALLE,9,5757,5765,3102
13,RIO CUARTO,160,ACHIRAS,ESC DOMINGO FAUSTINO SARMIENTO - SARMIENTO 425 ACHIRAS - ACHIRAS,8,5766,5773,2736
13,RIO CUARTO,160A,LA CAROLINA,ESC PROV DOMINGO F SARMIENTO - PUBLICA S/N LACAROLINA-EL POTOSI - LA,1,5774,5774,267
13,RIO CUARTO,161,ADELIA MARIA,INSTITUTO ADELIA MARIA - AV SAN MARTIN 1050 CENTRO ADELIA MARIA - ADELIA,11,5775,5785,3763
13,RIO CUARTO,161,ADELIA MARIA,ESC GENERAL SAN MARTIN - SARMIENTO 98 CENTRO ADELIA MARIA - ADELIA,8,5786,5793,2736
13,RIO CUARTO,162,ALCIRA,ESC JOSE MARIA PAZ - GRAL ROCA 643 ALCIRA CENTRO - ALCIRA,7,5794,5800,2443
13,RIO CUARTO,162,ALCIRA,ESC PERITO FRANCISCO MORENO - DEAN FUNES Y HEROES ANONIMOS S/N,9,5801,5809,3140
13,RIO CUARTO,163,ALPA CORRAL,IPEM N° 119 NESTOR ZARAZAGA - GOBERNADOR JULIO BORDA S/N VILLA SANTA,4,5810,5813,1274
13,RIO CUARTO,164,BAIGORRIA,ESC PROV BERNARDINO RIVADAVIA - VELEZ SARSFIELD 50 BAIGORRIA - CORONEL,6,5814,5819,1942
13,RIO CUARTO,165,BANDA NORTE,ANGELES CUSTODIOS/SAGRADA FLIA - ISABEL LA CATOLICA Y E JENNER S/N,12,5820,5831,4200
13,RIO CUARTO,165,BANDA NORTE,ESC DR ADOLFO ALSINA - AVENIDA GARIBALDI 740 BANDA NORTE - RIO CUARTO,11,5832,5842,3850
13,RIO CUARTO,165,BANDA NORTE,MERC DEL NIÑO JESUS/S FCO ASIS - VICTOR HUGO 885 BANDA NORTE - RIO,17,5843,5859,5950
13,RIO CUARTO,165,BANDA NORTE,INST SUP RAMON MENENDEZ PIDAL - AV JOSE GARIBALDI 50 BANDA NORTE - RIO,12,5860,5871,4188
13,RIO CUARTO,165,BANDA NORTE,ESC PROVINCIA SANTA CRUZ - SANTA FE ESQ URUGUAY S/N BANDA NORTE - RIO,13,5872,5884,4537
13,RIO CUARTO,165,BANDA NORTE,ESC REPUBLICA DEL URUGUAY - SAN LUIS 342 BANDA NORTE - RIO CUARTO,6,5885,5890,2094
13,RIO CUARTO,165,BANDA NORTE,IPEM N°95 M SANCHEZ DE THOMPSO - MANCO CAPAC 50 BANDA NORTE - RIO,14,5891,5904,4886
13,RIO CUARTO,165,BANDA NORTE,CNMA 24-ANEXO PCIA STA CRUZ (10 DE JUNIO) - EL SALVADOR 850 B°BALACO,4,5905,5908,1396
13,RIO CUARTO,166,BERROTARAN,ESC VICTOR MERCANTE - FRAY MAMERTO ESQUIU 25 BERROTARAN -,8,5909,5916,2704
13,RIO CUARTO,166,BERROTARAN,INSTITUTO PARROQ.BERROTARAN - AQUINO ARGUELLO ARDILES 207,11,5917,5927,3716
13,RIO CUARTO,167,BULNES,ESC.FRAY M.ALVAREZ - SARMIENTO 187 BULNES - BULNES,3,5928,5930,1045
13,RIO CUARTO,168,CHAJAN,ESC PROV GRAL J DE SAN MARTIN - BV CORDOBA S/N CHAJAN - CHAJAN,3,5931,5933,808
13,RIO CUARTO,169,CHUCUL,ESC SUBTTE RODOLFO H BERDINA - AV SAN MARTIN S/N CHUCUL - CHUCUL,2,5934,5935,456
13,RIO CUARTO,170,ELENA,INST SEC LA ASUNCION DE MARIA - PASAJE CURA BROCHERO 189 ELENA - ELENA,5,5936,5940,1605
13,RIO CUARTO,170,ELENA,ESC RICARDO GUTIERREZ - ALBERDI 377 ELENA - ELENA,4,5941,5944,1284
13,RIO CUARTO,171,ESPINILLO,ESC PROV JOSE DE SAN MARTIN - RUTA NACIONAL 36 KM 614 S/N ESPINILLO -,1,5945,5945,162
13,RIO CUARTO,172,HOLMBERG,ESC.PROV.C.SAAVEDRA - AV GENERAL PAZ 263 CENTRO HOLMBERG - SANTA,7,5946,5952,2382
13,RIO CUARTO,172,HOLMBERG,ESC.S.R.DE ZAVALIA - INGENIERO MILITAR CARULLA S CATALINA HOLMBERG -,6,5953,5958,2040
13,RIO CUARTO,172,HOLMBERG,IPEA N°215 RAUL SCALABRINI ORTIZ - SANTA CATALINA-HOLMB - SANTA CATALINA,4,5959,5962,1360
13,RIO CUARTO,173,LA ARGENTINA,ESC JOSE DE SAN MARTIN - CALLE PUBLICA 0 COLONIA LA ARGENTINA - COLONIA,1,5963,5963,8
13,RIO CUARTO,174,LA CAUTIVA,ESC PROV JOSE DE SAN MARTIN - SAN MARTIN S/N LA CAUTIVA - LA CAUTIVA,3,5964,5966,820
13,RIO CUARTO,175,LA GILDA,ESC PROV JOSE DE SAN MARTIN - PUBLICA S/N LA GILDA - LA GILDA,1,5967,5967,74
13,RIO CUARTO,176,LA INVERNADA,ESC R ESCALADA DE SAN MARTIN - CALLE PUBLICA S/N LA INVERNADA - LA,1,5968,5968,68
13,RIO CUARTO,177,LAS ACEQUIAS,ESC LEONILA DE LAS M LEMOS - MAIPU NORTE 535 LAS ACEQUIAS - LAS ACEQUIAS,8,5969,5976,2699
13,RIO CUARTO,178,LAS CAÑITAS,ESC.PROV.J.DE SAN MARTIN - CALLE PUBLICA S/N LAS CAÑITAS - LAS TAPIAS,1,5977,5977,67
13,RIO CUARTO,178A,LAS ALBAHACAS,ESC.C.G. DE REZZANO - CALLE 11 LAS ALBAHACAS - LAS ALBAHACAS,2,5978,5979,480
13,RIO CUARTO,178B,VILLA EL CHACAY,ESC.ALBERGUE J.HERNANDEZ - PUBLICA 0 VILLA EL CHACAY - VILLA EL CHACAY,1,5980,5980,133
13,RIO CUARTO,179,LAS HIGUERAS,ESC JORGE ALEJANDRO NEWBERY - ESPAÑA 36 LAS HIGUERAS - LAS HIGUERAS,13,5981,5993,4414
13,RIO CUARTO,179,LAS HIGUERAS,JARD INF JORGE A NEWBERY - ESPAÑA 86 B°SAN MARTIN - LAS HIGUERAS,4,5994,5997,1356
13,RIO CUARTO,179,LAS HIGUERAS,I.P.E.A Y T.N°186- - CARLOS GARDEL Y CAPITAN CASTAGNARI LAS HIGUERAS - LAS,5,5998,6002,1695
13,RIO CUARTO,180,LAS PEÑAS,ESC.PROV.J.M.PAZ - AVDA. 22 DE OCTUBRE 0 LAS PEÑAS - LAS PEÑAS,1,6003,6003,198
13,RIO CUARTO,181,LOS CUATRO VIENTOS,ESC ANTONIO SOBRAL - PUBLICA S/N LOS CUATRO VIENTOS - CUATRO VIENTOS,1,6004,6004,176
13,RIO CUARTO,182,LAS VERTIENTES,ESC CAP DE FRAGATA MOYANO - JULIANA GARCIA P 560 LAS VERTIENTES - LAS,3,6005,6007,939
13,RIO CUARTO,183,VICUÑA MACKENNA,INST JUAN PASCUAL PRINGLES - AV CARLOS S YDE 684 CENTRO - VICUÑA,10,6008,6017,3395
13,RIO CUARTO,183,VICUÑA MACKENNA,ESC GUIDO SPANO - SARMIENTO 672 VICUÑA MACKENNA - VICUÑA MACKENNA,8,6018,6025,2712
13,RIO CUARTO,183,VICUÑA MACKENNA,ESC GRAL NAPOLEON URIBURU - LIB GENERAL SAN MARTIN 318 VICUÑA,10,6026,6035,3390
13,RIO CUARTO,184,MOLDES,ESC FRAY MARCOS DONATTI - 9 DE JULIO 626 MOLDES - CORONEL MOLDES,9,6036,6044,3032
13,RIO CUARTO,184,MOLDES,IPEM N°94 DOLORES L DE LAVALLE - MOLDES MOLDES - CORONEL MOLDES,8,6045,6052,2688
13,RIO CUARTO,184,MOLDES,ESC NICOLAS AVELLANEDA - MITRE 74 MOLDES - CORONEL MOLDES,8,6053,6060,2688
13,RIO CUARTO,184A,MONTE DE LOS GAUCHOS,ESC.PROV.M.BELGRANO - SARMIENTO 0 MONTE DE LOS GAUCHOS - MONTE DE,3,6061,6063,760
13,RIO CUARTO,186,PUEBLO ALBERDI,ESC NICOLAS AVELLANEDA - VICENTE LOPEZ 538 PUEBLO ALBERDI - RIO CUARTO,13,6065,6077,4532
13,RIO CUARTO,186,PUEBLO ALBERDI,IPEMN° 26 JUAN FILLOY - BELISARIO ROLDAN 535 PUEBLO ALBERDI - RIO CUARTO,10,6078,6087,3480
13,RIO CUARTO,186,PUEBLO ALBERDI,COLEGIO MARIA BENITA ARIAS - MONTEVIDEO 751 PUEBLO ALBERDI - RIO CUARTO,10,6088,6097,3480
13,RIO CUARTO,186,PUEBLO ALBERDI,ESC GRAL JUSTO S ANAYA - AZOPARDO FENIX 1270 PUEBLO ALBERDI - RIO,14,6098,6111,4872
13,RIO CUARTO,186,PUEBLO ALBERDI,INST LANTERIANO LA MERCED - BELISARIO ROLDAN 275 PUEBLO ALBERDI - RIO,11,6112,6122,3828
13,RIO CUARTO,186,PUEBLO ALBERDI,ESC ARZOBISPO ANTONIO ESPINOSA - OLEGARIO ANDRADE 1020 PUEBLO ALBERDI,14,6123,6136,4872
13,RIO CUARTO,186,PUEBLO ALBERDI,IPET 314- GRAL J DE SAN MARTIN - GUEMEZ 1600 B°PUEBLO ALBERDI - RIO,5,6137,6141,1740
13,RIO CUARTO,187,PUEYRREDON,ESC CAP DE NAV S ALBARRACIN - PUEYRREDON PUEYRREDON - COLONIA,1,6142,6142,114
13,RIO CUARTO,188,RIO CUARTO,ESC.NORM.NAC.MIXTA - CONSTITUCION 1040 RIO CUARTO - RIO CUARTO,24,6143,6166,8400
13,RIO CUARTO,188,RIO CUARTO,INST SAN BUENAVENTURA - SAN MARTIN 250 RIO CUARTO - RIO CUARTO,12,6167,6178,4200
13,RIO CUARTO,188,RIO CUARTO,ESC FLORENTINO AMEGHINO - 9 DE JULIO 314 RIO CUARTO - RIO CUARTO,9,6179,6187,3150
13,RIO CUARTO,188,RIO CUARTO,DICHIARA-EX ESC.GRAL S.MARTIN - BOLIVAR Y ALBERDI 335 RIO CUARTO - RIO,9,6188,6196,3150
13,RIO CUARTO,188,RIO CUARTO,ESCUELA GENERAL PAZ - MITRE 850 RIO CUARTO - RIO CUARTO,13,6197,6209,4550
13,RIO CUARTO,188,RIO CUARTO,COL NTRA SRA DEL CARMEN - BAIGORRIA 373 RIO CUARTO - RIO CUARTO,17,6210,6226,5950
13,RIO CUARTO,188,RIO CUARTO,ESC ALTE BROWN - RIO QUINTO 660 RIO CUARTO - RIO CUARTO,8,6227,6234,2800
13,RIO CUARTO,188,RIO CUARTO,ESCUELA GRAL ROCA - PASO 790 B°S ROSA RIO CUARTO - RIO CUARTO,12,6235,6246,4200
13,RIO CUARTO,188,RIO CUARTO,ESC BARTOLOME MITRE - LAVALLE 1452 RIO CUARTO - RIO CUARTO,12,6247,6258,4200
13,RIO CUARTO,188,RIO CUARTO,ESC 21 DE JULIO - BAIGORRIA 552 RIO CUARTO - RIO CUARTO,9,6259,6267,3150
13,RIO CUARTO,188,RIO CUARTO,ESC MANUEL BELGRANO - SOBREMONTE 1333 RIO CUARTO - RIO CUARTO,14,6268,6281,4900
13,RIO CUARTO,188,RIO CUARTO,IPET 259 AMBROSIO OLMOS - BAIGORRIA 527 RIO CUARTO - RIO CUARTO,12,6282,6293,4200
13,RIO CUARTO,188,RIO CUARTO,ESC.NORMAL COMERCIAL - BAIGORRIA 463 RIO CUARTO - RIO CUARTO,27,6294,6320,9449
13,RIO CUARTO,188,RIO CUARTO,ESC VELEZ SARSFIELD - MENDOZA 1502 RIO CUARTO - RIO CUARTO,9,6321,6329,3141
13,RIO CUARTO,188,RIO CUARTO,ESCUELA PIAS - BV GRAL ROCA 701 RIO CUARTO - RIO CUARTO,8,6330,6337,2792
13,RIO CUARTO,188,RIO CUARTO,COLEGIO GALILEO GALILEI - ALVEAR 1040 RIO CUARTO - RIO CUARTO,12,6338,6349,4188
13,RIO CUARTO,188,RIO CUARTO,COLEGIO HISPANO ARGENTINO - FOTHERINGHAM 68 RIO CUARTO - RIO CUARTO,14,6350,6363,4886
13,RIO CUARTO,189,SAMPACHO,INSTITUTO LA CONSOLATA - HIPOLITO IRIGOYEN 482 SAMPACHO - SAMPACHO,7,6364,6370,2422
13,RIO CUARTO,189,SAMPACHO,ESC SAN MARTIN - DEAN FUNES 624 SAMPACHO - SAMPACHO,7,6371,6377,2422
13,RIO CUARTO,189,SAMPACHO,INSTPABLO ANTONIO PIZZURNO - SAMPACHO SAMPACHO - SAMPACHO,8,6378,6385,2761
13,RIO CUARTO,190,SAN AMBROSIO,ESC.SAN JUAN BOSCO - PUBLICA 0 SAN AMBROSIO - SAN AMBROSIO,1,6386,6386,128
13,RIO CUARTO,191,SAN BASILIO,INST JUAN BAUTISTA ALBERDI - BV LORENZO BERARDO NORTE 325 SAN BASILIO -,4,6387,6390,1396
13,RIO CUARTO,191,SAN BASILIO,ESC JOSE DE SAN MARTIN - BELGRANO 121 B° CENTRO S BASILIO - SAN BASILIO,6,6391,6396,2088
13,RIO CUARTO,191A,MALENA,ESC.PROV.R.E.DE SAN MARTIN - REMEDIOS ESCALADA DE SAN MARTIN 0 MALENA,1,6397,6397,341
13,RIO CUARTO,192,SUCO,ESC R ESCALADA DE SAN MARTIN - SUCO SUCO - SUCO,2,6398,6399,470
13,RIO CUARTO,193,TOSQUITA,ESC.PROV.J.M.ESTRADA - AVELLANEDA 181 TOSQUITA - TOSQUITAS,2,6400,6401,577
13,RIO CUARTO,194,WASHINGTON,ESCUELA-JUAN B ALBERDI - CALLE 3 WASHINGTON RIO IV - WASHINGTON,2,6402,6403,585
14,RIO PRIMERO,195,ATAHONA,ESC.PROV.J.DE SAN MARTIN - PUBLICA S/N ATAHONA - ATAHONA,1,6404,6404,179
14,RIO PRIMERO,196,CAÑADA DE MACHADO,ESC.PROV.M.MORENO - CALLE 12 CAÑADA DE MACHADO - CAÑADA DE MACHADO,1,6405,6405,218
14,RIO PRIMERO,197,LA POSTA,ESC PROV JOAQUIN V GONZALEZ - JOAQUIN V GONZALEZ S/N LA POSTA - LA,2,6406,6407,379
14,RIO PRIMERO,198,CAPILLA DE REMEDIOS,ESC PROV MARTIN GUEMES - MARTIN GUEMES Y RAVADAVIA S/N CAPILLA DE,4,6408,6411,1059
14,RIO PRIMERO,199,CHALACEA,ESC N°315 ARTURO CAPDEVILA - MAESTRO MARIO S/N CHALACEA - CHALACEA,1,6412,6412,264
14,RIO PRIMERO,200,DIEGO DE ROJAS,ESC M.C.CALDECOT DE ARGUELLO - FIGUEROA ALCORTA S/N DIEGO DE ROJAS -,2,6413,6414,531
14,RIO PRIMERO,201,COLONIA LAS CUATRO ESQUIN,ESC JOSE MARIA PAZ - LAS CUATRO ESQUINAS EL MANANTIAL - COLONIA LAS,1,6415,6415,132
14,RIO PRIMERO,201A,LAS GRAMILLAS,ESC MAEST F BELLORA DE DAVILA - CALLE PUBLICA S/N LAS GRAMILLAS - LAS,1,6416,6416,149
14,RIO PRIMERO,202,ESQUINA,ESC PROV JOSE MANUEL ESTRADA - MALVINAS ARGENTINAS S/N ESQUINA -,1,6417,6417,349
14,RIO PRIMERO,203,PEDRO E.VIVAS,ESC.R.E.DE SAN MARTIN - MARTIN MIGUEL DE GUEMEZ Y PEDRO VIVA KILOMETRO,2,6418,6419,362
14,RIO PRIMERO,204,LA PARA,ESC MARIANO FRAGUEIRO - MARIANO FRAGUEIRO 385 LA PARA - LA PARA,4,6420,6423,1396
14,RIO PRIMERO,204,LA PARA,ESC DR D VELEZ SARSFIELD - MARIANO MORENO 1020 LA PARA ROSEDAL - LA,7,6424,6430,2438
14,RIO PRIMERO,205,LA PUERTA,ESC PROV FRAY MAMERTO ESQUIU - SAN LORENZO 698 LA PUERTA - LA PUERTA,7,6431,6437,2171
14,RIO PRIMERO,206,LAS HERAS,ES RAUL AUGUSTO PEDERNERA-411 - LA CAÑADA LAS HERAS - LAS HERAS,1,6438,6438,55
14,RIO PRIMERO,207,LAS SALADAS,ESC DALMIRA MURO(EX DEL CHACO) - LAS SALADAS LAS SALADAS - LAS SALADAS,1,6439,6439,267
14,RIO PRIMERO,208,COMECHINGONES,ESCUELA N°111(ESCRIVANO FRANCISCO CORNAVACA) - SARMIENTO Y 25 DE MAYO,1,6440,6440,299
14,RIO PRIMERO,209,MAQUINISTA GALLINI,ESC.PROV.J.M.PAZ - PUBLICA 0 MAQUINISTA GALLINI - MAQUINISTA GALLINI,1,6441,6441,147
14,RIO PRIMERO,210,BLAS DE ROSALES,ESC DOMINGO F SARMIENTO - PUBLICA S/N(HOY:BLAS DE ROSALES) MEDIA LUNA,1,6442,6442,84
14,RIO PRIMERO,211,MONTE CRISTO,MARGARITA V LUDUEÑA DE LAZO - SARMIENTO LAS MALVINAS 571 MONTE CRISTO,7,6443,6449,2450
14,RIO PRIMERO,211,MONTE CRISTO,INST PQUIAL MONTE CRISTO - ROQUE SAENZ PEÑA 380 MONTE CRISTO -,9,6450,6458,3147
14,RIO PRIMERO,211,MONTE CRISTO,ESCUELA MAESTRO DOMINGO NOGAL - AV SAN MARTIN 0 MONTE CRISTO -,7,6459,6465,2443
14,RIO PRIMERO,211,MONTE CRISTO,ESCUELA 25 DE MAYO - LUIS F TAGLE 215 MONTE CRISTO - MONTECRISTO,7,6466,6472,2443
14,RIO PRIMERO,212,MONTE DEL ROSARIO,ESC.PROV.J.M.PAZ - PUBLICA 0 MONTE DEL ROSARIO - MONTE DEL ROSARIO,1,6473,6473,124
14,RIO PRIMERO,212B,EL CRISPIN,ESC PROV DOMINGO F SARMIENTO - PUBLICA S/N EL CRISPIN - EL CRISPIN,1,6474,6474,271
14,RIO PRIMERO,213,OBISPO TREJO,ESCUELA R.GUTIERREZ - GENERAL PAZ 788 OBISPO TREJO - OBISPO TREJO,8,6475,6482,2507
14,RIO PRIMERO,214,PIQUILLIN,ESC.PROV.D.F.SARMIENTO - AVDA.SARMIENTO E 74 PIQUILLIN - PIQUILLIN,5,6483,6487,1716
14,RIO PRIMERO,215,PLAZA DE MERCEDES,ESC.PROV.M.BELGRANO - CHACON DE CUESTAS 0 PLAZA DE MERCEDES - PLAZA,1,6488,6488,138
14,RIO PRIMERO,215A,LA QUINTA,ESC PROV JUAN JOSE PASO - PUBLICA S/N LA QUINTA - LA QUINTA,1,6489,6489,283
14,RIO PRIMERO,216,PUNTA DEL AGUA,ESC.PROV.GRAL SAN MARTIN - PUBLICA 0 PÛNTA DEL AGUA - PUNTA DEL AGUA,1,6490,6490,35
14,RIO PRIMERO,217,QUEBRACHO,ESC.PROV.1ER.GOBIERNO PATRIO - CALLE PUBLICA S/N QUEBRACHO - EL,1,6491,6491,83
14,RIO PRIMERO,218,RIO PRIMERO,EX-ESCUELA N°279 - PABLO ROBERT 182 RIO PRIMERO - RIO PRIMERO,8,6492,6499,2728
14,RIO PRIMERO,218,RIO PRIMERO,ESC GRAL JOSE DE SAN MARTIN - CORRIENTES LUCHI 251 RIO PRIMERO - RIO,8,6500,6507,2721
14,RIO PRIMERO,218,RIO PRIMERO,IPEM N° 164 ATALIVA HERRERA - AV CONTARDO FERRINI 365 RIO PRIMERO - RIO,5,6508,6512,1700
14,RIO PRIMERO,219,SAGRADA FAMILIA,ESC.JORGE NEWBERY - PUBLICA 0 SAGRADA FAMILIA - SAGRADA FAMILIA,1,6513,6513,175
14,RIO PRIMERO,220,VILLA SANTA ROSA,INST DEL SANTISIMO ROSARIO - SAN MARTIN 756 STA ROSA DE RIO PRIM - SANTA,7,6514,6520,2429
14,RIO PRIMERO,220,VILLA SANTA ROSA,ESC PBRO JOSE G BROCHERO - SANTA ROSA SANTA ROSA - SANTA ROSA DE RIO,7,6521,6527,2422
14,RIO PRIMERO,220,VILLA SANTA ROSA,INSTITUTO EL SALVADOR - BELGRANO 301 SANTA ROSA - SANTA ROSA DE RIO,8,6528,6535,2768
14,RIO PRIMERO,221,EL ALCALDE,ESC PROV R SAENZ PEÑA - EL ALCALDE TALA - EL ALCALDE,1,6536,6536,111
14,RIO PRIMERO,222,VILLA FONTANA,IPEM N°228-SAN ISIDRO LABRADOR - AV PEDRO J FONTANA 448 VILLA FONTANA -,3,6537,6539,955
15,RIO SECO,223,CANDELARIA NORTE,ESC.PROV.C.SAAVEDRA - PUBLICA 0 CANDELARIA NORTE - VILLA CANDELARIA,3,6540,6542,838
15,RIO SECO,224,ENCRUCIJADA,ESC PROV PRIMERA JUNTA - CALLE PUBLICA S/N ENCRUCIJADA - LA ENCRUCIJADA,1,6543,6543,45
15,RIO SECO,225,GUTEMBERG,ESC GRAL SAN MARTIN - SARMIENTO 400 GUTEMBREG - GUTEMBERG,3,6544,6546,917
15,RIO SECO,225A,LA CAÑADA,ESC PROV GENERAL PAZ - PUBLICA S/N LA CAÑADA - LA CAÑADA,1,6547,6547,81
15,RIO SECO,226,LOS HOYOS,ESC PRO MARTIN GUEMES - PUBLICA S/N LOS HOYOS - LOS HOYOS,2,6548,6549,451
15,RIO SECO,226A,PUESTO DE CASTRO,ESC.PROV.D.F.SARMIENTO - DOMINGO FAUSTINO SARMIENTO S/N PUESTO DE,2,6550,6551,404
15,RIO SECO,227,RAYO CORTADO,ESC.PROV.CNEL.F.DE BEDOYA - CALLE PUBLICA S/N RAYO CORTADO - RAYO,3,6552,6554,750
15,RIO SECO,227A,RINCONADA,ESC PROV GUILLERMO BROWN - PUBLICA S/N LA RINCONADA - LA RINCONADA,2,6555,6556,464
15,RIO SECO,227B,CERRO COLORADO,ESC PROV LUCIANO ARGUELLO - CALLE PIBLICA S/N CERRO COLORADO - CERRO,2,6557,6558,365
15,RIO SECO,227C,CHAÑAR VIEJO,ESC PROV G MARTINEZ PIZARRO - PUBLICA S/N CHAÑAR VIEJO - CHAÑAR VIEJO,1,6559,6559,194
15,RIO SECO,227D,SANTA ELENA,ESC PROV ING FEDERICO NEHHER - PUBLICA S/N SANTA ELENA - SANTA ELENA,2,6560,6561,402
15,RIO SECO,228,SEBASTIAN ELCANO,ESC.PROV. CNEL. A.H.CARPANI COSTA - MAESTRO PIÑA 279 SEBASTIAN ELCANO -,8,6562,6569,2701
15,RIO SECO,229,VILLA DE MARIA,ESC JOSE DE SAN MARTIN - RIVADAVIA 768 CTRO VILLA DE MARIA - VILLA DE,8,6570,6577,2800
15,RIO SECO,229,VILLA DE MARIA,IPEM 224-LEOPOLDO LUGONES - INGENIERO CANO S/N V MARIA DE RIO SECO -,7,6578,6584,2447
15,RIO SECO,229A,EUFRASIO LOZA,ESC PROV LEOPOLDO LUGONES - SANTIAGO DEL ESTERO S/N EUFRASIO LOZA -,1,6585,6585,205
16,RIO SEGUNDO,230,CALCHIN,IPEM 284 DOMINGO F SARMIENTO - SANTA TERESA 250 CALCHIN - CALCHIN,7,6586,6592,2260
16,RIO SEGUNDO,230A,CALCHIN OESTE,ESC.PROV.M.BELGRANO - JOSE HERNANDEZ 40 CALCHIN OESTE - CALCHIN OESTE,2,6593,6594,687
16,RIO SEGUNDO,231,CAPILLA DEL CARMEN,ESCUELA NARCISO LAPRIDA - GRAL JOSE DE SAN MARTIN S/N CAPILLA DEL,2,6595,6596,423
16,RIO SEGUNDO,232,CARRILOBO,ESC PROV PTE JULIO ROCA - MARIANO MORENO 815 CARRILOBO - CARRILOBO,6,6597,6602,1768
16,RIO SEGUNDO,233,COLAZO,ESC PROV SEMANA DE MAYO - ADALGISA 427 COLAZO - COLAZO,4,6603,6606,1382
16,RIO SEGUNDO,234,COSTA SACATE,ESC LIB GRAL SAN MARTIN - 25 DE MAYO 160 COSTA SACATE - COSTA SACATE,4,6607,6610,1395
16,RIO SEGUNDO,235,LAGUNA LARGA,ESC BERNARDINO RIVADAVIA - RIVADAVIA 66 M ARGENTINA L LARGA - LAGUNA,8,6611,6618,2729
16,RIO SEGUNDO,235,LAGUNA LARGA,ESC NARCISO LAPRIDA - NARCISO LAPRIDA S/N LAGUNA LARGA - LAGUNA LARGA,7,6619,6625,2387
16,RIO SEGUNDO,235,LAGUNA LARGA,INST GRAL JOSE MARIA PAZ - BV RIO CUARTO 599 CENTRO LAGUNA LARGA -,5,6626,6630,1705
16,RIO SEGUNDO,236,LAS JUNTURAS,I.P.E.A.(IPEM 231 TORAZO) - ESPAÑA 337 LAS JUNTURAS - LAS JUNTURAS,5,6631,6635,1593
16,RIO SEGUNDO,236A,COLONIA VIDELA,ESC.PROV.D.F.SARMIENTO - PUBLICA 0 COLONIA VIDELA - COLONIA VIDELA,1,6636,6636,62
16,RIO SEGUNDO,237,LUQUE,IPEM N° 300 - SAN JUAN 871 LUQUE - LUQUE,7,6637,6643,2443
16,RIO SEGUNDO,237,LUQUE,ESC GRAL JOSE DE SAN MARTIN - CORDOBA 649 LUQUE - LUQUE,10,6644,6653,3483
16,RIO SEGUNDO,237A,MANFREDI,ESC RAFAEL SANCHEZ ES ESC 57 - ENTRE RIOS 111 MANFREDI RIO SEGUNDO -,3,6654,6656,1021
16,RIO SEGUNDO,237B,PUEBLO LUDUEÑA,ESC PROV JERONIMO L DE CABRERA - SAN MARTIN S/N IMPIRA PUEBLO LUDUEÑA,1,6657,6657,214
16,RIO SEGUNDO,238,MATORRALES,ESC.PROV.D.F.SARMIENTO - SARMIENTO 218 MATORRALES - MATORRALES,3,6658,6660,989
16,RIO SEGUNDO,239,ONCATIVO,ESC JOSE MARIA PAZ - 25 DE MAYO 700 ONCATIVO - ONCATIVO,11,6661,6671,3751
16,RIO SEGUNDO,239,ONCATIVO,ESC DE COM L LUGONES(IPEM 158) - BELGRANO 1400 ONCATIVO - ONCATIVO,8,6672,6679,2728
16,RIO SEGUNDO,239,ONCATIVO,ESC EMILIO F OLMOS - RIVADAVIA 745 ONCATIVO - ONCATIVO,8,6680,6687,2728
16,RIO SEGUNDO,239,ONCATIVO,IPEM N°54 J E MULLER - 25 DE MAYO S/N 1337 ONCATIVO - ONCATIVO,9,6688,6696,3060
16,RIO SEGUNDO,240,PILAR,ESC ZENON LOPEZ - RAFAEL NUÑEZ 1058 PILAR - PILAR,13,6697,6709,4458
16,RIO SEGUNDO,240,PILAR,ESC JUAN BAUTISTA BUSTOS - 9 DE JULIO NORTE PILAR - PILAR,7,6710,6716,2394
16,RIO SEGUNDO,240,PILAR,ESC MARIA J GONZALEZ CASEROS - 25 DE MAYO 1325 PILAR - PILAR,10,6717,6726,3420
16,RIO SEGUNDO,240,PILAR,INST CARLOS PELLEGRINI - RAFAEL NUÑEZ 827 PILAR - PILAR,10,6727,6736,3420
16,RIO SEGUNDO,241,POZO DEL MOLLE,ESC GENERAL SAN MARTIN - BELGRANO 225 POZO DEL MOLLE - POZO DEL MOLLE,11,6737,6747,3686
16,RIO SEGUNDO,241,POZO DEL MOLLE,ESC FRANCISCO MALBRAN - DIAGONAL PRECIDENTE PERON 512 POZO DEL MOLLE,6,6748,6753,2010
16,RIO SEGUNDO,242,RINCON,ESC PROV NICOLAS AVELLANEDA - 9 DE JULIO S/N RINCON RIO SEGUNDO -,2,6754,6755,498
16,RIO SEGUNDO,242A,CAÑADA DE MACHADO SUD,ESC MARIANO MORENO - CAÑADA DE MACHADO SUD CÑDA.DE MACHADO SUD -,1,6756,6756,6
16,RIO SEGUNDO,243,RIO SEGUNDO,C.E.N.M.A. N° 161 - SAN MARTIN ESQ ALEM - RIO SEGUNDO,6,6757,6762,2074
16,RIO SEGUNDO,243,RIO SEGUNDO,IPEM N°108-C G DE REZZANO - LEANDRO N ALEN Y MISIONES RIO SEGUNDO - RIO,11,6763,6773,3795
16,RIO SEGUNDO,243,RIO SEGUNDO,ESC PRIMER GOBIERNO PATRIO - RIVADAVIA 915 RIO SEGUNDO - RIO SEGUNDO,12,6774,6785,4140
16,RIO SEGUNDO,243,RIO SEGUNDO,ESC VICTOR MERCANTE - MARCONI 591 B°BELGRANO R SEGUNDO - RIO SEGUNDO,11,6786,6796,3795
16,RIO SEGUNDO,243,RIO SEGUNDO,ESC CONGRESO DE TUCUMAN - SAN MARTIN 1176 RIO SEGUNDO - RIO SEGUNDO,8,6797,6804,2760
16,RIO SEGUNDO,243,RIO SEGUNDO,IPEM N°156 JOSE M ESTRADA - BELGRANO 1420 RIO SEGUNDO - RIO SEGUNDO,5,6805,6809,1725
16,RIO SEGUNDO,244,SANTIAGO TEMPLE,ESC CORONEL PRINGLES - GUILLERMO CID S/N SANTIAGO TEMPLE - SANTIAGO,8,6810,6817,2508
16,RIO SEGUNDO,244A,LOS CHAÑARITOS,ESC PROV ESTANISLAO DEL CAMPO - CARLOS PLAZENOTTI 44 LOS CHAÑARITOS -,2,6818,6819,377
16,RIO SEGUNDO,245,VILLA DEL ROSARIO,ESCUELA RECONQUISTA - CORDOBA 851 VILLA DEL ROSARIO - VILLA DEL,9,6820,6828,3114
16,RIO SEGUNDO,245,VILLA DEL ROSARIO,ESC MARQUES DE SOBREMONTE - INDEPENDENCIA 485 VILLA DEL ROSARIO -,12,6829,6840,4152
16,RIO SEGUNDO,245,VILLA DEL ROSARIO,ESC SUP DE COM JOSE M PAZ - CORRIENTES 852 VILLA DEL ROSARIO - VILLA DEL,8,6841,6848,2767
16,RIO SEGUNDO,245,VILLA DEL ROSARIO,COLEGIO SAN JOSE - SAN MARTIN 485 VILLA DEL ROSARIO - VILLA DEL ROSARIO,11,6849,6859,3795
17,ROQUE SAENZ PEÑA,248,LABOULAYE,ESC MANUEL BELGRANO - GUILLERMO GRANT 198 LABOULAYE.BPUYRREDON -,8,6860,6867,2776
17,ROQUE SAENZ PEÑA,248,LABOULAYE,I.P.E.M. 278-M.ARGENTINAS - AV INDEPENDENCIA 475 B° CENTRO LABOULAYE -,9,6868,6876,3123
17,ROQUE SAENZ PEÑA,248,LABOULAYE,ESC GRAL CONRADO VILLEGAS - INTENDENTE FENOGLIO 344 B° S RITA,10,6877,6886,3470
17,ROQUE SAENZ PEÑA,248,LABOULAYE,IPEM 257 DR RENE FAVALORO - AV INDEPENDENCIA 512 B°TERMINAL LABOULAYE -,10,6887,6896,3470
17,ROQUE SAENZ PEÑA,248,LABOULAYE,ESC JUAN PASCUAL PRINGLES - AV INDEPENDENCIA 284 B° SUR LABOULAYE -,11,6897,6907,3817
17,ROQUE SAENZ PEÑA,248,LABOULAYE,ESC PRESIDENTE R SAENZ PEÑA - AV QUINTANA 126 B°BELGRANO LABOULAYE -,5,6908,6912,1732
17,ROQUE SAENZ PEÑA,249,LA CESIRA,ESC VICTORIANO RODRIGUEZ - ALVEAR 220 LA CESIRA - LA CESIRA,5,6913,6917,1448
17,ROQUE SAENZ PEÑA,251,LEGUIZAMON,ESC N°78-PINTOR JUAN M BLANES - NILDA BONETTO S/N LEGUIZAMON -,1,6918,6918,133
17,ROQUE SAENZ PEÑA,252,LEVALLE,ESC GRAL NICOLAS LEVALLE - BERNARDINO ANCE 601 B° NORTE LAVALLE -,7,6919,6925,2422
17,ROQUE SAENZ PEÑA,252,LEVALLE,ESC DR VIRGILIO BARBALATO - CARLOS PELLEGRINI 331 B° SUR LAVALLE -,8,6926,6933,2765
17,ROQUE SAENZ PEÑA,253,MELO,ESC.PROV.L.PASTEUR - 25 MAYO S/N 0 MELO - MELO,4,6934,6937,1166
17,ROQUE SAENZ PEÑA,254,RIO BAMBA,ESC RAUL SOULE(EX NAC N°241) - JOSEFA GORLERO S/N RIO BAMBA - RIO BAMBA,1,6938,6938,113
17,ROQUE SAENZ PEÑA,255,ROSALES,ESC.PROV.P.B.PALACIOS - CORRIENTES 0 ROSALES - ROSALES,2,6939,6940,548
17,ROQUE SAENZ PEÑA,256,SAN JOAQUIN,ESC.PROV.GRAL SAN MARTIN - CALLE PUBLICA S/N SAN JOAQUIN - SAN JOAQUIN,1,6941,6941,166
17,ROQUE SAENZ PEÑA,257,SERRANO,INS SAN ALBERTO Y SAN ENRIQUE - AV OOSTENDORP 281 SERRANO - SERRANO,9,6942,6950,3106
17,ROQUE SAENZ PEÑA,258,VILLA ROSSI,ESCUELA N°105(JOSE RUBIROLA) - DR LUIS ROSSI S/N VILLA ROSSI - VILLA ROSSI,2,6951,6952,600
18,SAN ALBERTO,259,ALTAUTINA,ESC.PROV.M.DE AZCUENAGA - PUBLICA 0 ALTAUTINA - ALTAUTINA,1,6953,6953,18
18,SAN ALBERTO,260,AMBUL,ESC.PROV.FRAY J.M.NOGAL - DOMINGO F SARMIENTO 0 AMBUL - AMBUL,3,6954,6956,1036
18,SAN ALBERTO,260A,EL VOLCAN,ESC PROV JUAN P PRINGLES - PUBLICA S/N EL VOLCAN - EL VOLCAN,1,6957,6957,35
18,SAN ALBERTO,261,BROCHERO,IPEM N° 344 - RUTA PROVI N 15 S/N B°CORTADERO BROCHERO - VILLA CURA,7,6958,6964,2401
18,SAN ALBERTO,261,BROCHERO,ESC JOSE GABRIEL BROCHERO - MARIANO MORENO 291 B° CENTRO BROCHERO -,7,6965,6971,2394
18,SAN ALBERTO,261,BROCHERO,INST TRANSITO DE MARIA - IRINEO ALTAMIRANO 60 B° CENTRO BROCHERO - VILLA,4,6972,6975,1368
18,SAN ALBERTO,261A,SAN LORENZO,ESC PROV JUAN MARTIN RECALDE - PUBLICA S/N SAN LORENZO - SAN LORENZO,4,6976,6979,1187
18,SAN ALBERTO,261B,VILLA BENEGAS,ESC.PROV.GUIDO SPANO - PUBLICA 0 VILLA BENEGAS - VILLA RAFAEL BENEGAS,1,6980,6980,42
18,SAN ALBERTO,262,MINA CLAVERO,ESC GRAL JOSE DE SAN MARTIN - AV MITRE 1251 MINA CLAVERO - MINA CLAVERO,10,6981,6990,3450
18,SAN ALBERTO,262,MINA CLAVERO,ESC MAESTRO D F SARMIENTO - AV HERNAN CORTEZ 1060 B°MAYTHE M CLAVERO,6,6991,6996,2070
18,SAN ALBERTO,262,MINA CLAVERO,IPEM N° 285-J G BROCHERO - LOS FUNDADORES S/N B°SANTA ANA M CLAVER -,7,6997,7003,2408
18,SAN ALBERTO,262,MINA CLAVERO,POLICIA FEDERAL ARGENTINA - LA CALERA ESQ LOS CEIBOS MINA CLAVERO -,4,7004,7007,1376
18,SAN ALBERTO,263,NONO,ESC.PROV.D.F.SARMIENTO - SARMIENTO 223 NONO - NONO,4,7008,7011,1252
18,SAN ALBERTO,263,NONO,IPEM 135-DON JOSE F RECALDE - AV LOS PORTEÑOS S/N 0 NONO SAN ALBERTO -,4,7012,7015,1248
18,SAN ALBERTO,263A,PAMPA DE ACHALA,ESCUELA 20 DE JUNIO - PUBLICA S/N PAMPA DE ACHALA - PAMPA DE ACHALA,1,7016,7016,130
18,SAN ALBERTO,263B,LOS CERROS,ESC PROV CEFERINO NAMUNCURA - PUBLICA S/N LOS CERROS - LOS CERROS,1,7017,7017,19
18,SAN ALBERTO,263C,ARROYO DE LOS PATOS,ESC J V LOPEZ(EX-NAC N°493) - RUTA N°14 Y ESMERALDA 0 ARROYO DE LOS,3,7018,7020,765
18,SAN ALBERTO,263D,LAS CALLES,ESC.PROV.M.A DE CARRANZA PREGOT - CALLE PUBLICA S/N LAS CALLES S,2,7021,7022,573
18,SAN ALBERTO,263E,LAS RABONAS,ESC.PROV.M.BELGRANO - RUTA NAC 14 LAS RABONAS - LAS RABONAS,3,7023,7025,773
18,SAN ALBERTO,264,PANAHOLMA,ESC.P.PIZZURNO - PUBLICA 0 PANAHOLMA S ALBERTO - PANAHOLMA,2,7026,7027,417
18,SAN ALBERTO,264A,LOS ESPINILLOS,ESC TOMAS DE IRIARTE - CALLE PUBLICA S/N LOS ESPINILLOS - LOS ESPINILLOS,1,7028,7028,248
18,SAN ALBERTO,265,SAN PEDRO,ESC CNEL OLMEDO - CECILIA FUNES 140 SAN PEDRO.B°CENTRO - SAN PEDRO,7,7029,7035,2345
18,SAN ALBERTO,265,SAN PEDRO,INST. AGROTECNICO STELLA MARIS - JUAN PABLO II-RUTA CNO CHANCANI SAN,7,7036,7042,2342
18,SAN ALBERTO,265A,VILLA SARMIENTO,ESC CNEL AGUSTIN A OLMEDO - LIBERTAD 270 B°CENTRO V SARMIENTO - VILLA,9,7043,7051,3034
18,SAN ALBERTO,265A,VILLA SARMIENTO,IPEA 307 - LIBERTAD 250 VILLA SARMIENTO - VILLA SARMIENTO,5,7052,7056,1685
18,SAN ALBERTO,265B,LA CORTADERA,ESC PROV MARIO REMORINO - PUBLICA S/N LA CORTADERA - LA CORTADERA,1,7057,7057,75
18,SAN ALBERTO,265C,SAUCE ARRIBA,ESC.PROV.FRAY L.BELTRAN - PUBLICA 0 SAUCE ARRIBA - SAUCE ARRIBA,3,7058,7060,955
18,SAN ALBERTO,266,SAN VICENTE,ESC MAESTRO H GALABURRI - MONSEÑOR FARINA S/N SAN VICENTE - SAN,5,7061,7065,1447
18,SAN ALBERTO,266A,SAN RAFAEL,ESC MARCELO T DE ALVEAR - CALLE PUBLICA S/N SAN RAFAEL - SAN RAFAEL,1,7066,7066,147
19,SAN JAVIER,267,CONLARA,ESC PROV NARCISO LAPRIDA - PUBLICA S/N CONLARA - CONLARA,2,7067,7068,464
19,SAN JAVIER,268,DOLORES,ESC MARIANO MORENO - PRESIDENTE PERON 565 B° JARDIN V DOLORES - VILLA,10,7069,7078,3500
19,SAN JAVIER,268,DOLORES,INST PBRO J V BRIZUELA - SARMIENTO 270 B° CENTRO V DOLORES - VILLA,9,7079,7087,3150
19,SAN JAVIER,268,DOLORES,ESC.NORMAL SARSFIELD - AV.S.MARTIN 271 VILLA DOLORES - VILLA DOLORES,16,7088,7103,5600
19,SAN JAVIER,268,DOLORES,ESC GENERAL SAN MARTIN - EDISON 130 VILLA DOLORES - VILLA DOLORES,14,7104,7117,4900
19,SAN JAVIER,268,DOLORES,ESC MANUEL BELGRANO - AV BELGRANO 1399 B° FATIMA V DOLORES - VILLA,7,7118,7124,2450
19,SAN JAVIER,268,DOLORES,COLEGIO SAGRADO CORAZON - HORMAECHE 375 B° JARDIN V DOLORES - VILLA,9,7125,7133,3148
19,SAN JAVIER,268,DOLORES,ESC C CENTENARIO-IPEM N° 146 - PEDRO C MOLINA 145 VILLA DOLORES - VILLA,8,7134,7141,2792
19,SAN JAVIER,268,DOLORES,ESC DOLORES AGUIRRE DE FUNES - PEDRO C MOLINA S/N(B°TRADICION VILLA,9,7142,7150,3141
19,SAN JAVIER,269,LA PAZ,INST JUAN BAUTISTA ALBERDI - 12 DE OCTUBRE 30 LA PAZ - LA PAZ,4,7151,7154,1308
19,SAN JAVIER,269,LA PAZ,ESC PROV JOSE M PAZ - VELEZ SARSFIELD Y BRAULIO FUNES LA PAZ - LA PAZ,6,7155,7160,1956
19,SAN JAVIER,269A,QUEBRACHO LADEADO,ESC.PROV.J.M.ESTRADA - PUBLICA 0 QUEBRACHO LADEADO - QUEBRACHO,2,7161,7162,458
19,SAN JAVIER,269B,EL MANANTIAL,ESC PROV JUAN JOSE PASO - RUTA NACIONAL 148 S/N EL MANANTIAL - EL,1,7163,7163,35
19,SAN JAVIER,270,LAS ROSAS,ESC MAGDALENA T DE CHARLES - CHAMPAQUI 283 VILLA LAS ROSAS - VILLA DE,10,7164,7173,3353
19,SAN JAVIER,270,LAS ROSAS,INST. VILLA DE LAS ROSAS - AV BELGRANO 350 B°CENTRO V LAS ROSAS - VILLA DE,5,7174,7178,1675
19,SAN JAVIER,271,LAS TAPIAS,ESC LEOPOLDO LUG0NES - CALLE PUBLICA S/N LAS TAPIAS - LAS TAPIAS,5,7179,7183,1718
19,SAN JAVIER,272,LOS HORNILLOS,ESC JOSE DE SAN MARTIN - GRAL SAN MARTIN S/N LOS HORNILLOS - LOS,4,7184,7187,1333
19,SAN JAVIER,273,LUYABA,ESC.PROV.EMILIO F.OLMOS - CALLE PUBLICA S/N 0 LUYABA - LUYABA,4,7188,7191,1344
19,SAN JAVIER,274,SAN JAVIER,ESC GENERAL SAN MARTIN - CALLE PUBLICA S/N SAN JAVIER - SAN JAVIER,3,7192,7194,978
19,SAN JAVIER,274A,LA POBLACION,ESC MANUEL CABRAL DE TERZAGA - RUTA PROVINCIAL 14 LA POBLACION - LA,2,7195,7196,511
19,SAN JAVIER,275,SAN JOSE,ESC EMILIO FELIPE OLMOS - AV SAN MARTIN S/N SAN JOSE - SAN JOSE,7,7197,7203,2201
19,SAN JAVIER,275A,LOS CERRILLOS,ESC GENERAL BARTOLOME MITRE - AV JUAN PERON S/N LOS CERRILLOS - LOS,8,7204,7211,2451
19,SAN JAVIER,276,YACANTO,ESC GENERAL SAN MARTIN - PUBLICA 0 YACANTO SAN JAVIER - YACANTO,4,7212,7215,1240
20,SAN JUSTO,277,ALICIA,ESC JOSE MANUEL ESTRADA - LA RIOJA 527 ALICIA - ALICIA,4,7216,7219,1313
20,SAN JUSTO,277,ALICIA,ESC FRAY CAYETANO RODRIGUEZ - MITRE 718 ALICIA - ALICIA,5,7220,7224,1640
20,SAN JUSTO,278,ALTOS DE CHIPION,ESC.PROV.RECONQUISTA - SARMIENTO 543 ALTOS DE CHIPION - ALTOS DE,6,7225,7230,1905
20,SAN JUSTO,279,ARROYITO,ESC MANUEL BELGRANO - RIVADAVIA 473 B° CENTRO ARROYITO - ARROYITO,12,7231,7242,4152
20,SAN JUSTO,279,ARROYITO,ESC JOSE MARIA PAZ - VELEZ SARSFILD 1049 B° CENTRO ARROYITO - ARROYITO,9,7243,7251,3114
20,SAN JUSTO,279,ARROYITO,INST DR D VELEZ SARSFIELD - BERNARDO ERB 320 ARROYITO - ARROYITO,15,7252,7266,5180
20,SAN JUSTO,279,ARROYITO,ESCUELA N°198(ESC GIMENEZ LAGO - ARROYITO ARROYITO - ARROYITO,14,7267,7280,4830
20,SAN JUSTO,279,ARROYITO,CERVELLON/NTRA S DE LA MERCED - 9 DE JULIO 465 B° CENTRO ARROYITO -,10,7281,7290,3450
20,SAN JUSTO,279A,EL FUERTECITO,ESC PROV ALTE GUILLERMO BROWN - ALICIA ROSSI 441 EL FUERTECITO - EL,2,7291,7292,364
20,SAN JUSTO,280,BALNEARIA,ESC VICENTE LOPEZ Y PLANES - 25 DE MAYO 271 B°IPV NORTE.BALNE -,6,7293,7298,2046
20,SAN JUSTO,280,BALNEARIA,ESC PABLO JULIO RODRIGUEZ - GENERAL LAVALLE 150 B°IPV NORTE - BALNEARIA,7,7299,7305,2384
20,SAN JUSTO,280,BALNEARIA,INST JUAN BAUTISTA ALBERDI - SAN JOSE 66 BALNEARIA - BALNEARIA,4,7306,7309,1360
20,SAN JUSTO,281,BEIRO,ESCUELA N°349(ESC JUAN BEIRO) - CALLE PUBLICA S/N COL BEIRO ESTE -,1,7310,7310,175
20,SAN JUSTO,282,BRINKMANN,COLEGIO MANUEL BELGRANO - AV SEEBER 317 B°M BELGRANO - BRINKMANN,7,7311,7317,2422
20,SAN JUSTO,282,BRINKMANN,ESC 25 DE MAYO - 25 DE MAYO 975 25 DE MAYO BRINKMANN - BRINKMANN,10,7318,7327,3460
20,SAN JUSTO,282,BRINKMANN,IPETIN 262 BELISARIO ROLDAN - DR PITT FUNES 547 B°BERTOSSI - BRINKMANN,9,7328,7336,3113
20,SAN JUSTO,283,CONCEPCION,ESC.PROV.M.MORENO - TUCUMAN 483 CONCEPCION DEL TIO - VILLA CONCEPCION,6,7337,7342,1862
20,SAN JUSTO,283A,COLONIA PICHANAS,ESC CONGRESO DE TUCUMAN - COLONIA PICHANAS COLONIA PICHANAS -,1,7343,7343,187
20,SAN JUSTO,285,DEVOTO,ESC CARLOS J FLORIT - ALMIRANTE BROWN 83 DEVOTO - DEVOTO,10,7344,7353,3340
20,SAN JUSTO,285,DEVOTO,ESC DOMINGO F SARMIENTO - SARMIENTO 325 DEVOTO - DEVOTO,7,7354,7360,2332
20,SAN JUSTO,286,DIEZ DE JULIO,ESC PROV DOMINGO F SARMIENTO - PUBLICA S/N DIEZ DE JULIO - COLONIA 10 DE,1,7361,7361,158
20,SAN JUSTO,287,DOS HERMANOS,ESC PROV L DE LA TORRE - PUBLICA S/N DOS HERMANOS - COLONIA DOS,1,7362,7362,138
20,SAN JUSTO,288,EL ARAÑADO,ESC PROV CHACABUCO - 25 DE MAYO 381 EL ARAÑADO - EL ARAÑADO,6,7363,7368,2043
20,SAN JUSTO,288A,VILLA SAN ESTEBAN,ESCUELA PROV. ANTONIO SOBRAL - PUBLICA 0 VILLA SAN ESTEBAN - VILLA SAN,1,7369,7369,296
20,SAN JUSTO,289,EL FORTIN,ESC PROV DOMINGO F SARMIENTO - MATEO OLIVERO 576 EL FORTIN - EL FORTIN,4,7370,7373,1196
20,SAN JUSTO,290,EL TIO,ESC PROV JOSE MARIA PAZ - 15 DE OCTUBRE 588 EL TIO - EL TIO,3,7374,7376,996
20,SAN JUSTO,290,EL TIO,IPEM N°166 CAP G DEL VALLE - CAPITAN GABRIEL DEL VALLE 152 EL TIO - EL TIO,3,7377,7379,996
20,SAN JUSTO,291,FREYRE,COL STA TERESITA DEL N JESUS - BV 12 DE OCTUBRE 681 FREYRE - FREYRE,8,7380,7387,2788
20,SAN JUSTO,291,FREYRE,ESC FLORENTINO AMEGHINO - AV BELGRANO 169 FREYRE SAN JUSTO - FREYRE,10,7388,7397,3480
20,SAN JUSTO,291A,COLONIA ANITA,ESC PROV RAMON J CARCANO - PUBLICA S/N COLONIA ANITA - COLONIA ANITA,1,7398,7398,80
20,SAN JUSTO,292,ITURRASPE,ESC THOMAS ALVA EDISON - CALLE PUBLICA S/N ITURRASPE SAN JUSTO -,1,7399,7399,115
20,SAN JUSTO,293,LA FRANCIA,ESC PROV DAMAS PATRICIAS - BV CORDOBA 101 LA FRANCIA - LA FRANCIA,11,7400,7410,3666
20,SAN JUSTO,294,LA PAQUITA,ESC PROV MARIANO MORENO - ALMIRANTE BROWN 231 LA PAQUITA SAN JUSTO -,4,7411,7414,1058
20,SAN JUSTO,294A,COLONIA VALTELINA,JARDIN PROV NICOLAS AVELLANEDA - SARMIENTO S/N COLONIA VALTELINA -,1,7415,7415,174
20,SAN JUSTO,295,LA TORDILLA,ESC MARGARITA LA TORRE MERCADO - 8 DE SEPTIEMBRE 107 LA TORDILLA - LA,5,7416,7420,1622
20,SAN JUSTO,295A,TORO PUJIO,ESC.PROV.J.M.ESTRADA - AV LOS PINARES S/N 0 TORO PUJIO - TORO PUJIO,1,7421,7421,323
20,SAN JUSTO,296,LASPIUR,IPEM N°287-L LUGONES - RIVADAVIA 91 LASPIUR - SATURNINO MARIA LASPIUR,7,7422,7428,2415
20,SAN JUSTO,297,LAS VARAS,ESC PROV MARIANO MORENO - GABRIELA MISTRAL 318 LAS VARAS SAN JUSTO -,4,7429,7432,1216
20,SAN JUSTO,298,LAS VARILLAS,ESC NORM SUP D VELEZ SARSFIELD - ESCRIBANO LUIS MORELLI 188 LAS VARILLAS,19,7433,7451,6574
20,SAN JUSTO,298,LAS VARILLAS,ESCUELA GRAL PAZ - BUENOS AIRES 460 LAS VARILLAS - LAS VARILLAS,7,7452,7458,2422
20,SAN JUSTO,298,LAS VARILLAS,ESC BERNARDINO RIVADAVIA - INDEPENDENCIA 294 LAS VARILLAS - LAS VARILLAS,8,7459,7466,2768
20,SAN JUSTO,298,LAS VARILLAS,ESC BARTOLOME MITRE - SGTO CABRAL 521 LAS VARILLAS - LAS VARILLAS,10,7467,7476,3459
20,SAN JUSTO,299,LUXARDO,ESC CONSTANCIO LUXARDO - PUBLICA S/N LUXARDO - ESTACION LUXARDO,2,7477,7478,378
20,SAN JUSTO,300,MARINA,INST SEC MANUEL DORREGO - SARMIENTO 295 MARINA - COLONIA MARINA,4,7479,7482,1202
20,SAN JUSTO,301,MARULL,ESC.REP DEL PARAGUAY - 25 DE MAYO 299 MARULL - MARULL,6,7483,7488,1780
20,SAN JUSTO,302,MAUNIER,ESC PROV GRAL SAN MARTIN - PUBLICA S/N MAUNIER - COLONIA MAUNIER,1,7489,7489,120
20,SAN JUSTO,303,MIRAMAR,ESC.PROV.J.L.DE CABRERA - INDEPENDENCIA 288 MIRAMAR - MIRAMAR,7,7490,7496,2237
20,SAN JUSTO,304,MORTEROS,COLEGIO NACIONAL MIXTO - DORREGO 859 MORTEROS - MORTEROS,15,7497,7511,5160
20,SAN JUSTO,304,MORTEROS,ESC D VELEZ SARSFIELD - EMILIO F OLMOS 375 MORTEROS - MORTEROS,11,7512,7522,3784
20,SAN JUSTO,304,MORTEROS,ESCUELA CRISTO REY - BV 9 DE JULIO 1008 MORTEROS - MORTEROS,10,7523,7532,3440
20,SAN JUSTO,304,MORTEROS,INST ALBERTO IN AEBNIT - SERAFIN RESTA 223 B°NEWBERY MORTEROS -,7,7533,7539,2408
20,SAN JUSTO,304,MORTEROS,ESC BERNARDINO RIVADAVIA - SARMIENTO 208 MORTEROS - MORTEROS,7,7540,7546,2408
20,SAN JUSTO,305,PORTEÑA,INST BERNARDINO RIVADAVIA - SARMIENTO 217 PORTEÑA - PORTEÑA,8,7547,7554,2800
20,SAN JUSTO,305,PORTEÑA,ESC PROV 9 DE JULIO - AV CORDOBA 117 PORTEÑA SAN JUSTO - PORTEÑA,7,7555,7561,2443
20,SAN JUSTO,306,PROSPERIDAD,ESC PROV SANTIAGO DERQUI - JUAREZ CELMAN 357 PROSPERIDAD - COLONIA,2,7562,7563,556
20,SAN JUSTO,307,QUEBRACHO HERRADO,ESC.PROV.AYACUCHO - SARMIENTO 0 QUEBRACHO HERRADO - QUEBRACHO,2,7564,7565,684
20,SAN JUSTO,308,SACANTA,INST MANUEL BELGRANO - BELGRANO 960 SACANTA - SACANTA,4,7566,7569,1324
20,SAN JUSTO,308,SACANTA,ESCUELA ITUZAINGO - ITUZAINGO 251 SACANTA - SACANTA,5,7570,7574,1652
20,SAN JUSTO,309,SAN BARTOLOME,ESC PROV PRIMERA JUNTA - 9 DE JULIO 576 SAN BARTOLOME - COLONIA SAN,6,7575,7580,2065
20,SAN JUSTO,310,SAN FRANCISCO SECC. SUR,ESC EMILIO F OLMOS (IPEM N°50) - RIVADAVIA 679 SAN FCO SECC.SUR - SAN,13,7581,7593,4537
20,SAN JUSTO,310,SAN FRANCISCO SECC. SUR,ESC GENERAL MITRE - SANTA FE 538 SAN FCO.SECC.SUR - SAN FRANCISCO,9,7594,7602,3141
20,SAN JUSTO,310,SAN FRANCISCO SECC. SUR,COL SUP SAN MARTIN - PJE CHAMPAGNAT (SUR) 57 SAN FCO.SECC.SUR - SAN,13,7603,7615,4537
20,SAN JUSTO,310,SAN FRANCISCO SECC. SUR,ESCUELA 2 DE ABRIL - FALUCHO Y PEATONAL LARREA N S/N SAN FCO.SECC.SUR -,9,7616,7624,3141
20,SAN JUSTO,310,SAN FRANCISCO SECC. SUR,ESCUELA RIO NEGRO - CASEROS 518 B°LA CONSOLATA - SAN FRANCISCO,11,7625,7635,3839
20,SAN JUSTO,310,SAN FRANCISCO SECC. SUR,ESCUELA N AVELLANEDA - RIVADAVIA 648 SAN FCO.SECC.SUR - SAN FRANCISCO,16,7636,7651,5584
20,SAN JUSTO,310,SAN FRANCISCO SECC. SUR,ESCUELA RAFAEL NUÑEZ - PARAGUAY 1776 B°CATEDRAL - SAN FRANCISCO,6,7652,7657,2093
20,SAN JUSTO,310A,SAN FRANCISCO SECC. NORTE,ESC JOSE BERRNARDO ITURRASPE - CABRERA 1736 B°GRAL ROCA - SAN,17,7658,7674,5933
20,SAN JUSTO,310A,SAN FRANCISCO SECC. NORTE,ESC DOMINGO F SARMIENTO - ALMAFUERTE 104 B°ROCA.SECC.NORTE - SAN,10,7675,7684,3490
20,SAN JUSTO,310A,SAN FRANCISCO SECC. NORTE,COL SAN FCO DE ASIS - JUAN JOSE PASO 1650 B°VELEZ SARSFIELD - SAN,9,7685,7693,3141
20,SAN JUSTO,310A,SAN FRANCISCO SECC. NORTE,COLEGIO SAGRADO CORAZON - 25 DE MAYO 1414 B°ITURRASPE NORTE - SAN,9,7694,7702,3141
20,SAN JUSTO,310A,SAN FRANCISCO SECC. NORTE,ESCUELA PRIMERA JUNTA - ENTRE RIOS 2505 B°GRAL ROCA S NORTE - SAN,11,7703,7713,3839
20,SAN JUSTO,310A,SAN FRANCISCO SECC. NORTE,ESC PTE HIPOLITO YRIGOYEN - JUJUY 205 B°ITURRASPE S NORTE - SAN,13,7714,7726,4537
20,SAN JUSTO,310A,SAN FRANCISCO SECC. NORTE,ESC JOSE MARIA PAZ - REPUBLICA DEL LIBANO 1049 S.FRANCISCO NORTE - SAN,12,7727,7738,4188
20,SAN JUSTO,310A,SAN FRANCISCO SECC. NORTE,INST PASCUAL BAILON SOSA - AV TRIGUEROS 151 B° INDEPENDENCIA - SAN,6,7739,7744,2093
20,SAN JUSTO,311,SAN PEDRO,ESC ELSA MOLINA DE CODO - 9 DE JULIO S/N COLONIA SAN PEDRO - COLONIA SAN,1,7745,7745,253
20,SAN JUSTO,312,SAUZE,ESC.PROV.J.DE SAN MARTIN - CALLE PUBLICA S/N SAUZE - COLONIA LUIS SAUZE,1,7746,7746,16
20,SAN JUSTO,313,SEEBER,ESCUELA N°149(HOY:JOSE SEEBER) - SAN PANTALEON 425 SEEBER - SEEBER,3,7747,7749,729
20,SAN JUSTO,314,TRANSITO,ESC PROV R GUTIERREZ - POETA LUGONES 88 TRANSITO - TRANSITO,10,7750,7759,3200
20,SAN JUSTO,315,VIGNAUD,COL MARIA AUXILIADORA - ANA PASSADORE 611 VIGNAUT - COLONIA VIGNAUD,3,7760,7762,734
21,SANTA MARIA,316,ALTA GRACIA,ESC COMANDANTE ESPORA - 3 DE FEBRERO 362 B° SUR ALTA GRACIA - ALTA,12,7763,7774,4200
21,SANTA MARIA,316,ALTA GRACIA,ESC VICTOR MERCANTE - ANATOLE FRANCE 360 B°CARLOS PELLEGRINI - ALTA,8,7775,7782,2800
21,SANTA MARIA,316,ALTA GRACIA,INST EL OBRAJE (ARRIBA) - NIETO 17 B°POLUYAN - ALTA GRACIA,6,7783,7788,2100
21,SANTA MARIA,316,ALTA GRACIA,INST DE LA MISERICORDIA - PADRE DOMINGO VIERA 151 ALTA GRACIA - ALTA,10,7789,7798,3500
21,SANTA MARIA,316,ALTA GRACIA,INST SUP ANGLO AMERICANO - BV CARLOS PELLEGRINI 637 ALTA GRACIA - ALTA,7,7799,7805,2450
21,SANTA MARIA,316,ALTA GRACIA,ESC NAC NORM SUP ALTA GRACIA - JOSE HERNANDEZ 201 B°CAMARA ALTA,10,7806,7815,3500
21,SANTA MARIA,316,ALTA GRACIA,ESCUELA SAN MARTIN - URUGUAY 200 B° NORTE ALTA GRACIA - ALTA GRACIA,9,7816,7824,3150
21,SANTA MARIA,316,ALTA GRACIA,ESC REPUBLICA ITALIANA - MAESTRO JOSE GUTIERREZ (LALAHENES) 127 ALTA,8,7825,7832,2800
21,SANTA MARIA,316,ALTA GRACIA,I.P.E.M. N° 298 - RAFAEL LOZADA 53 B°CENTRO ALTA GRACIA - ALTA GRACIA,14,7833,7846,4900
21,SANTA MARIA,316,ALTA GRACIA,ESCUELA CURA ELEODORO FIERRO - RAMON J CARCANO 135 B°GOB A SABATTINI -,13,7847,7859,4550
21,SANTA MARIA,316,ALTA GRACIA,ESCUELA JOSE MARIA PAZ - PERALTA 80 B°CAMARA ALTA GRACIA - ALTA GRACIA,9,7860,7868,3150
21,SANTA MARIA,316,ALTA GRACIA,ESCUELA MANUEL SOLARES - ESPAÑA 26 B° SUR ALTA GRACIA - ALTA GRACIA,8,7869,7876,2794
21,SANTA MARIA,316,ALTA GRACIA,ESC SANTIAGO DE LINIERS - AV DE MAYO Y ESMERALDA B°LINIERS A GRACIA -,8,7877,7884,2792
21,SANTA MARIA,316,ALTA GRACIA,ESC PTE HIPOLITO IRIGOYEN - RIVADAVIA 49 B°GRAL BUSTOS ALTA G - ALTA,7,7885,7891,2443
21,SANTA MARIA,316A,ANIZACATE,IPEM N° 118-JUANA AZURDUY - SALOMON PALACIOS 0 ANIZACATE - ANISACATE,6,7892,7897,1968
21,SANTA MARIA,316A,ANIZACATE,ESC VICENTE LOPEZ Y PLANES - ANIZACATE ANIZACATE - ANISACATE,7,7898,7904,2296
21,SANTA MARIA,316A,ANIZACATE,JARDIN VICENTE LOPEZ Y PLANES - RUTA E 56 ANIZACATE - ANISACATE,2,7905,7906,654
21,SANTA MARIA,316B,LA PAISANITA,ESC PROV DOMINGO F SARMIENTO - PUBLICA S/N LA ISLA LA PAISANITA - LA,1,7907,7907,201
21,SANTA MARIA,316C,LA RANCHERITA,LOCAL COMUNAL - LA RANCHERITA LA RANCHERITA - LA RANCHERITA,1,7908,7908,185
21,SANTA MARIA,316D,LA SERRANITA,ESC GENERAL MANUEL BELGRANO - SAN AGUSTIN S/N LA SERRANITA - LA,2,7909,7910,490
21,SANTA MARIA,316E,LOS CEDROS,ESC PROV CATALINA E DE BARON - ANICETO GRANADO S/N LOS CEDROS - LOS,4,7911,7914,1260
21,SANTA MARIA,316F,VALLE DE ANIZACATE,IPET N°118 AZURDUY (CIRC 316A) - SALOMON PALACIOS S/N ANIZACATE - VALLE,4,7915,7918,1175
21,SANTA MARIA,316G,VILLA EL PRADO,ESC.PROV.J.HERNANDEZ - CALLE 10 ESQ AV N 5 0 VILLA EL PRADO - VILLA DEL,6,7919,7924,2012
21,SANTA MARIA,316H,VILLA LA BOLSA,ESCUELA ATAHULPA YUPANQUI - MISIONES S/N VILLA LA BOLSA - VILLA LA BOLSA,4,7925,7928,1180
21,SANTA MARIA,316I,VILLA LOS AROMOS,ESC PROV DOMINGO F SARMIENTO - LOS CRESPONES 308 VILLA LOS AROMOS -,4,7929,7932,1076
21,SANTA MARIA,316J,VILLA PARQUE SANTA ANA,IPET 334 - AV RIVADARIA S/N VILLA PQUE SANTA ANA - VILLA PARQUE SANTA ANA,10,7933,7942,3248
21,SANTA MARIA,317,BAJO CHICO,ESC PROV B DE MONTEAGUDO - CALLE PUBLICA P/ANIZACATE 0 BAJO CHICO -,2,7943,7944,371
21,SANTA MARIA,318,RAFAEL GARCIA,ESC.PROV.FRENCH Y BERUTTI - SARMIENTO Y BERUTTI 0 BAJO GRANDE R GARCIA,2,7945,7946,663
21,SANTA MARIA,319,BOUWER,ESC DR FLORENTINO F BUSTOS - LIBERTADOR SAN MARTIN 0 BOUWER - BOUWER,5,7947,7951,1613
21,SANTA MARIA,320,BUENA VISTA,OLEGARIO V ANDRADE (CIRC 322) - PUBLICA S/N -COSME NORTE COSME NORTE -,1,7952,7952,24
21,SANTA MARIA,322,COSME,ESC PROV OLEGARIO V ANDRADE - PUBLICA S/N COSME NORTE - COSME,1,7953,7953,51
21,SANTA MARIA,323,DESPEÑADEROS,INSTITUTO PRIVADO PIO XII - PADRE BUTELER 229 DESPEÑADEROS -,10,7954,7963,3390
21,SANTA MARIA,323,DESPEÑADEROS,ESC PROV 25 DE MAYO - CONGRESO 235 DESPEÑADEROS - DESPEÑADEROS,8,7964,7971,2711
21,SANTA MARIA,324,FALDA DEL CARMEN,ESC PROV DOMINGO F SARMIENTO - PUBLICA S/N FALDA DEL CARMEN - FALDA,5,7972,7976,1470
21,SANTA MARIA,325,LOZADA,ESC.PROV.B.RIVADAVIA - SARMIENTO 441 LOZADA - LOZADA,5,7977,7981,1452
21,SANTA MARIA,326,MALAGUEÑO,ESC PROV MANUEL BELGRANO - GRAL BUSTOS 700 MALAGUEÑO - MALAGUEÑO,13,7982,7994,4368
21,SANTA MARIA,326,MALAGUEÑO,I.P.E.M.67-L.PIEDRABUENA - PADRE CARLOS MORELLA 904 MALAGUEÑO -,10,7995,8004,3351
21,SANTA MARIA,326A,YOCSINA,COLEGIO JUAN XXIII - BRIGADIER SAN MARTIN 231 YOCSINA - YOCSINA,7,8005,8011,2332
21,SANTA MARIA,326A,YOCSINA,ESC PROV GABRIELA MISTRAL - MARCELO GARLOT 0 YOCSINA - YOCSINA,3,8012,8014,999
21,SANTA MARIA,326B,BARRIO PRIMERO DE MAYO,ESC PROV FRAY J S MARIA DE ORO - CRUCERO GENERAL BELGRANO S/N BARRIO,6,8015,8020,1960
21,SANTA MARIA,326C,SAN NICOLAS,ESC MARTIN M DE GUEMES - A CASTELLANO 0 VILLA SAN NICOLAS - VILLA SAN,7,8021,8027,2285
21,SANTA MARIA,326C,SAN NICOLAS,JARDIN MARTIN M DE GUEMES - A CASTELLANOS S/N SAN NICOLAS - VILLA SAN,2,8028,8029,652
21,SANTA MARIA,327,MONTE RALO,ESC.DELL ARMELLINA - ITALIA 0 MONTE RALO - MONTE RALO,2,8030,8031,499
21,SANTA MARIA,328,POTRERO DE GARAY,ESC IPEM 32-EST POT DE GARAY - LAS MONJITAS S/N 0 POTRERO DE GARAY -,5,8032,8036,1534
21,SANTA MARIA,328B,VILLA CIUDAD DE AMERICA,ESC.PROV.J.V.GONZALEZ - RUTA N 5 KM 54 0 VILLA C.DE AMERICA - VILLAS CIUDAD,3,8037,8039,960
21,SANTA MARIA,329,SAN CLEMENTE,ESC.PROV.J.B.CABRAL - PUBLICA 0 SAN CLEMENTE - SAN CLEMENTE,1,8040,8040,217
21,SANTA MARIA,330,SAN ISIDRO,ESC.PROV.M.MORENO - PUBLICA 0 SAN ISIDRO - VILLA SAN ISIDRO,2,8041,8042,671
21,SANTA MARIA,330A,JOSE DE LA QUINTANA,ESCUELA DE MINERIA - R J CARCANO JOSE DE LA QUINTANA - JOSE DE LA,2,8043,8044,647
21,SANTA MARIA,331,TOLEDO,ESC PROV JUAN B ALBERDI - CONSTITUCION 136 TOLEDO - TOLEDO,8,8045,8052,2792
21,SANTA MARIA,331,TOLEDO,IPEM 107 REINO DE ESPAÑA - HUMAITA 278 TOLEDO - TOLEDO,7,8053,8059,2440
22,SOBREMONTE,332,POZO NUEVO,ESC.PROV.FCO.PASCACIO MORENO - CALLE PUBLICA S/N POZO NUEVO - POZO,2,8060,8061,574
22,SOBREMONTE,333,CAMINIAGA,ESC V LOPEZ Y PLANES - INDEPENDENCIA S/N CAMINIAGA - CAMINIAGA,2,8062,8063,443
22,SOBREMONTE,334,CHUÑAHUASI,ESC PROV MARIANO MORENO - PUBLICA S/N CHUÑAHUASI - CHUÑA HUASI,1,8064,8064,333
22,SOBREMONTE,335,CHAÑAR,IPEM 63 R DE ITALIA EX IPET 17 - SARMIENTO 84 CHAÑAR - SAN FRANCISCO DEL,9,8065,8073,2887
23,TERCERO ARRIBA,336,ALMAFUERTE,COL NAC JOSE M ESTRADA - URUGUAY 55 ALMAFUERTE - ALMAFUERTE,13,8074,8086,4550
23,TERCERO ARRIBA,336,ALMAFUERTE,ESC REMEDIOS E DE SAN MARTIN - CASTELLI 590 ALMAFUERTE - ALMAFUERTE,11,8087,8097,3850
23,TERCERO ARRIBA,336,ALMAFUERTE,IPEM N° 299-DR S E NAUMCHIK - SANTIAGO DEL ESTERO ESQ.FRAGUEIRO 973,7,8098,8104,2447
23,TERCERO ARRIBA,337,ASCASUBI,ESC.M.G.PONCE - DUSSAN ALACEVICH 86 ASCASUBI - VILLA ASCASUBI,7,8105,8111,2348
23,TERCERO ARRIBA,337A,CNIA ALMADA,ESC PROV JUAN B ALBERDI - SANTA ROSA 171 COLONIA ALMADA - COLONIA,2,8112,8113,594
23,TERCERO ARRIBA,338,CORRALITO,ESC PROV GRAL J DE SAN MARTIN - PABLO A PIZZURNO 149 CORRALITO -,5,8114,8118,1740
23,TERCERO ARRIBA,339,DALMACIO VELEZ,ESC PROV FRAY LUIS BELTRAN - JUANA AZURDUY 283 DALMACIO VELEZ -,5,8119,8123,1468
23,TERCERO ARRIBA,340,HERNANDO,ESC GOB J F JAVIER DIAZ - 25 DE MAYO 678 HERNANDO - HERNANDO,7,8124,8130,2443
23,TERCERO ARRIBA,340,HERNANDO,COLEGIO DIVINO CORAZON - 25 DE MAYO 100 HERNANDO - HERNANDO,6,8131,8136,2094
23,TERCERO ARRIBA,340,HERNANDO,ESC PABLO A PIZZURNO - GENERAL PAZ 495 CENTRO HERNANDO - HERNANDO,9,8137,8145,3140
23,TERCERO ARRIBA,340,HERNANDO,ESC LA STMA TRINIDAD - COLON 102 HERNANDO - HERNANDO,7,8146,8152,2436
23,TERCERO ARRIBA,341,JAMES CRAIK,INST SEC JOSE M ESTRADA - AV SABATINI 274 JAMES CRAIK - JAMES CRAIK,6,8153,8158,2022
23,TERCERO ARRIBA,341,JAMES CRAIK,ESC PROV J M SALGUEIRO - PASTEUR 182 JAMES CRAIK - JAMES CRAIK,8,8159,8166,2693
23,TERCERO ARRIBA,342,LAS PERDICES,ESC PROV DOMINGO F SARMIENTO - SARMIENTO 724 LAS PERDICES - LAS,6,8167,8172,2082
23,TERCERO ARRIBA,342,LAS PERDICES,ESC CNEL DOMINGO GAY - SAN LUIS Y GENERAL PAZ S/N LAS PERDICES - LAS,7,8173,8179,2425
23,TERCERO ARRIBA,343,LOS ZORROS,ESC VICENTE LOPEZ Y PLANES - SAN MARTIN 346 LOS ZORROS - LOS ZORROS,2,8180,8181,633
23,TERCERO ARRIBA,344,OLIVA,ESC PROV BARTOLOME MITRE - ALVEAR 320 OLIVA - OLIVA,7,8182,8188,2419
23,TERCERO ARRIBA,344,OLIVA,C0LEGIO SAGRADO CORAZON - DON BOSCO 360 OLIVA - OLIVA,13,8189,8201,4485
23,TERCERO ARRIBA,344,OLIVA,ESCUELA NAC.DE COMERCIO - OLIVA OLIVA - OLIVA,13,8202,8214,4485
23,TERCERO ARRIBA,345,PAMPAYASTA NORTE,ESC PROV ANTARTIDA ARGENTINA - DE LOS ESTUDIANTES S/N PAMPAYASTA,2,8215,8216,435
23,TERCERO ARRIBA,346,PAMPAYASTA SUD,ESC.PROV. REYES CATOLICOS - RIVADAVIA 198 PAMPAYASTA SUD - PAMPAYASTA,4,8217,8220,1268
23,TERCERO ARRIBA,347,PUNTA DEL AGUA,ESC.PROV.S.A.GUTIERREZ - PUBLICA 0 PUNTA DEL AGUA - PUNTA DEL AGUA,1,8221,8221,230
23,TERCERO ARRIBA,347A,LAS ISLETILLAS,ESC PROV GABRIELA MISTRAL - DOMINGO FAUSTINO SARMIENTO S/N LAS,1,8222,8222,255
23,TERCERO ARRIBA,348,RIO TERCERO,ESC PROV MODESTO ACUÑA - AMINTA R DE HERRERA 455 RIO TERCERO - RIO,12,8223,8234,4188
23,TERCERO ARRIBA,348,RIO TERCERO,E.N.E.T. N°1 - TUCUMAN ESQ MENDOZA RIO TERCERO - RIO TERCERO,15,8235,8249,5235
23,TERCERO ARRIBA,348,RIO TERCERO,INST ALEXIS CARREL - GRAL PAZ Y ESPAÑA 390 RIO TERCERO - RIO TERCERO,17,8250,8266,5933
23,TERCERO ARRIBA,348,RIO TERCERO,ESC PROV R E DE SAN MARTIN - 25 DE FEBRERO 171 RIO TERCERO - RIO,12,8267,8278,4188
23,TERCERO ARRIBA,348,RIO TERCERO,ESC SUP DE COMERCIO - D DE ROJAS 761 B°LAS VILETAS R TERC - RIO TERCERO,6,8279,8284,2094
23,TERCERO ARRIBA,348,RIO TERCERO,COLEGIO JESUS MARIA Y JOSE - SAN AGUSTIN 318 RIO TERCERO - RIO TERCERO,14,8285,8298,4886
23,TERCERO ARRIBA,348,RIO TERCERO,ESC GREGORIA I PEREZ - ANGELINA ORTIZ ESQ INDEPENDENCIA S/N RIO TERCERO,10,8299,8308,3490
23,TERCERO ARRIBA,348,RIO TERCERO,ESC JOSE M ZAPIOLA - CHACABUCO 649 RIO TERCERO - RIO TERCERO,13,8309,8321,4529
23,TERCERO ARRIBA,348,RIO TERCERO,ESCUELA N° 402 - ISABEL LA CATOLICA 251 RIO TERCERO - RIO TERCERO,13,8322,8334,4524
23,TERCERO ARRIBA,348,RIO TERCERO,INSTITUTO ARTE NUEVO - CID CAMPEADOR 480 CENTRO RIO TERCERO - RIO,6,8335,8340,2088
23,TERCERO ARRIBA,348,RIO TERCERO,COLEGIO C SAAVEDRA LAMAS - HILARIO CUADROS Y EDMUNDO CARTOS S/N RIO,7,8341,8347,2436
23,TERCERO ARRIBA,349,TANCACHA,ESC PROV JOSE M PAZ - BARTOLOME MITRE 451 TANCACHA - TANCACHA,7,8348,8354,2309
23,TERCERO ARRIBA,349,TANCACHA,ESC GRAL JOSE DE SAN MARTIN - SARMIENTO 1076 TANCACHA NORTE -,8,8355,8362,2632
23,TERCERO ARRIBA,349A,GENERAL FOTHERINGHAM,ESC PROV GRAL BATOLOME MITRE - SAN JUAN ESQ BELGRANO GRAL,1,8363,8363,347
24,TOTORAL,350,CANDELARIA,ESC PROV GRAL ARENALES - CALLE PUBLICA S/N CANDELARIA - CANDELARIA SUR,2,8364,8365,402
24,TOTORAL,351,CAÑADA DE LUQUE,ESC.R.J.CARCANO - CALLE PUBLICA S/N CAÑADA DE LUQUE - CAÑADA DE LUQUE,4,8366,8369,1216
24,TOTORAL,351A,LA PAMPA,ESC PROV BERNARDINO RIVADAVIA - PUBLICA S/N LA PAMPA - LA PAMPA,3,8370,8372,761
24,TOTORAL,352,LAS PEÑAS,ESC.PROV.J.F.KENNEDY - LIDORO CENTURION 324 LAS PEÑAS - LAS PEÑAS,6,8373,8378,1803
24,TOTORAL,352A,LOS MISTOLES,ESC PROV PEDRO N ARIAS - PUBLICA S/N LOS MISTOLES - LOS MISTOLES,1,8379,8379,172
24,TOTORAL,353,MACHA,ESC CEFERINO NAMUNCURA - CALLE PUBLICA S/N MACHA TOTORAL - MACHA,1,8380,8380,65
24,TOTORAL,354,SANTA CATALINA,ESC PROV GREGORIA MATORRAS - PUBLICA S/N SANTA CATALINA - SANTA,1,8381,8381,258
24,TOTORAL,355,SARMIENTO,ESC.PROV.S.MARTIN Y GOMEZ - ESPAÑA S/N 0 SARMIENTO - SARMIENTO,4,8382,8385,1223
24,TOTORAL,356,SIMBOLAR,ESC.PROV.F.AMEGHINO - PUBLICA 0 SIMBOLAR - SIMBOLAR,2,8386,8387,364
24,TOTORAL,357,SINSACATE,ESC.PROV.CNEL. PRINGLES - PUBLICA- CAMINO A SAN LORENZO 0 SINSACATE -,7,8388,8394,2107
24,TOTORAL,358,SITON,ESC.PROV.24 DE SEPTIEMBRE - 8 DE DICIEMBRE S/N CAPILLA DE SITON - CAPILLA,2,8395,8396,625
24,TOTORAL,359,VILLA DEL TOTORAL,ESC PROV BARTOLOME MITRE - BV.ALLENDE 782 VILLA DEL TOTORAL - VILLA DEL,11,8397,8407,3802
24,TOTORAL,359,VILLA DEL TOTORAL,ESC NORM SUP V DEL TOTORAL - REP ARGENTINA Y PTE PERON S/N VILLA DEL,6,8408,8413,2070
24,TOTORAL,359,VILLA DEL TOTORAL,IPETYM N° 74 FRAY M ESQUIU - BV ALLENDE S/N LAS FLORES VILLA DEL TOTORAL -,7,8414,8420,2415
25,TULUMBA,360,CHURQUI CAÑADA,ESC PROV MARIANO MORENO - PUBLICA S/N CHURQUI CAÑADA - CHURQUI,1,8421,8421,156
25,TULUMBA,360A,EL RODEO,ESC PROV MIGUEL DE GUEMES - CALLE PUBLICA S/N EL RODEO - EL RODEO,1,8422,8422,272
25,TULUMBA,360B,LA TOMA,ESCUELA ESTEBAN ECHEVERRIA - CALLE PUBLICA S/N LA TOMA - LA TOMA,1,8423,8423,136
25,TULUMBA,361,LAS ARRIAS,ESC.J.M.ESTRADA - AV.SAN MARTIN 0 LAS ARRIAS - LAS ARRIAS,6,8424,8429,2002
25,TULUMBA,362,EL BAÑADO,ESC PROV 25 DE MAYO - CALLE PUBLICA S/N EL BAÑADO - EL BAÑADO,1,8430,8430,35
25,TULUMBA,363,ISLA DE SAN ANTONIO,ESC PROV JOSE MARMOL - CAMINO PROVINCIAL S/N ISLA DE SAN ANTONIO - ISLA,1,8431,8431,46
25,TULUMBA,364,LA DORMIDA,I.P.E.A. N°223 - GUAYASCATE 205 B°CENTRO LA DORMIDA - SAN JOSE DE LA,6,8432,8437,2028
25,TULUMBA,364,LA DORMIDA,ESC.PROV.F.N.LAPRIDA - FACUNDO QUIROGA 564 LA DORMIDA - SAN JOSE DE LA,8,8438,8445,2696
25,TULUMBA,365,LAS MASITAS,ESC LUIS E JUNCOS(EX NAC 212) - CALLE PUBLICA S/N LAS MASITAS - LAS,1,8446,8446,15
25,TULUMBA,366,LUCIO V MANSILLA,ESC.MARIA L.ROBLEDO - PUBLICA 0 LUCIO V MANSILLA - LUCIO V. MANSILLA,4,8447,8450,1064
25,TULUMBA,367,ROSARIO DEL SALADILLO,ESC.PROV.D.F.SARMIENTO - JAVIER GARCIA 0 R DEL SALADILLO - ROSARIO DEL,2,8451,8452,416
25,TULUMBA,368,SAN JOSE DE LAS SALINAS,ESC.PROV.V.MERCANTE - ONCATIVO S/N 0 S.JOSE DE LAS SALINA - SAN JOSE DE,2,8453,8454,671
25,TULUMBA,369,SAN PEDRO NORTE,ESC MANUEL BELGRANO - 9 DE JULIO S/N SAN PEDRO NORTE - SAN PEDRO,2,8455,8456,575
25,TULUMBA,370,SANTA CRUZ,ESC PROV CORNELIO SAAVEDRA - PUBLICA S/N (CAMINO A SAN PEDRO N) SANTA,1,8457,8457,86
25,TULUMBA,370A,LA CAÑADA,ESC PROV MANUEL DORREGO - PUBLICA S/N LA CAÑADA - LA CAÑADA,1,8458,8458,26
25,TULUMBA,371,TULUMBA,ESC.PROV.OB.O.CORREA - CALLE REAL S/N 0 VILLA TULUMBA - VILLA TULUMBA,6,8459,8464,2046
26,UNION,372,ALTO ALEGRE,ESC.PROV.DR.GARCIA GONZALEZ - JULIO A ROCA 115 ALTO ALEGRE - ALTO,4,8465,8468,1177
26,UNION,372A,ANA ZUMARAN,ESC PROV JUAN P ESNAOLA - CALLE PUBLICA S/N ANA ZUMARAN - ANA ZUMARAN,1,8469,8469,254
26,UNION,373,BALLESTEROS,ESC PROV GRAL SAN MARTIN - PTE PERON- 75 B°CENTRO BALLESTEROS -,7,8470,8476,2415
26,UNION,373,BALLESTEROS,ESC GRAL BELGRANO-IPEM N°139 - ANSELMO G VAZQUEZ- 522 B°CENTRO,5,8477,8481,1722
26,UNION,374,BALLESTEROS SUD,ESC JULIAN AGUIRRE (EX N°9) - EFRAIN TAGLE S/N BALLESTEROS SUD -,6,8482,8487,1832
26,UNION,375,BELL VILLE,ESC.NORMAL F.ALCORTA - 25 DE MAYO 135 BELL VILLE - BELL VILLE,21,8488,8508,7330
26,UNION,375,BELL VILLE,ESC F AMEGHINO - ENTRE RIOS 457 BELL VILLE - BELL VILLE,11,8509,8519,3839
26,UNION,375,BELL VILLE,ESC.SUPERIOR DE COMERCIO - F.MOLINA 69 BELL VILLE - BELL VILLE,14,8520,8533,4886
26,UNION,375,BELL VILLE,ESCUELA A MATTERSON - PTE PERON 414 BELL VILLE - BELL VILLE,12,8534,8545,4188
26,UNION,375,BELL VILLE,ESC PONCIANO VIVANCO - AMEGHINO 155 BELL VILLE - BELL VILLE,16,8546,8561,5584
26,UNION,375,BELL VILLE,COLEGIO SAN JOSE - BV FIGUEROA ALCORTA 40 BELL VILLE - BELL VILLE,12,8562,8573,4188
26,UNION,375,BELL VILLE,CENTRO POLIVALENTE DE ARTE MARTIN MALHARRO - INTENDENTE MARTIN,5,8574,8578,1745
26,UNION,376,BISMARCK,ESC PROV B ERNARDINO RIVADAVIA - RIVADAVIA 360 BISMARCK - COLONIA,2,8579,8580,426
26,UNION,377,BREMEN,ESC PROV ALMAFUERTE - CALLE PUBLICA S/N COLONIA BREMEN - COLONIA,1,8581,8581,263
26,UNION,378,CANALS,ESC PROV J HERNANDEZ - SAN MARTIN 187 CANALS - CANALS,10,8582,8591,3380
26,UNION,378,CANALS,INSTITUTO BELISARIO ROLDAN - 25 DE MAYO 160 CANALS NORTE - CANALS,13,8592,8604,4392
26,UNION,379,CARCANO,ESC.PROV.A.M.ZUMARAN D CARCANO - PUBLICA 0 CARCANO - RAMON J. CARCANO,1,8605,8605,23
26,UNION,381,CINTRA,ESC DE COM JOSE M.ESTRADA - BELGRANO 548 CINTRA - CINTRA,5,8606,8610,1511
26,UNION,382,CHILIBROSTE,ESC PROV B QUINQUELA MARTIN - SANTA FE 676 CHILIBROSTE - CHILIBROSTE,2,8611,8612,691
26,UNION,384,PUEBLO ITALIANO,ESC.PROV.V.LOPEZ Y PLANES - BUENOS AIRES 414 EL DORADO - PUEBLO,5,8613,8617,1615
26,UNION,385,ESCALANTE,ESC.M.C.G.DE MATOCCIA - ITALIA 1320 ESCALANTE - WENCESLAO ESCALANTE,4,8618,8621,1365
26,UNION,386,GOULD,ESC R VERA PEÑALOZA - FUERZA AEREA ARGENTINA 278 GOULD - BENJAMIN,2,8622,8623,624
26,UNION,387,IDIAZABAL,ESC P ALBARRACIN DE SARMIENTO - 9 DE JULIO 551 IDIAZABAL - IDIAZABAL,5,8624,8628,1535
26,UNION,389,LABORDE,ESCUELA MARIANO MORENO - BELGRANO 428 LABORDE - LABORDE,5,8629,8633,1665
26,UNION,389,LABORDE,INST SUP DE PROFESORADO - SAN MARTIN 451 LABORDE - LABORDE,6,8634,8639,1998
26,UNION,389,LABORDE,ESCUELA PROV DARDO ROCHA - BOLIVAR 611 LABORDE - LABORDE,5,8640,8644,1663
26,UNION,390,MONTE LEÑA,ESC.PROV.D.F.SARMIENTO - CARDO 146 MONTE LEÑA - MONTE LEÑA,2,8645,8646,593
26,UNION,391,MONTE MAIZ,INSTITUTO SAGRADO CORAZON - 9 DE JULIO 2250 MONTE MAIZ - MONTE MAIZ,12,8647,8658,4087
26,UNION,391,MONTE MAIZ,ESCUELA JOSE DE SAN MARTIN - SAN MARTIN 1518 MONTE MAIZ - MONTE MAIZ,7,8659,8665,2380
26,UNION,392,MORRISON,ESC PROV NIÑAS DE AYOHUMA - VICENTE LOPEZ Y PLANES S/N MORRISON -,4,8666,8669,1294
26,UNION,392,MORRISON,ESC PROV LEOPOLDO LUGONES - AV LEONARDO MURIALDO 524 MORRISON -,7,8670,8676,2261
26,UNION,393,NOETINGER,ESC PROV R E DE SAN MARTIN - SARMIENTO 152 NOETINGER - NOETINGER,6,8677,8682,1968
26,UNION,393,NOETINGER,ESCUELA LEANDRO N ALEM - ANDREA ACOSTA 486 NOETINGER - NOETINGER,8,8683,8690,2621
26,UNION,394,ORDOÑEZ,ESCUELA AMADEO AUCHTER - CALLE 10 N°119 ORDOÑEZ - ORDOÑEZ,7,8691,8697,2438
26,UNION,395,PASCANAS,INST GALA ORTIZ FERNANDEZ - ESPAÑA 16 PASCANAS - PASCANAS,5,8698,8702,1539
26,UNION,395,PASCANAS,ESC MAESTRO J RECALDE - SARMIENTO 451 PASCANAS - PASCANAS,3,8703,8705,921
26,UNION,396,POSSE,INST DALMACIO VELEZ SARSFIELD - BELGRANO 222 POSSE - JUSTINIANO POSSE,12,8706,8717,4032
26,UNION,396,POSSE,ESC PROV JUANA MANSO - DEAN FUNES 346 POSSE - JUSTINIANO POSSE,5,8718,8722,1680
26,UNION,396,POSSE,INSTITUTO SAN JOSE - 9 DE JULIO Y COLON J POSSE - JUSTINIANO POSSE,6,8723,8728,2015
26,UNION,396A,VILLA LOS PATOS,ESC.PROV.M.SASTRE - PUBLICA 0 VILLA LOS PATOS - VILLA LOS PATOS,1,8729,8729,34
26,UNION,397,SAN ANTONIO,ESC.PROV.P.PIZZURNO - MAESTRO FERNANDEZ 538 SAN ANTONIO - SAN ANTONIO,5,8730,8734,1552
26,UNION,397A,CORRAL DEL BAJO,ESCUELA VALENTIN ALSINA - CALLE PUBLICA S/N 0 CORRAL DEL BAJO - CORRAL,1,8735,8735,5
26,UNION,400,SAN MARCOS SUD,INST JOSE DE SAN MARTIN - ENTRE RIOS 977 SAN MARCOS SUD - SAN MARCOS,5,8736,8740,1605
26,UNION,400,SAN MARCOS SUD,ESC PROV M BUCHARDO - PASAJE AURORA LLANOS DE BUSTOS SAN MARCOS SUD,4,8741,8744,1283
26,UNION,401,SANTA MARIA,ESC PROV PAULA ALBARRACIN - LOS FRESNOS 290 SANTA MARIA - ALDEA SANTA,1,8745,8745,276
26,UNION,402,VIAMONTE,INSTITUTO JUAN B ALBERDI - AVELLANEDA 182 VIAMONTE - VIAMONTE,5,8746,8750,1666
