seccion_nro,seccion_name,circuito_nro,circuito_name,establecimiento,cant_mesas,desde,hasta,electores
1,CAPITAL,1,SECCIONAL PRIMERA,CENTRO EDUC.NIVEL MEDIO ADULTO DEAN FUNES 417,7,1,7,2408
1,CAPITAL,1,SECCIONAL PRIMERA,ESC NUESTRA SEÑORA DEL HUERTO BELGRANO 269,12,8,19,4128
1,CAPITAL,1,SECCIONAL PRIMERA,COL NAC DE MONSERRAT OBISPO TREJO 294,17,20,36,5840
1,CAPITAL,1,SECCIONAL PRIMERA,ESC SANTA TERESA DE JESUS OBISPO TREJO Y SANABRIA 160,10,37,46,3430
1,CAPITAL,2,SECCIONAL SEGUNDA,ESC JUAN BAUTISTA ALBERDI GRAL PAZ 486,17,47,63,5850
1,CAPITAL,3,SECCIONAL TERCERA,ESC JERONIMO LUIS DE CABRERA SANTA ROSA 650,15,64,78,5145
1,CAPITAL,3,SECCIONAL TERCERA,IPEM N° 270 GRAL M BELGRANO DEAN FUNES 850,11,79,89,3773
1,CAPITAL,3,SECCIONAL TERCERA,ESC SANTO TOMAS CASEROS 745,8,90,97,2744
1,CAPITAL,3,SECCIONAL TERCERA,ESC NORMAL ALEJANDRO CARBO AV COLON 951,10,98,107,3430
1,CAPITAL,3,SECCIONAL TERCERA,ESC MARIANO MORENO SANTA ROSA ESQ SANTA FE,14,108,121,4791
1,CAPITAL,4,NUEVA CORDOBA,ENET N° 3 LEOPOLDO LUGONES ITUZAINGO 483,10,122,131,3408
1,CAPITAL,4,NUEVA CORDOBA,COL NACIONAL DEAN FUNES PERU 10,16,132,147,5440
1,CAPITAL,4,NUEVA CORDOBA,ESC GDOR ALVAREZ C ARENAL 699 B°R MARTINEZ,9,148,156,3060
1,CAPITAL,4,NUEVA CORDOBA,FAC DE CIENCIAS ECONOMICAS AV VALPARAISO CDAD UNIVERSITARIA,16,157,172,5440
1,CAPITAL,4,NUEVA CORDOBA,IPEM 38 FRANC. PABLO DE MAURO PAUNERO Y ARENAL,7,173,179,2380
1,CAPITAL,4A,PUEBLO LAS FLORES,ESC ERNESTO BANCALARI MONTERROSO 4597 B° ARTIGAS,7,180,186,2415
1,CAPITAL,4A,PUEBLO LAS FLORES,ESC ALMAFUERTE CHANETON 390 B° SAN FERNANDO,7,187,193,2415
1,CAPITAL,4A,PUEBLO LAS FLORES,ESC COM R ECHEGOYEN J I DIAZ 200 B° EJERCITO ARGENTINO,8,194,201,2760
1,CAPITAL,4A,PUEBLO LAS FLORES,ESC SAN FRANCISCO DE ASIS GUARDADO 184 B°LAS FLORES,28,202,229,9650
1,CAPITAL,4B,VILLA REVOL,INST EDUC NTRA SEÑORA INCA MANCO 3450 - B°JARDIN ESPINOSA,22,230,251,7590
1,CAPITAL,4B,VILLA REVOL,ESC ING MASJOAN P.L.DE CABRERA ESQ.TANTI B°V. REVOL,10,252,261,3450
1,CAPITAL,4B,VILLA REVOL,COL NICOLAS BERROTARAN ELIAS YOFRE 1095 - B° JARDIN,13,262,274,4478
1,CAPITAL,4C,INAUDI,ESC L SUAREZ DE FIGUEROA DEFENSA S/N° LA HUERTILLA,5,275,279,1635
1,CAPITAL,4C,INAUDI,ESC SAN JOSE DE CALASANZ PIZARRO ESQ. NIVOLI,7,280,286,2287
1,CAPITAL,4D,VILLA EUCARISTICA,COL VILLA EUCARISTICA CNO A SAN CARLOS KM.5 1/2,5,287,291,1451
1,CAPITAL,4E,NUESTRO HOGAR III,ESC.SABIN DDE.CMO.S.ANTONIO KM 7 1/2.1KM.AL O.,5,292,296,1512
1,CAPITAL,4F,CIUDAD OBISPO ANGELELLI,NSC.OSCAR RAUL MALVASIO MANZANA 49 B° C.OBISPO ANGELELLI,6,297,302,1735
1,CAPITAL,5,ALTAMIRA,ESC ESPAÑA M BRAVO Y ENTRE RIOS,15,303,317,5055
1,CAPITAL,5,ALTAMIRA,ESC PANAMERICANA SOTO 919 - B°ACOSTA,8,318,325,2696
1,CAPITAL,5,ALTAMIRA,ESC ESTANISLAO DEL CAMPO ESTADOS UNIDOS Y RIO 1° B°ALTAMIRA,6,326,331,2016
1,CAPITAL,5,ALTAMIRA,ESC M FRAGUEIRO ENTRE RIOS 3373 B°PQUE SAN VICENTE,11,332,342,3696
1,CAPITAL,5A,COLONIA LOLA,ESC MUNICIPAL A GASTALDI S JERONIMO 5500/ALMAGRO COL LOLA,6,343,348,2040
1,CAPITAL,5A,COLONIA LOLA,ELENA LOPEZ LALLANA AGUSTIN GARZON 5.600,9,349,357,3057
1,CAPITAL,5B,DEAN FUNES,ESC 9 DE JULIO JOSE A CABRERA 4717 B°DEAN FUNES,6,358,363,1905
1,CAPITAL,5C,EMPALME,ESC PROVINCIA DE LA RIOJA JUNIN 3480 B°EMPALME,13,364,376,4472
1,CAPITAL,5C,EMPALME,ESC VICTOR MERCANTE CAUCETE 4008 B°EMPALME,12,377,388,4126
1,CAPITAL,5C,EMPALME,ESC JUAN M DE PUEYRREDON ANCASTI 4555 B°EMPALME,8,389,396,2744
1,CAPITAL,5C,EMPALME,INST SEC EMPALME GONZALEZ LACA LAS ARRIAS 4043 B°EMPALME,5,397,401,1715
1,CAPITAL,5C,EMPALME,FRAY JUSTO STA MARÍA DE ORO CALLAO 2.320,12,402,413,4116
1,CAPITAL,5D,MALDONADO,ESC CANONIGO PIÑERO CAMPO LA RIBERA,6,414,419,2028
1,CAPITAL,5D,MALDONADO,ESC MARTIN DE GÜEMES OBPO CASTELLANOS 256 B°MÜLLER,8,420,427,2701
1,CAPITAL,5D,MALDONADO,BAC TEC DR F ESCARDO CAMPO LA RIBERA,8,428,435,2696
1,CAPITAL,5D,MALDONADO,IPEM 184-M.FRAGUEIRO OB.CASTELLANO 955.S.VICENTE,8,436,443,2696
1,CAPITAL,5E,VILLA BUSTOS,ESC TTE GRAL P RICCHIERI BENJAMIN VIEL 2387 - B°V BUSTOS,8,444,451,2675
1,CAPITAL,5E,VILLA BUSTOS,IPEM 136 DR ALFREDO PALACIOS CALINGASTA 5800 (ESQ TULUMBA),5,452,456,1670
1,CAPITAL,5F,RENACIMIENTO,ESC M COOPERATIVISMO ARGENTINO M BRAVO Y PJE.MATHEUB° RENACIMIENTO,12,457,468,4087
1,CAPITAL,5G,SAN VICENTE,ESC DGO F SARMIENTO LOPEZ Y PLANES 2253 B°SAN VICENTE,13,478,490,4394
1,CAPITAL,5G,SAN VICENTE,ESC SANTA MARGARITA DE CORTONA LOPEZ Y PLANES 2936 B°SAN VICENTE,9,469,477,3044
1,CAPITAL,5G,SAN VICENTE,ESC PTE RIVADAVIA AGUSTIN GARZON 1563 B°SAN VICENTE,11,491,501,3718
1,CAPITAL,5G,SAN VICENTE,ESC MARIA IGNACIA NAVARRO DE L CORRIENTES 2006 B°SAN VICENTE,9,502,510,3042
1,CAPITAL,5G,SAN VICENTE,ESC A F AVALOS SARGENTO CABRAL 1153 B°SAN VICENTE,7,511,517,2366
1,CAPITAL,5H,VILLA BOEDO,ESC. MADRE MARIA DEL TRANSITO MANZANA 7. B° VILLA BOEDO,5,518,522,1527
1,CAPITAL,5I,COLINAS DEL SUR,ESC.PTE. JUAN D.PERÓN MANZANA 47.B° CIUDAD EVITA,8,527,534,2688
1,CAPITAL,5I,COLINAS DEL SUR,ESCUELA HEROES DE MALVINAS CALLE PUBLICA S/N (CNO VILLA POSSE),4,523,526,1344
1,CAPITAL,6,ALTO GRAL PAZ,ESC TENIENTE GRAL ARAMBURU GARIBALDI 710 B°ALTO GRAL PAZ,9,535,543,3014
1,CAPITAL,6,ALTO GRAL PAZ,COL SAN RAMON NONATO AVDA PATRIA 282 B°ALTO GRAL PAZ,7,544,550,2338
1,CAPITAL,6A,BAJADA DE PIEDRA,ESC MUNICIPAL DR A SOBRAL PUBLICA S/N° B°SANGRE Y SOL,2,551,552,500
1,CAPITAL,6B,CHACRA DE LA MERCED,ESC VAN GELDEREN CNO CHACRA DE LA MERCED KM 6 1/2,1,553,553,280
1,CAPITAL,6C,GRAL PAZ,ESC RAMON J CARCANO VIAMONTE 446 B°GRAL.PAZ,14,554,567,4738
1,CAPITAL,6C,GRAL PAZ,ESC NORMAL GARZON AGULLA VIAMONTE 150 B°GRAL PAZ,19,568,586,6422
1,CAPITAL,6D,JUNIORS,ESC GABRIELA MISTRAL LEONOR DE TEJEDA B°JUNIORS 1.353,10,587,596,3300
1,CAPITAL,6D,JUNIORS,ESC BRIGADIER C SAAVEDRA ARENALES Y LA PLATA B°JUNIORS,11,597,607,3629
1,CAPITAL,6E,LA FLORESTA SUD,ESC TRANSITO CACERES DE ALLEND CNO CHACRA DE LA MERCED KM 9 Y 1/2,5,608,612,1677
1,CAPITAL,6F,YAPEYU,ESC R GÜIRALDES 24 DE SETIEMBRE 2400 B°YAPEYU,12,613,624,4094
1,CAPITAL,6F,YAPEYU,ESC GDOR AMADEO SABATTINI GERMANIA 2500 B°YAPEYU,11,625,635,3751
1,CAPITAL,7,AEROPUERTO,ESC JORGE NEWBERY (CIRC 7F) MATIENZO 5.895,1,636,636,260
1,CAPITAL,7A,GUIÑAZU,ESC UNESCO JUAN B JUSTO/AV N SRA D LOS MILAGROS,13,643,655,4472
1,CAPITAL,7A,GUIÑAZU,IPEM N° 22 JUAN FILLOY CALLE DE LA CUECA,6,637,642,2069
1,CAPITAL,7B,ALTA CORDOBA,ESC MANUEL LUCERO MANUEL LUCERO 560 B°ALTA CORDOBA,18,656,673,6196
1,CAPITAL,7B,ALTA CORDOBA,ESC PCIA DE ENTRE RIOS TRAFALGAR 875 B°ALTA CORDOBA,11,674,684,3784
1,CAPITAL,7B,ALTA CORDOBA,INST CORAZON DE MARIA A DEL VISO 445 B°ALTA CORDOBA,13,685,697,4472
1,CAPITAL,7B,ALTA CORDOBA,INST NUESTRA MADRE DE LA MERCE M FRAGUEIRO B°ALTA CORDOBA 2.400,12,698,709,4128
1,CAPITAL,7B,ALTA CORDOBA,INST MANUEL LUCERO LAVALLEJA 2257 B°ALTA CORDOBA,11,710,720,3784
1,CAPITAL,7C,CNO. A PAJAS BLANCAS,ESC J NEWBERY MATIENZO 5895 B°J NEWBERY,1,721,721,11
1,CAPITAL,7D,COFICO,ESC PTE SARMIENTO R SAENZ PEÑA 1212 B°COFICO,10,722,731,3346
1,CAPITAL,7D,COFICO,ESC PCIA DE FORMOSA RODRIGUEZ PEÑA 1548 B°COFICO,7,732,738,2338
1,CAPITAL,7D,COFICO,ESC. GARCIA FAURE JERONIMO LUIS DE CABRERA 834,9,739,747,3006
1,CAPITAL,7E,MARQUES DE SOBREMONTE,ESC HONORATO LACONI T DE IROBI B°M DE SOBREMONTE,14,748,761,4751
1,CAPITAL,7E,MARQUES DE SOBREMONTE,ESC PETER PAN P DE GUZMAN 131 B°M DE SOBREMONTE,14,762,775,4746
1,CAPITAL,7E,MARQUES DE SOBREMONTE,J DE INF B.RIVADAVIA NUFLO DE AGUILAR 541,3,776,778,1017
1,CAPITAL,7E,MARQUES DE SOBREMONTE,JOSE LUIS SERCIC PEREZ CORREA 1500 M DE SOBREMONTE,8,779,786,2712
1,CAPITAL,7E,MARQUES DE SOBREMONTE,IPEM 338 FRANCISCO SUAREZ 3.760,7,787,793,2373
1,CAPITAL,7F,JORGE NEWBERY,ESC JORGE NEWBERY BENJAMIN MATIENZO Bº NEWBERY 5.895,10,794,803,3420
1,CAPITAL,7F,JORGE NEWBERY,ESC NACIONES UNIDAS CTDA 8 S/N°B°R DE ESCALADA,9,804,812,3078
1,CAPITAL,7F,JORGE NEWBERY,IPEM 121 PAEZ MOLINA ORIGONE ESQ CAROLA LORENZINI,6,813,818,2050
1,CAPITAL,7G,PANAMERICANO,ESC ARTURO CAPDEVILA AVELLANEDA 4100 B°MFRAGUEIRO,12,819,830,4128
1,CAPITAL,7G,PANAMERICANO,"ESC FRANCISCO VIDAL FRAGUEIRO (MANZANA ""C"") 4.200",12,831,842,4124
1,CAPITAL,7G,PANAMERICANO,J DE INF ARTURO CAPDEVILA AVELLANEDA 4100 B°M FRAGUEIRO,2,843,844,686
1,CAPITAL,7G,PANAMERICANO,"J DE INF FCO VIDAL FRAGUEIRO (MANZANA ""C"") 4.200",2,845,846,686
1,CAPITAL,7G,PANAMERICANO,"IPEM 199 ""JUAN EMILIO REMONDA"" SOSA REVELLO Y 15 DE SEPTIEMBRE 590",6,847,852,2058
1,CAPITAL,8,LA FLORESTA NORTE,ESC RABINDRANAT TAGORE OCARINA 1613 - B° V CLAUDINA,2,853,854,598
1,CAPITAL,8A,PALMAR,ESC EMILIO E SANCHEZ BARRIENTOS Y HERRERA B°AMPL PALMAR,11,855,865,3617
1,CAPITAL,8B,PUEYRREDON,ESC FRAY J A DE SAN ALBERTO ESQUIU 1340 B°PUEYRREDON,7,866,872,2415
1,CAPITAL,8B,PUEYRREDON,INST OBISPO CAIXAL ANA M JANER 1250 B°PUEYRREDON,8,873,880,2760
1,CAPITAL,8B,PUEYRREDON,ESC DEAN FUNES ANA M JANER 1551 B°PUEYRREDON,10,881,890,3450
1,CAPITAL,8B,PUEYRREDON,INST SAGRADO CORAZON ROMA 1153 B°PUEYRREDON,10,891,900,3450
1,CAPITAL,8B,PUEYRREDON,ESC ROBLES PADRE LUIS MONTI 1850 B°PUEYRREDON,12,901,912,4132
1,CAPITAL,8B,PUEYRREDON,INST SAGRADA FAMILIA BUCHARDO 1729 B° PUEYRREDON,10,913,922,3440
1,CAPITAL,8C,VILLA LOS PINOS,ESC TRINIDAD MORENO E SAN MARTIN 1251 B°YOFRE SUD,12,923,934,4022
1,CAPITAL,8C,VILLA LOS PINOS,ESC ALMIRANTE BROWN SAN MARTIN S/N° B° YOFRE SUD,13,935,947,4355
1,CAPITAL,9,ESCOBAR,ESC PROVINCIA DE CORRIENTES DOMINGO ZIPOLI 1358 B°ESCOBAR,8,948,955,2702
1,CAPITAL,9,ESCOBAR,INST ESCUTI NAZARET 3399 - B° LAS ROSAS,10,956,965,3370
1,CAPITAL,9A,LA FRANCE,ESC MAHATMA GANDHI TALAVERA DE MADRID 3261 B°LA FRANCE,7,966,972,2376
1,CAPITAL,9A,LA FRANCE,COL PQUIAL C NAMUNCURA CIUDAD DEL BARCO 3315 LA FRANCE,8,973,980,2712
1,CAPITAL,9B,LAS MARGARITAS,ESC RICARDO ROJAS J.LOPEZ 2050 B°ALTOS DE V CABRERA,8,981,988,2717
1,CAPITAL,9B,LAS MARGARITAS,ESC CONGRESO DE TUCUMAN MALVINO 2772 B°LAS MARGARITAS,6,989,994,2034
1,CAPITAL,9B,LAS MARGARITAS,ESC MIGUEL RODRIGUEZ DE LA TOR LA GRANJA 3199 B°ALTO VERDE,10,995,1004,3390
1,CAPITAL,9C,LOS PARAISOS,ESC DE COMERCIO J J PASO PLATON 3030 B°LOS PARAISOS,10,1005,1014,3430
1,CAPITAL,9C,LOS PARAISOS,COLEGIO FERMIN LAFITTE FCO VALLE 2443 B°LOS PARAISOS,10,1015,1024,3430
1,CAPITAL,9C,LOS PARAISOS,ESC JUVENILIA ZARATE 2083 - B° ZUMARAN,7,1025,1031,2401
1,CAPITAL,9C,LOS PARAISOS,ESC PCIA DE MISIONES FIRPO 2254 B° ZUMARAN,14,1032,1045,4794
1,CAPITAL,9D,POETA LUGONES,COL EL SALVADOR RAUL CASARIEGO 4479 B°P LUGONES,8,1046,1053,2672
1,CAPITAL,9D,POETA LUGONES,ESC LEOPOLDO LUGONES LESPADA Y GALVEZ B°POETA LUGONES,10,1054,1063,3335
1,CAPITAL,9D,POETA LUGONES,IPEM 198 MARTIN FERREYRA CAMAÑO BAZAN E/CARLES Y A.GRIMAU,9,1064,1072,2997
1,CAPITAL,9E,PROVIDENCIA,ESC PTE HIPOLITO YRIGOYEN CASTRO BARROS 802 B°SAN MARTIN,14,1073,1086,4681
1,CAPITAL,9F,SAN MARTIN,ESC ANTONIO DEL VISO SAAVEDRA 619 B°SAN MARTIN,13,1087,1099,4454
1,CAPITAL,9F,SAN MARTIN,INST INMACULADA CONCEPCION CASTRO BARROS 1316 B°SAN MARTIN,17,1100,1116,5814
1,CAPITAL,9F,SAN MARTIN,ESC J DE SAN MARTIN CERRITO Y GALAN B°SAN MARTIN,7,1117,1123,2394
1,CAPITAL,9F,SAN MARTIN,COL NTRA SEÑORA DE LA MERCED ZELAYA 140 B°SAN MARTIN,8,1124,1131,2736
1,CAPITAL,9G,VILLA CABRERA,INSTITUTO PEÑA CIUDAD DE TAMPA 2954 VILLA CABRERA,10,1132,1141,3370
1,CAPITAL,9G,VILLA CABRERA,ESC PRESIDENTE KENNEDY JULIAN PAZ 1851 VILLA CABRERA,8,1142,1149,2690
1,CAPITAL,10,BELLA VISTA,ESC ROQUE SAENZ PEÑA AV VELEZ SARSFIELD 1000 B°GÜEMES,14,1150,1163,4805
1,CAPITAL,10,BELLA VISTA,INST EDUCACION CORDOBA FERREYRA Y FRIULI B°COL DE V SARSF,18,1164,1181,6174
1,CAPITAL,10,BELLA VISTA,E.N.E.T. N°1 DR A SABATTINI AV VELEZ SARSFIELD 1490 B°GÜEMES,10,1182,1191,3430
1,CAPITAL,10,BELLA VISTA,ESC MANUEL BELGRANO SUECIA 2832 B° PQUE VELEZ SARSFIELD,9,1192,1200,3087
1,CAPITAL,10A,CABILDO,ESC MUN YAMAHIBIA ARABE LIBIA COLORADO/GAIMAN/MASCACHIN B°CABILDO,8,1201,1208,2731
1,CAPITAL,10A,CABILDO,IPEM 311 USUAHIA 2.150,5,1209,1213,1705
1,CAPITAL,10B,CIUDADELA,ESC PCIA DE CATAMARCA AV VELEZ SARSFIELD 3200 LAS FLORES,17,1214,1230,5814
1,CAPITAL,10B,CIUDADELA,ESC REPUBLICA DE SIRIA TRAFUL 908 B°PQUE ATLANTICA,6,1231,1236,2052
1,CAPITAL,10B,CIUDADELA,ESC GDOR J B BUSTOS CACHEUTA Y BRANDAN-ALTO V.SARSFIELD,11,1237,1247,3761
1,CAPITAL,10B,CIUDADELA,J DE INF REPUBLICA DE SIRIA VIRGILIO MOYANO 830,1,1248,1248,341
1,CAPITAL,10C,COMERCIAL,ESC ALEJANDRO CARBO ICHO CRUZ S/N° B° COMERCIAL,16,1249,1264,5301
1,CAPITAL,10C,COMERCIAL,ESC MUNIC AZOR GRIMAUT SOBREMONTE Y RIO III B°COMERCIAL,5,1265,1269,1655
1,CAPITAL,10D,CONGRESO,ESC MUNIC REPUBLICA DE ITALIA REALICO Y CURAZAO B° CONGRESO,6,1270,1275,2058
1,CAPITAL,10D,CONGRESO,"IPEM 183""PEDRO B.PALACIOS"" REALICO - B° CONGRESO 2.407",3,1276,1278,1028
1,CAPITAL,10E,ESTACION FLORES,ESC CADETES FUERZA AEREA LEOPOLDO CASAVEGA 2.320,11,1279,1289,3734
1,CAPITAL,10E,ESTACION FLORES,ESC PADRE BURON AVIADOR MIRA VILLA ADELA 2.658,8,1290,1297,2712
1,CAPITAL,10E,ESTACION FLORES,J DE INF CADETES FUERZA AEREA LEOPOLDO CASAVEGA 2.320,1,1298,1298,339
1,CAPITAL,10E,ESTACION FLORES,ESC ALAS ARGENTINA PETIROSSI Y BONN-ESTACION FLORES,9,1299,1307,3051
1,CAPITAL,10E,ESTACION FLORES,ESC MUNIC CESAR E ROMERO PUBLICA S/N B°SACHI,5,1308,1312,1695
1,CAPITAL,10F,MATIENZO,ESC AERONAUTICA ARGENTINA ESMERALDA/CAP GRELLA B° MATIENZO,10,1313,1322,3390
1,CAPITAL,10F,MATIENZO,COL NUESTRA SEÑORA DE FATIMA VARELA ORTIZ 2600 B° MATIENZO,13,1323,1335,4407
1,CAPITAL,10F,MATIENZO,ESC REPUBLICA ARGENTINA SAN CAYETANO Y BRAILE B°AMEGHINO(S),7,1336,1342,2373
1,CAPITAL,10F,MATIENZO,ESC MIGUEL A ZABALA ORTIZ DIAZ DE LA FUENTE 3101 B°MATIENZO,6,1343,1348,2033
1,CAPITAL,10G,OBSERVATORIO,E.N.E.T. N° 4 COPERNICO MARIANO MORENO 551 B° OBSERVATORIO,26,1349,1374,8970
1,CAPITAL,10G,OBSERVATORIO,EE UU DE NORTEAMERICA LA PAMPA 550 B°P DE LOS ANDES,9,1375,1383,3105
1,CAPITAL,10G,OBSERVATORIO,COL NUESTRA SEÑORA DE NIEVA AYACUCHO 442 B° GUEMES,18,1384,1401,6208
1,CAPITAL,10G,OBSERVATORIO,ESC ADOLFO SALDIAS BOLIVAR 896 B° GÜEMES,8,1402,1409,2752
1,CAPITAL,10H,PARQUE CAPITAL,ESC GDOR EMILIO OLMOS AV FUERZA AEREA B°PARQUE CAPITAL,9,1410,1418,3105
1,CAPITAL,10H,PARQUE CAPITAL,ESC R ESCALADA DE SAN MARTIN ESPORA 2283 B°ROSEDAL,13,1419,1431,4481
1,CAPITAL,10H,PARQUE CAPITAL,ESC MUNIC DR A DEL CASTILLO UNO ESQ DOCE B°AMPL ROSEDAL,7,1432,1438,2408
1,CAPITAL,10H,PARQUE CAPITAL,IPEM 154 MARTIN M DE GUEMES O NAVARRO 2.751,5,1439,1443,1720
1,CAPITAL,10I,PARQUE HORIZONTE,PRIMARIA ELPIDIO TORRES CALLE PUBLICA S/N,11,1444,1454,3738
1,CAPITAL,10I,PARQUE HORIZONTE,SECUNDARIA ELPIDIO TORRES CALLE PUBLICA S/N,11,1455,1465,3729
1,CAPITAL,10I,PARQUE HORIZONTE,SAN JOSE ARTESANO HUILICHES 1.021,5,1466,1470,1695
1,CAPITAL,10J,SANTA ISABEL,ESC BANDERA ARGENTINA CASADO 634 STA ISABEL 1RA SECCION,11,1471,1481,3762
1,CAPITAL,10J,SANTA ISABEL,ESCUELA DON ORIONE J.B.COTTOLENGO 1.955,11,1482,1492,3761
1,CAPITAL,10J,SANTA ISABEL,ESC MUNIC FERNANDEZ ORDOÑEZ OLAVARRIA S/N° STA ISABEL 2DA SECC,6,1493,1498,2046
1,CAPITAL,10J,SANTA ISABEL,ESC.OSVALDO JORGE LEON COLORADO ESQ LUAYABA,8,1499,1506,2728
1,CAPITAL,10K,VICOR,ESC BENITO SORIA BARBADOS Y HAITI B° VICOR,12,1507,1518,4117
1,CAPITAL,10L,VILLA EL LIBERTADOR,ESC PROV DE SGO DEL ESTERO CALLE 49 S/N° VILLA EL LIBERTADOR,8,1525,1532,2760
1,CAPITAL,10L,VILLA EL LIBERTADOR,ESC MARTA JUANA GONZALEZ DEFENSA Y CACHEUTA B°V.EL LIBERTADOR 1.091,10,1533,1542,3450
1,CAPITAL,10L,VILLA EL LIBERTADOR,ESC MUNIC ALICIA MOREAU DE JUS PILCOMAYO S/N°V EL LIBERTADOR,8,1543,1550,2760
1,CAPITAL,10L,VILLA EL LIBERTADOR,ESC PTE DR ARTURO U ILLIA TOTORAL Y ARICA B°SANTA ROSA,11,1551,1561,3784
1,CAPITAL,10L,VILLA EL LIBERTADOR,COL SAN JOSE OBRERO ARANI Y PJE. 17 V EL LIBERTADOR,6,1562,1567,2064
1,CAPITAL,10L,VILLA EL LIBERTADOR,ESC VICENTE FORESTIERI ANIZACATE/CALLE 49 V. EL LIBERTADOR,9,1568,1576,3096
1,CAPITAL,10L,VILLA EL LIBERTADOR,IPEM 313 (ANEX0) DEFENSA Y CACHEUTA.V.EL LIBERTADOR,6,1519,1524,2070
1,CAPITAL,10L,VILLA EL LIBERTADOR,IPEM 123BLANCA ECHEMENDI IBARRA ESQUINA COSQUIN.VA.EL LIBERT.,10,1577,1586,3440
1,CAPITAL,10L,VILLA EL LIBERTADOR,ESC PATRICIAS MENDOCINAS IBARRA ESQ FORESITERI,5,1587,1591,1720
1,CAPITAL,10M,AMPLIACION CABILDO,ESC PRIMARIA GRACIELA DEL RIO B° AMPLIACION CABILDO,3,1592,1594,982
1,CAPITAL,11,AERONAUTICO,ESC ISABEL LA CATOLICA SUBOF OTANO S/N° B° AERONAUTICO,12,1595,1606,4117
1,CAPITAL,11A,ALTO ALBERDI,ESC PQUIAL SAN JOSE VELEZ 252 B° ALTO ALBERDI,12,1607,1618,4116
1,CAPITAL,11A,ALTO ALBERDI,ESC SUP DE COMERCIO H VIEYTES CASEROS Y VIEYTES B° ALTO ALBERDI,10,1619,1628,3430
1,CAPITAL,11A,ALTO ALBERDI,ESC BLAS PARERA MONS DE ANDREA 1044 B° A ALBERDI,7,1629,1635,2401
1,CAPITAL,11A,ALTO ALBERDI,ESC SAN JOSE CASEROS 3055 B° ALTO ALBERDI,11,1636,1646,3766
1,CAPITAL,11A,ALTO ALBERDI,ESC SAN LUIS GONZAGA SANTA ROSA 2037 B° ALTO ALBERDI,9,1647,1655,3078
1,CAPITAL,11A,ALTO ALBERDI,ESC JOSE MARIA PAZ AV COLON 2772 B° ALTO ALBERDI,15,1656,1670,5130
1,CAPITAL,11A,ALTO ALBERDI,ESC MOYANO COUDERT DUARTE QUIROS 3950 ALTO ALBERDI,5,1671,1675,1710
1,CAPITAL,11B,DON BOSCO,INSTITUTO TECNICO DON BOSCO J VESPIGNANI 215 B° DON BOSCO,9,1676,1684,2963
1,CAPITAL,11B,DON BOSCO,ESC ANTARTIDA ARGENTINA B° GENERAL DEHEZA,11,1685,1695,3619
1,CAPITAL,11C,LAS PALMAS,ESC GRAL SAN MARTIN AV COLON 4751 B°LAS PALMAS,17,1696,1712,5848
1,CAPITAL,11C,LAS PALMAS,ESC MANUEL E PIZARRO DUARTE QUIROS 4725 B° LAS PALMAS,14,1713,1726,4815
1,CAPITAL,11C,LAS PALMAS,ESC MUNIC JUSTO PAEZ MOLINA QUEBRACHO HERRADO Y YAVI LAS PALMAS,7,1727,1733,2401
1,CAPITAL,11C,LAS PALMAS,IPEM MARCELA B. MOYANO COUDERT DUARTE QUIROS 3.915,5,1734,1738,1715
1,CAPITAL,11D,LOS NARANJOS,INST JESUS MARIA VIEYTES SUD 1607 B° LOS NARANJOS,18,1739,1756,6102
1,CAPITAL,11D,LOS NARANJOS,ESC REPUBLICA DEL PERU GOYENA Y GOMEZ CARRILLO,12,1757,1768,4063
1,CAPITAL,11D,LOS NARANJOS,ESC SANTISIMA TRINIDAD BLAMEY LAFORE 1248 - B°SAN RAFAEL B,8,1769,1776,2704
1,CAPITAL,11E,LOS PLATANOS,ESC B DE MONTEAGUDO SAN LUIS 3450 - B° LOS PLATANOS,11,1777,1787,3795
1,CAPITAL,11E,LOS PLATANOS,ESC JOSE MARMOL AV LOS PLATANOS 1346,11,1788,1798,3784
1,CAPITAL,11E,LOS PLATANOS,ESC A CAPDEVILA ALBERTO WILLIAMS ESQ.LOS PLATANOS,7,1799,1805,2408
1,CAPITAL,11E,LOS PLATANOS,ESC PADRE T GAMBINO OCHO ESQ NUEVE B°LOS GRANADOS,9,1806,1814,3096
1,CAPITAL,11E,LOS PLATANOS,ESC.MUNIC.DR.CARLOS BECERRA GAONA 1285,7,1815,1821,2408
1,CAPITAL,11F,LOS ROBLES,COL SAN BUENAVENTURA AV DON BOSCO 5500 B° LOS ROBLES,8,1822,1829,2736
1,CAPITAL,11F,LOS ROBLES,ESC BATERIA LIBERTAD POTRERILLO Y VENTA Y MEDIA,11,1830,1840,3762
1,CAPITAL,11G,PARQUE REPUBLICA,ESC PRIMER TTE AVILA QUINCHAN 1.070,8,1841,1848,2728
1,CAPITAL,11G,PARQUE REPUBLICA,ESC PEREZ BULNES J DE BARRIENTOS ESQ FORMOSA,12,1849,1860,4092
1,CAPITAL,11G,PARQUE REPUBLICA,ESC ATILIO ARGÜELLO PUBLICA S/N B°PARQUE REPUBLICA,10,1861,1870,3408
1,CAPITAL,11G,PARQUE REPUBLICA,JORGE LUIS BORGES ALTO ALEGRE/NAMUNCURA,5,1871,1875,1700
1,CAPITAL,11H,QUEBRADA LAS ROSAS,ESC GABRIELA MISTRAL 27 DE ABRIL 5650 B°QUEB LAS ROSAS,10,1876,1885,3400
1,CAPITAL,11H,QUEBRADA LAS ROSAS,ESC REPUBLICA DE VENEZUELA BOYERO 517 - B°CHATEAU CARRERAS,9,1886,1894,3059
1,CAPITAL,11I,RESIDENCIAL SAN ROQUE,ESC MUNIC LUZ VIEYRA MENDEZ ABEL N DE CHAVEZ RES SAN ROQUE,10,1895,1904,3370
1,CAPITAL,11I,RESIDENCIAL SAN ROQUE,ESC.REPUBLICA DEL ECUADOR HURTADO DE MENDOZA ESQ PEDRO ACUÑA,9,1905,1913,3033
1,CAPITAL,11I,RESIDENCIAL SAN ROQUE,HEROES DE MALVINAS CNEL MANUEL NAMUNCURA/PETIROSSI,6,1914,1919,2022
1,CAPITAL,11I,RESIDENCIAL SAN ROQUE,INST. SEC. JUAN M. E ROSAS CAMILOTTI ESQ SANTIBAÑEZ,10,1920,1929,3362
1,CAPITAL,11I,RESIDENCIAL SAN ROQUE,AGUIRRE CAMARA SANTA ANA ESQ AVIADOR PETIROSSI,6,1930,1935,2016
1,CAPITAL,11J,SANTA ANA,ESC ROMA ECHEVERRIA 370 B°ALTO ALBERDI,17,1936,1952,5806
1,CAPITAL,11J,SANTA ANA,ESC LUTERANO CONCORDIA SANTA ANA 2011 B°ALTO ALBERDI,16,1953,1968,5456
1,CAPITAL,11J,SANTA ANA,COLEGIO SAN JOSE SOL DE MAYO 726 B° OBRERO,12,1969,1980,4092
1,CAPITAL,11J,SANTA ANA,ESC GENERAL MOSCONI FERREYRA R 2324 B°OBRERO,6,1981,1986,2046
1,CAPITAL,11K,VILLA GRAL URQUIZA,ESC EJERCITO ARGENTINO LA RIOJA 3453 - B° VILLA SIBURU,8,1987,1994,2680
1,CAPITAL,11K,VILLA GRAL URQUIZA,ESC MUNIC E BAQUERO LASCANO HUMBERTO 1° ESQ IROS VILLA URQUIZA,6,1995,2000,2009
1,CAPITAL,11K,VILLA GRAL URQUIZA,ESC MUNIC JUAN B JUSTO IGUALDAD 4100 VILLA URQUIZA,6,2001,2006,2004
1,CAPITAL,11K,VILLA GRAL URQUIZA,COL MADRE PAULA MONTAL HUMBTO PRIMO Y FALUCHO V URQUIZA,6,2007,2012,2004
1,CAPITAL,11K,VILLA GRAL URQUIZA,IPEM 318 COMBATE DE LA TABLADA LA TABLADA 4.861,6,2013,2018,2004
1,CAPITAL,11L,COUNTRYS DEL OESTE,INST.MARIA DE NAZARET LOS ALAMOS (B° LA RUFINA) 1.111,7,2019,2025,2224
1,CAPITAL,11M,VALLE ESCONDIDO,ESC.S TURISMO Y HOT.M.PACHECO AV.CARCANO (PREDIO FERIAR) 3.590,6,2026,2031,1843
1,CAPITAL,11M,VALLE ESCONDIDO,INSTITUTO VILLADA,3,2032,2034,921
1,CAPITAL,12,AVELLANEDA,ESC JUAN XXIII BENAVIDEZ Y CANESA - B°N AVELLANEDA,12,2035,2046,4008
1,CAPITAL,12,AVELLANEDA,ESC CONSTANCIO C VIGIL J.LLERENA 5561 - B° SAN LORENZO,8,2047,2054,2670
1,CAPITAL,12,AVELLANEDA,ESC MUNIC OSCAR SOTO LOPEZ LOS ALGARROBOS/ESPINILLOS,5,2055,2059,1665
1,CAPITAL,12A,CARCANO,ESC.PROF.M.LUCIANI 11 DE SEPTIEMBRE ESQ. CALLE 2CARCANO 4.400,8,2060,2067,2580
1,CAPITAL,12A,CARCANO,ESC.MA.DEL TRANSITO CABANILLAS CNO.SAN ANDRES/RUIZ HUIDOBRO,7,2068,2074,2254
1,CAPITAL,12B,COLON,ESC RUBEN DARIO LA CORUÑA Y MONSERRAT B°CRISOL,14,2075,2088,4771
1,CAPITAL,12B,COLON,INST NTRA SRA DEL SGDO CORAZON REVOLUCION DE MAYO 1476 B°COLON,17,2089,2105,5780
1,CAPITAL,12B,COLON,ESC BARTOLOME HIDALGO TEJEDOR 1958 B°SARMIENTO,7,2106,2112,2380
1,CAPITAL,12B,COLON,ESC JUAN LARREA LUIS BRAILE 2273 B°SARMIENTO,8,2113,2120,2720
1,CAPITAL,12B,COLON,ESC HILARIO ASCASUBI LUCIO V.MANSILLA ESQ. CADIZ,10,2121,2130,3400
1,CAPITAL,12B,COLON,INST MANUEL BELGRANO LUIS BRAILE 2384 B°SARMIENTO,8,2131,2138,2720
1,CAPITAL,12B,COLON,ESC DR LUIS A CAEIRO ORTIZ Y HERRERA 1932 B°CRISOL N,5,2139,2143,1700
1,CAPITAL,12C,CORONEL OLMEDO,ESC CORONEL OLMEDO ALTOLAGUIRRE 680 B°CNEL OLMEDO,13,2144,2156,4362
1,CAPITAL,12D,JOSE IGNACIO DIAZ,ESC MONSEÑOR M DE ANDREA 17 DE JULIO 380 B°FVRO MITRE,10,2157,2166,3406
1,CAPITAL,12D,JOSE IGNACIO DIAZ,ESC PEDRO GOYENA PJE GUASTONI 3472 B° BRIG S MARTIN,13,2167,2179,4420
1,CAPITAL,12D,JOSE IGNACIO DIAZ,ESC MUNICIPAL DR A SABATTINI DIEGO DE PACHECO 4.900,8,2180,2187,2720
1,CAPITAL,12D,JOSE IGNACIO DIAZ,ESC MUNIC DR ARTURO H ILLIA CHIRINO DE POSADAS ESQ.MAGUNA 4.600,8,2188,2195,2720
1,CAPITAL,12D,JOSE IGNACIO DIAZ,ESC MUNIC DOMINGO F SARMIENTO MANZANA 63. B° 23 DE ABRIL(CNOINTERF,7,2196,2202,2380
1,CAPITAL,12D,JOSE IGNACIO DIAZ,CENTRO EDUC.ING.REGINO M.MADER CHIRINO DE POSADAS 5400 B°S.FELIPE,8,2203,2210,2720
1,CAPITAL,12D,JOSE IGNACIO DIAZ,POETA OSCAR GUIÑAZU ALVAREZ ASTURIAS 3.345,8,2211,2218,2720
1,CAPITAL,12D,JOSE IGNACIO DIAZ,ESC. MARIA EVA DUARTE CALLE PUBLICA S/N,7,2219,2225,2380
1,CAPITAL,12E,FERREYRA,ESC REPUBLICA DE COSTA RICA RUTA 9 KM 8 1/2,5,2226,2230,1705
1,CAPITAL,12E,FERREYRA,ESC LIBERTADOR GRAL S MARTIN SGO MORALES 4400 B°FERREYRA,8,2231,2238,2720
1,CAPITAL,12F,JOSE HERNANDEZ,ESC MUNIC E MOLINARI ROMERO PAMPAYASTA Y RUMIPAL B°PQUE SCARLOS,9,2239,2247,3096
1,CAPITAL,12F,JOSE HERNANDEZ,ESC MUNIC BRIG JUAN I DE S MAR BRAGADO/TRENQUE LAUQUEN B°J HERNDEZ,7,2248,2254,2408
1,CAPITAL,12F,JOSE HERNANDEZ,ESC GRAL MANUEL BELGRANO OLAEN Y AMBOY - B° OÑA,10,2255,2264,3440
1,CAPITAL,12F,JOSE HERNANDEZ,ESC EJERCITO ARGENTINO CASTAÑARES 470 - B°JARDIN DEL PILAR,8,2265,2272,2752
1,CAPITAL,12F,JOSE HERNANDEZ,COL.JOVENES ARGENTINOS BOTAFOGO 3448 B° J.ESPINOSA,7,2273,2279,2408
1,CAPITAL,12F,JOSE HERNANDEZ,IPEM 167 JOSE MANUEL ESTRADA B. DE O'HIGGINS 2.656,10,2280,2289,3436
1,CAPITAL,12F,JOSE HERNANDEZ,ESCUELA ADVENTISTA HECTOR RHYS TANINGA 3.152,4,2290,2293,1372
1,CAPITAL,12G,ITUZAINGO,ESC PRIMARIA CARLOS M DE ALVEA VUCETICH 6410 B°ITUZAINGO,6,2294,2299,2070
1,CAPITAL,12G,ITUZAINGO,ESC EJERCITO ARGENTINO STEPHENSON Y FULTON B°ITUZAINGO,13,2300,2312,4485
1,CAPITAL,12G,ITUZAINGO,ESC SECUNDARIA CARLOS M DE ALV FARADAY 5721 B°LOS EUCALIPTUS,6,2313,2318,2064
1,CAPITAL,12G,ITUZAINGO,ESC DR IGNACIO DUARTE QUIROS FARADAY 5.168,4,2319,2322,1376
1,CAPITAL,12H,LOS CERVECEROS,ESC RAUL A FERREYRA B DE O'HIGGINS 3500 B°S.E.P.,9,2332,2340,3076
1,CAPITAL,12H,LOS CERVECEROS,ESC JOSE M ESTRADA AV B DE O'HIGGINS KM 8 1/2,7,2341,2347,2387
1,CAPITAL,12H,LOS CERVECEROS,J DE INF RAUL A.FERREYRA B DE O'HIGGINS 3500 B°S.E.P,2,2348,2349,682
1,CAPITAL,12H,LOS CERVECEROS,ESC MADRE TERESA DE CALCUTA PALAMARA 2.900,9,2323,2331,3078
1,CAPITAL,12I,CIUDAD DE MIS SUEÑOS,ESC.CAFRUNE S/CALLE,5,2350,2354,1719
1,CAPITAL,13,LEANDRO N. ALEM,ESC PADRE DIEGO DE TORRES DIAG ICA Y CAMICALTA B°L N ALEM,12,2355,2366,4077
1,CAPITAL,13,LEANDRO N. ALEM,ESC ARISTOBULO DEL VALLE M DE JAUREGUI 1657 B°L N ALEM,10,2367,2376,3390
1,CAPITAL,13,LEANDRO N. ALEM,ESC ASOCIACION DE MAYO COLOMPREA 1500 B° ALEM,6,2377,2382,2034
1,CAPITAL,13A,AYACUCHO,ESC HENOCH D AGUIAR J DE OLMEDO 650 B°LOS GIGANTES,10,2383,2392,3440
1,CAPITAL,13A,AYACUCHO,ESC FRANCISCO A RIZZUTO FDO DE LESSEPS 140 B°CENTRO AMERICA,14,2393,2406,4816
1,CAPITAL,13A,AYACUCHO,ESC R SANCHEZ DE CALDELARI ALVAREZ DE LAS CASAS 280 AYACUCHO,11,2407,2417,3781
1,CAPITAL,13A,AYACUCHO,ESC P ALBARRACIN DE SARMIENTO NERUDA Y ACAMPES B° VILLA AZALAIS,12,2418,2429,4116
1,CAPITAL,13A,AYACUCHO,ESC MUNIC DR P CARANDE CARRO MARTINEZ PAZ 80 B°CENTRO AMERICA,5,2430,2434,1715
1,CAPITAL,13B,EL GATEADO,ESC FLORENCIO SANCHEZ RUTA 111 KM 12,1,2435,2435,162
1,CAPITAL,13C,GENERAL BUSTOS,ESC CAPITAL FEDERAL MAURICIO YADAROLA 653 B°GRAL BUSTOS,12,2436,2447,4068
1,CAPITAL,13C,GENERAL BUSTOS,ESC CRISTO REY CURA BROCHERO B°GRAL BUSTOS 753,8,2448,2455,2708
1,CAPITAL,13C,GENERAL BUSTOS,ESC ALEJO CARMEN GUZMAN AUGUSTO LOPEZ 643 B°GRAL BUSTOS,13,2456,2468,4394
1,CAPITAL,13C,GENERAL BUSTOS,COLEGIO HORTUS CONCLUSUS GIANELLI 500 B°GRAL BUSTOS,9,2469,2477,3042
1,CAPITAL,13D,JARDIN ARENALES,ESC MUNIC J GONZALEZ CINCO S/N°B°JARDIN ARENALES,7,2478,2484,2199
1,CAPITAL,13E,LA DOROTEA,ESC REPUBLICA DE LA INDIA CNO MONTE CRISTO KM 5,4,2485,2488,1251
1,CAPITAL,13F,NUEVA ITALIA,ESC MODELO RACING TREDENTINA B°NUEVA ITALIA 2.160,11,2489,2499,3641
1,CAPITAL,13F,NUEVA ITALIA,ESC SGTO CABRAL P DE LEDESMA B°PQUE MTE CRISTO 1.755,10,2500,2509,3304
1,CAPITAL,13F,NUEVA ITALIA,CENTRO VECINAL ZONA 111 TREDENTINA 1945 B°NUEVA ITALIA,2,2510,2511,660
1,CAPITAL,13G,PARQUE LICEO,ESC ESPIRITU SANTO ISAAC 4.847,24,2512,2535,8112
1,CAPITAL,13G,PARQUE LICEO,ESC MUNIC GDOR A ZANICHELLI STORNI S/N B°PQUE LICEO 3RA SECC,7,2536,2542,2366
1,CAPITAL,13G,PARQUE LICEO,ESC. PRIMARIA EVA DUARTE BARTOLOME HIDALGO 1.140,8,2543,2550,2703
1,CAPITAL,13G,PARQUE LICEO,JARDIN EVA DUARTE BARTOLOME HIDALGO 1.140,2,2551,2552,674
1,CAPITAL,13G,PARQUE LICEO,IPEM 21 ALFONSINA STORNI BARTOLOME HIDALGO/ATALIVA HERRERA,6,2553,2558,2022
1,CAPITAL,13H,PATRICIOS,ESC JOSE MARIA PAZ USANDIVARAS 2254 B°PATRICIOS,11,2559,2569,3795
1,CAPITAL,13H,PATRICIOS,COL HIJAS DE MARIA INMACULADA MADRE BRIGIDA PASTORINO 2.733,15,2570,2584,5175
1,CAPITAL,13H,PATRICIOS,ESC PARROQUIAL SAN ROQUE USANDIVARAS 2050 VILLA CORINA,8,2585,2592,2760
1,CAPITAL,13H,PATRICIOS,ESC MANUEL BELGRANO ABRAMO 2545 B°BELGRANO,12,2593,2604,4140
1,CAPITAL,13H,PATRICIOS,ESC MUNIC DR D LATELLA FRIAS H DE AYOHUMA S/N B°PATRICIOS,5,2605,2609,1724
1,CAPITAL,13I,SAN JORGE,ESC MUNIC JORGE LUIS BORGES QUINTA SAN JORGE,7,2610,2616,2352
1,CAPITAL,13I,SAN JORGE,ESC MUNIC DR ALFREDO ORGAZ PUBLICA S/N B°QTAS SAN JORGE II,6,2617,2622,2014
1,CAPITAL,13I,SAN JORGE,ESC MUNIC. MONSEÑOR ANGELELLI FEDERICO RAUCH 2.790,4,2623,2626,1340
1,CAPITAL,13J,VILLA AZALAIS,ESC A CAPDEVILA/ DR. B HOUSEY A CAPDEVILA 709 Y BILIBISACATE,11,2627,2637,3795
1,CAPITAL,13J,VILLA AZALAIS,ESC CURA BROCHERO JAMAICA 967 B°RESID AMERICA,12,2638,2649,4140
1,CAPITAL,13J,VILLA AZALAIS,ESC GDOR H DEL CASTILLO GELLY Y OBES 3110 VILLA AZALAIS,8,2650,2657,2760
1,CAPITAL,13J,VILLA AZALAIS,ESC PARROQUIAL L STUCCHI BAUDO NUEVO MUNDO 824 B°RESID AMERICA,11,2658,2668,3795
1,CAPITAL,13J,VILLA AZALAIS,ESC JUSTO PAEZ MOLINA J MONTAÑO 1350 B° VILLA AZALAIZ,13,2669,2681,4473
1,CAPITAL,13J,VILLA AZALAIS,ESC VICENTE F LOPEZ TISSERA 1551 B° L N ALEM,14,2682,2695,4816
1,CAPITAL,13J,VILLA AZALAIS,ESC MUNIC J A PAREDES FCO DEL PRADO 3900 V AZALAIS,7,2696,2702,2408
1,CAPITAL,13J,VILLA AZALAIS,I.P.E.T N° 70 AV JUAN B JUSTO 4.350,10,2703,2712,3440
1,CAPITAL,13K,VILLA ESQUIU,DR JOSE RAMON IBAÑEZ CAPDEVILLA KM 9 1/2,6,2713,2718,1845
1,CAPITAL,13L,VILLA GRAN PARQUE,ESC JORGE WASHINGTON ABALOS CNO J MARIA KM 8 1/2,2,2719,2720,372
1,CAPITAL,13M,CAMINO A COLONIA TIROLESA,ESC OLEGARIO V ANDRADE CNO SGO DEL ESTERO KM 7 1/2,2,2721,2722,618
1,CAPITAL,13N,YOFRE,ESC DR ANTONIO NORES JULIO DE VEDIA 2.353,9,2723,2731,3105
1,CAPITAL,13N,YOFRE,ESC MATEO J LUQUE JACINTO DE ALTOLAGUIRRE B°YOFRE NORT 2.089,13,2732,2744,4485
1,CAPITAL,13O,CHACHAPOYAS,ESC. CARLOS TAGLE ACHAVAL MANZANA 22 B°CIUDAD DE LOS CUARTETOS,3,2745,2747,904
1,CAPITAL,14,ARGUELLO,COLEGIO LA SALLE AV MARTINOLI 3950,18,2748,2765,6143
1,CAPITAL,14A,ARGUELLO NORTE,ESC BRIG SAN MARTIN DOMINGO MARIMON/GABRIEL ORTEGA,14,2766,2779,4830
1,CAPITAL,14A,ARGUELLO NORTE,ESC MARTHA A SALOTTI PUBLICA S/N IPV SECTOR360ARGÜELLO N,11,2800,2810,3784
1,CAPITAL,14A,ARGUELLO NORTE,ESC RICARDO NASSIF MARTIN FERMIN B°ARGÜELLO NORTE,12,2780,2791,4132
1,CAPITAL,14A,ARGUELLO NORTE,ESC HUGO LEONELLI ALBERTO FAGE/JULIO BEJANELE,8,2792,2799,2752
1,CAPITAL,14B,ARGUELLO PRIMERO,ESC MARTIN DE GÜEMES MONTUFAR Y CORONADO 7.126,8,2811,2818,2642
1,CAPITAL,14B,ARGUELLO PRIMERO,ESC MUNIC RAUL V MARTINEZ NILO PECANHA S/N B°QTAS DE ARGÜELLO,8,2819,2826,2640
1,CAPITAL,14B,ARGUELLO PRIMERO,ESC ELISA K DE LIVACK CUIMAN B°LA SALLE 6.543,6,2827,2832,1980
1,CAPITAL,14C,ARGUELLO SEGUNDO,INST CONCEPCIONISTA LA INMACUL AV ENRIQUE BODEREAU KM 14,13,2833,2845,4232
1,CAPITAL,14D,CERRO DE LAS ROSAS,ESC INGENIERO VICTOR REE FDO FADER 3821 B°C DE LAS ROSAS,10,2846,2855,3400
1,CAPITAL,14D,CERRO DE LAS ROSAS,ESC JUAN ZORRILA DE SAN MARTIN JOSE E BUSTOS 1875 C DE LAS ROSAS,12,2856,2867,4077
1,CAPITAL,14E,CERRO NORTE,ESC MODESTA RODRIGUEZ HNOS GRIMM 7168 B°UOCRA,4,2868,2871,1380
1,CAPITAL,14E,CERRO NORTE,ESC NIÑAS DE AYOHUMA VALERIO BETA B°ARGUELLO (N) 7.300,8,2872,2879,2760
1,CAPITAL,14E,CERRO NORTE,ESC GERONIMO GRAGERA MOLLEYACO/PAYEN,5,2880,2884,1723
1,CAPITAL,14F,GRANJA DE FUNES,ESC DR ALEJANDRO GALLARDO TRINIDAD ESQ ITALIA B°SILVANO FUNES,11,2885,2895,3751
1,CAPITAL,14F,GRANJA DE FUNES,ESC JAVIER LAZCANO COLODRERO CARLOS BROGGI S/N° B°ARGÜELLO,10,2896,2905,3409
1,CAPITAL,14G,LOS BOULEVARES,ESC MUNIC ING MASJOAN 2/TUCUMAN Y MENDOZA LOS BOULEVARES,8,2906,2913,2720
1,CAPITAL,14G,LOS BOULEVARES,ESC JUAN MARIA GUTIERREZ BV CORDOBA 100 B°LOS BOULEVARES,8,2914,2921,2712
1,CAPITAL,14G,LOS BOULEVARES,ESC. F. LELOIR LOS POLACOS 6.072,9,2922,2930,3051
1,CAPITAL,14H,MERCANTIL,ESC MUNIC MAESTRO M OLIVA REVELTO ESQ TOMASINI B°MERCANTIL,4,2931,2934,1211
1,CAPITAL,14I,SANTA CECILIA,ESC MAESTROS PUNTANOS CINCO N°25 B°AMPL P LUGONES,7,2935,2941,2307
1,CAPITAL,14I,SANTA CECILIA,ESC MUNIC ARSENIO MURUGARREN PIZARRO Y GRASS B°SANTA CECILIA,7,2942,2948,2303
1,CAPITAL,14J,URCA,ESC REPUBLICA DE PANAMA TRECE BIS COL DEL CERRO,7,2958,2964,2380
1,CAPITAL,14J,URCA,ESC REPUBLICA DEL LIBANO IGARZABAL 1250 B°URCA,8,2965,2972,2720
1,CAPITAL,14J,URCA,INSTITUTO EMILIO LAMARCA AV EMILIO LAMARCA 4.245,9,2949,2957,3064
1,CAPITAL,14K,VILLA ALLENDE PARQUE,ESC MUNIC DR RAUL FERNANDEZ 12 Y 14 VILLA ALLENDE PQUE,8,2973,2980,2632
1,CAPITAL,14K,VILLA ALLENDE PARQUE,JARDIN MATERNAL TRAVESURAS MULUCHES S/N,3,2981,2983,986
1,CAPITAL,14L,VILLA BELGRANO,ESC NUEVA JUAN MANTOVANI AVOGADRO Y GAUSS VILLA BELGRANO,9,2984,2992,3083
1,CAPITAL,14L,VILLA BELGRANO,ESC RICARDO PALMA D'ALEMBERT Y GAUSS,8,2993,3000,2736
1,CAPITAL,14M,VILLA CENTENARIO,INST SAUL TABORDA OB MOSCOSO Y PERALTA 2772 A PALERMO,13,3001,3013,4344
1,CAPITAL,14M,VILLA CENTENARIO,ESC PRIMERA JUNTA C DE ARREDONDO 4446 B°CENTENARIO,13,3014,3026,4342
1,CAPITAL,14M,VILLA CENTENARIO,ESC LUZ VIEYRA MENDEZ OB MOSCOSO Y PERALRA 2772,4,3027,3030,1336
1,CAPITAL,14N,VILLA CORNU,ESC MUNIC DR HORACIO GARCIA PUBLICA S/N°V CORNU,8,3031,3038,2728
1,CAPITAL,14N,VILLA CORNU,IPEM 16 MA.SALEME DE BURNICHON AL LADO ESC. H. GARCIA,7,3039,3045,2381
1,CAPITAL,14N,VILLA CORNU,ESC ATAHUALPA YAPANQUI AV NIAGARA ESQ BARCELONA,4,3046,3049,1360
1,CAPITAL,14O,VILLA 9 DE JULIO,ESC MUNIC SAUL TABORDA COQUENA (VILLA 9 DE JULIO) 7.985,8,3060,3067,2664
1,CAPITAL,14O,VILLA 9 DE JULIO,JARDIN DE INF NIÑAS DE AYOHUMA RODOLFO DE ALZAGA 7.373,3,3068,3070,999
1,CAPITAL,14O,VILLA 9 DE JULIO,ESC JAVIER VILLAFAÑE MANUEL CALVIÑO ESQ MARIMON,10,3050,3059,3338
1,CAPITAL,14P,VILLA RIVERA INDARTE,ESC MUNIC DR JORGE ORGAZ LAGUNA LARGA/R LUNA V R INDARTE,7,3071,3077,2355
1,CAPITAL,14P,VILLA RIVERA INDARTE,IPEM N° 17 LAGUNA LARGA ESQ.RINCON DE LUNA,4,3078,3081,1344
1,CAPITAL,14Q,VILLA WARCALDE,INST. TEC. ISAAC NEWTON MOLINO DE TORRES 6.635,3,3082,3084,1028
2,Establecimientos Habilitados:                                   342,15,AMBOY,ESC PROV D VELEZ SARFIELD AYLLU,1,3085,3085,253
2,Establecimientos Habilitados:                                   342,15A,VILLA AMANCAY,ESC.PROV.R.SAENZ PEÑA CALLE 6,2,3086,3087,416
2,Establecimientos Habilitados:                                   342,16,ATHOS PAMPA,ESC PROV. M.BELGRANO PUBLICA S/N,1,3088,3088,130
2,Establecimientos Habilitados:                                   342,16A,VILLA LA MERCED,ESCUELA N° 404 VILLA LA MERCED,1,3089,3089,55
2,Establecimientos Habilitados:                                   342,16B,CHAMPAQUI,ESC.PROV. F.AMEGHINO CHAMPAQUI,1,3090,3090,31
2,Establecimientos Habilitados:                                   342,16C,VILLA BERNA,ESC. JOAQUIN V. GONZALEZ PUBLICA,1,3091,3091,96
2,Establecimientos Habilitados:                                   342,17,EMBALSE,ESCUELA B. ROLDAN TUCUMAN 121,10,3092,3101,3304
2,Establecimientos Habilitados:                                   342,17,EMBALSE,ESCUELA R. OBLIGADO CAMINO A HOTELES DE U.T.E. PUBLICA,10,3102,3111,3300
2,Establecimientos Habilitados:                                   342,18,LA CRUZ,ESC PROV DOMINGO F SARMIENTO SARMIENTO 376,3,3112,3114,870
2,Establecimientos Habilitados:                                   342,18,LA CRUZ,INST DR D VELEZ SARSFIELD SARMIENTO 236,2,3115,3116,579
2,Establecimientos Habilitados:                                   342,18A,LUTTI,ESC. PROV. L. LUGONES PUBLICA,1,3117,3117,181
2,Establecimientos Habilitados:                                   342,18B,CALERAS DE CALAMUCHITA,ESCUELA PROVINCIAL CALERAS DE CALAMUCHITA,1,3118,3118,214
2,Establecimientos Habilitados:                                   342,18C,VILLA CAÑADA DEL SAUCE,ESC.PROV. A.ALSINA FRANCISCO CESAR,1,3119,3119,64
2,Establecimientos Habilitados:                                   342,18D,VILLA QUILLINZO,ESC.PROV.PADRE FELIX ENRIQUE VILLA QUILLINZO,1,3120,3120,94
2,Establecimientos Habilitados:                                   342,19,LOS CONDORES,ESC. PROV. FRENCH Y BERUTTI LOS CONDORES,5,3121,3125,1702
2,Establecimientos Habilitados:                                   342,19,LOS CONDORES,COLEGIO SAGRADO CORAZON AV DON BOSCO 101,3,3126,3128,1020
2,Establecimientos Habilitados:                                   342,20,LOS REARTES,ESC PROV PEDRO B PALACIOS MANUEL BELGRANO S/N,3,3129,3131,1031
2,Establecimientos Habilitados:                                   342,20A,VILLA GENERAL BELGRANO,ESC.GRAL J. DE SAN MARTIN VILLA GRAL.BELGRANO,8,3132,3139,2632
2,Establecimientos Habilitados:                                   342,20A,VILLA GENERAL BELGRANO,ESC. DE COM. D. DE ROJAS VILLA GRAL.BELGRANO,7,3140,3146,2296
2,Establecimientos Habilitados:                                   342,20A,VILLA GENERAL BELGRANO,COLEGIO ARGENTINO GERMANO VILLA GRAL.BELGRANO,5,3147,3151,1640
2,Establecimientos Habilitados:                                   342,20B,VI.CIUD.PQUE.LOS REARTES,SALA DE PRIMEROS AUXILIOS VILLA CIUDAD PARQUE LOS REARTES,2,3152,3153,653
2,Establecimientos Habilitados:                                   342,21,LAS BAJADAS,ESC. DR. JUAN M. ALBARENQUE PUBLICA,1,3154,3154,286
2,Establecimientos Habilitados:                                   342,22,RIO DE LOS SAUCES,ESC. PROV. D.F. SARMIENTO SARMIENTO,4,3155,3158,1062
2,Establecimientos Habilitados:                                   342,23,VILLA YACANTO,ESC.PROV. FRENCH Y BERUTTI CORDOBA,3,3159,3161,1026
2,Establecimientos Habilitados:                                   342,24,RUMIPAL,ESC PROV PRIMERA JUNTA AMADEO SABATTINI 143,7,3162,3168,2176
2,Establecimientos Habilitados:                                   342,24A,VILLA DEL DIQUE,ESC.PROV.ALMIRANTE BROWN VILLA DEL DIQUE,9,3169,3177,2889
2,Establecimientos Habilitados:                                   342,25,SAN AGUSTIN,ESC. PROV.GRAL. SAN MARTIN SAN AGUSTIN,5,3178,3182,1614
2,Establecimientos Habilitados:                                   342,25,SAN AGUSTIN,COLEGIO SAN JOSE SAN AGUSTIN,4,3183,3186,1288
2,Establecimientos Habilitados:                                   342,25A,CALMAYO,ESC.PROV.M.GUEMES PUBLICA,1,3187,3187,104
2,Establecimientos Habilitados:                                   342,25B,LOS MOLINOS,ESC PROV JUAN LARREA PUBLICA S/N,1,3188,3188,288
2,Establecimientos Habilitados:                                   342,26,SANTA ROSA,ESC. PROV.M. MORENO SANTA ROSA,12,3195,3206,4068
2,Establecimientos Habilitados:                                   342,26,SANTA ROSA,COLEGIO NAC. DR.D.V. SARSFIELD SANTA ROSA,12,3207,3218,4063
2,Establecimientos Habilitados:                                   342,26,SANTA ROSA,PRIM-EL MUNDO DE LOS CHICOS GUEMES 162,6,3189,3194,2034
2,Establecimientos Habilitados:                                   342,26A,SEGUNDA USINA,ESCUELA N° 481 SEGUNDA USINA,1,3219,3219,119
2,Establecimientos Habilitados:                                   342,26B,SAN IGNACIO,ESC.PROV.DEAN FUNES SAN IGNACIO,1,3220,3220,127
2,Establecimientos Habilitados:                                   342,328A,LA CUMBRECITA,ESC BARTOLOME MITRE PUBLICA S/N,2,3221,3222,641
3,Establecimientos Habilitados:                                     36,27,ASCOCHINGA,ESCUELA DR. PABLO RUEDA LA GRANJA,8,3223,3230,2711
3,Establecimientos Habilitados:                                     36,28,CALERA,INSTITUTO D.F.SARMIENTO CALERA,18,3239,3256,6138
3,Establecimientos Habilitados:                                     36,28,CALERA,ESCUELA PROV.J.J.PASO-CENMA CALERA,11,3257,3267,3742
3,Establecimientos Habilitados:                                     36,28,CALERA,INSTITUTO JESUS MARIA CALERA,9,3268,3276,3060
3,Establecimientos Habilitados:                                     36,28,CALERA,ESC ELADIO DIEZ ALVEAR ESQ SARMIENTO,8,3231,3238,2728
3,Establecimientos Habilitados:                                     36,28A,CALERA CENTRAL,ESC.TTE. J.R. IBARZABAL CALERA CENTRAL,15,3277,3291,5145
3,Establecimientos Habilitados:                                     36,28A,CALERA CENTRAL,CENTRO EDUCATIVO GRAL SAN MART CALERA CENTRAL,8,3292,3299,2744
3,Establecimientos Habilitados:                                     36,28A,CALERA CENTRAL,MARGARITA W DE PAZ AVELLANEDA 684,7,3300,3306,2401
3,Establecimientos Habilitados:                                     36,29,COLONIA CAROYA,ESC.PROV. M. BELGRANO COLONIA CAROYA,10,3307,3316,3450
3,Establecimientos Habilitados:                                     36,29,COLONIA CAROYA,ESC. PROV. GRAL SAN MARTIN MAESTRA OLGA PROSDOCIMO 3.580,10,3317,3326,3450
3,Establecimientos Habilitados:                                     36,29,COLONIA CAROYA,ESC. PRESBITERO BONORIS COLONIA CAROYA,11,3327,3337,3795
3,Establecimientos Habilitados:                                     36,29,COLONIA CAROYA,ESCUELA M. MORENO JUSTINIANO CELIZ HEREDIA 650,8,3338,3345,2760
3,Establecimientos Habilitados:                                     36,29,COLONIA CAROYA,IPEM 165 ANEXO J.BONORIS COLONIA CAROYA,6,3346,3351,2068
3,Establecimientos Habilitados:                                     36,29A,TINOCO,ESC.PROV.B.RIVADAVIA PUBLICA,1,3352,3352,261
3,Establecimientos Habilitados:                                     36,30,COLONIA TIROLESA,ESCUELA NACIONAL N°31 PUBLICA-SANTA ELENA RUTA 74KM22,8,3353,3360,2687
3,Establecimientos Habilitados:                                     36,30,COLONIA TIROLESA,ESC PROV DR PABLO RUEDA PUBLICA S/N,5,3361,3365,1675
3,Establecimientos Habilitados:                                     36,31,EL MANZANO,ESC.PROV.A.ARGENTINA EL MANZANO SOBRE RUTA E 53,3,3366,3368,964
3,Establecimientos Habilitados:                                     36,31A,AGUA DE ORO,ESC.PROV.V.MERCANTE AGUA DE ORO,6,3369,3374,1896
3,Establecimientos Habilitados:                                     36,31B,VILLA CERRO AZUL,LOCAL COMUNAL VILLA CERRO AZUL,1,3375,3375,240
3,Establecimientos Habilitados:                                     36,32,GENERAL PAZ,ESC PROV GRAL JOSE MARIA PAZ BUENOS AIRES Y CORDOBA,6,3376,3381,1795
3,Establecimientos Habilitados:                                     36,33,JESUS MARIA,I.P.E.T.N° 69 JESUS MARIA,13,3397,3409,4472
3,Establecimientos Habilitados:                                     36,33,JESUS MARIA,ESC.DR. J.M.ESTRADA N° 221 CATAMARCA Y ESTRADA,13,3410,3422,4472
3,Establecimientos Habilitados:                                     36,33,JESUS MARIA,ESC.PROV.1ER.TTE.MORANDINI CHILE -SAN JOSE OBRERO 222,12,3423,3434,4121
3,Establecimientos Habilitados:                                     36,33,JESUS MARIA,ESC.PROVC.F.O. DE OCAMPO AV. DR. FRANCISCO N. DE LAPRIDA 649 649,15,3435,3449,5145
3,Establecimientos Habilitados:                                     36,33,JESUS MARIA,ESC.N°21 GENDARMERIA NACIONAL JESUS MARIA,11,3450,3460,3773
3,Establecimientos Habilitados:                                     36,33,JESUS MARIA,PTE DOMINGO F SARMIENTO CORDOBA (PARALEA A JUAN B JUSTO) 1.050,15,3382,3396,5160
3,Establecimientos Habilitados:                                     36,33A,COLONIA VICENTE AGÜERO,ESC PROV VICENTE AGUERO LOTE XVII S/N,1,3461,3461,292
3,Establecimientos Habilitados:                                     36,34,JUAREZ CELMAN,ESC.COM.R. SILIONI JUAREZ CELMAN,8,3470,3477,2671
3,Establecimientos Habilitados:                                     36,34,JUAREZ CELMAN,ESC.ATAHUALPA YUPANQUI BARRIO PARQUE NORTE,8,3478,3485,2664
3,Establecimientos Habilitados:                                     36,34,JUAREZ CELMAN,ESC PROV LEOPOLDO LUGONES VILLA LOS LLANOS,8,3462,3469,2672
3,Establecimientos Habilitados:                                     36,35,MALVINAS ARGENTINAS,ESC.CAP.LUIS C.CANDELARIA MALVINAS ARGENTINAS,9,3486,3494,3060
3,Establecimientos Habilitados:                                     36,35,MALVINAS ARGENTINAS,ESC.MUNIC.CIUDAD DE M.ARGENTIN MALVINAS ARGENTINAS,8,3495,3502,2720
3,Establecimientos Habilitados:                                     36,35,MALVINAS ARGENTINAS,I.P.E.M. N° 24 JUJUY ESQ. SARMIENTO S/N MALVINAS AR,12,3503,3514,4071
3,Establecimientos Habilitados:                                     36,35A,MI GRANJA,JARDIN DE INF.CAP.CANDELARIA VILLAFAÑE DEL VISO,3,3515,3517,763
3,Establecimientos Habilitados:                                     36,36,LA PUERTA,ESC PROV SARGENTO CABRAL PUBLICA S/N,1,3518,3518,281
3,Establecimientos Habilitados:                                     36,37,RIO CEBALLOS,ESC.PROV.M.FRAGUEIRO AVENIDA SAN MARTIN 4.519,11,3529,3539,3748
3,Establecimientos Habilitados:                                     36,37,RIO CEBALLOS,I.P.E.M.144-MARIANO MORENO SALTA 191,9,3540,3548,3060
3,Establecimientos Habilitados:                                     36,37,RIO CEBALLOS,INSTITUTO DEL ESPIRITU SANTO AV. SAN MARTIN 5.109,11,3549,3559,3740
3,Establecimientos Habilitados:                                     36,37,RIO CEBALLOS,ESC.CONSTANCIO C. VIGIL 1 MAYO B° MOREYRA 112,7,3560,3566,2380
3,Establecimientos Habilitados:                                     36,37,RIO CEBALLOS,IPEM N° 352 NICANOR CEBALLOS,10,3519,3528,3410
3,Establecimientos Habilitados:                                     36,38,SALSIPUEDES,ESC.PROV. J.MALDONADO DESIDERIO TORRES 360,11,3573,3583,3751
3,Establecimientos Habilitados:                                     36,38,SALSIPUEDES,ESCUELA RECONQUISTA CERRITO,4,3584,3587,1364
3,Establecimientos Habilitados:                                     36,38,SALSIPUEDES,INST SECUNDARIO SALSIPUEDES AV BELGRANO 178,6,3567,3572,2052
3,Establecimientos Habilitados:                                     36,39,SANTA TERESA,ESC.PROV. FRAY M.ESQUIU PUBLICA,1,3588,3588,77
3,Establecimientos Habilitados:                                     36,40,UNQUILLO,ESC.PROV. D.V.SARSFIELD SARMIENTO Y VELEZ SARSFIELD,9,3589,3597,3096
3,Establecimientos Habilitados:                                     36,40,UNQUILLO,I.P.E.M. N° 23 SPILIMBERGO 869,9,3598,3606,3096
3,Establecimientos Habilitados:                                     36,40,UNQUILLO,I.P.E.M. N° 78 COSTANERA LOS CIGARRALES B 750,15,3607,3621,5160
3,Establecimientos Habilitados:                                     36,40,UNQUILLO,INST.PARROQ.NTA.SRA DE LOURDES JUAN MILICH,11,3622,3632,3783
3,Establecimientos Habilitados:                                     36,40A,MENDIOLAZA,ESC.PROV. D.F.SARMIENTO MALVINAS ARGENTINAS Y SARMIENTO,11,3633,3643,3619
3,Establecimientos Habilitados:                                     36,40A,MENDIOLAZA,I.P.E.M.N° 317 MENDIOLAZA,10,3644,3653,3284
3,Establecimientos Habilitados:                                     36,41,VILLA ALLENDE,ESC.PROV. J.DE SAN MARTIN GOYCOECHEA 150,13,3654,3666,4446
3,Establecimientos Habilitados:                                     36,41,VILLA ALLENDE,COLEGIO SAN JOSE VILLA ALLENDE,12,3667,3678,4104
3,Establecimientos Habilitados:                                     36,41,VILLA ALLENDE,INSTITUTO PAULA A.DE SARMIENTO LAPRIDA/GONZALEZ,8,3679,3686,2736
3,Establecimientos Habilitados:                                     36,41,VILLA ALLENDE,INST GRAL S.MARTIN/17 DE AGOST 25 DE MAYO ESQ. TABLADA,29,3687,3715,9898
3,Establecimientos Habilitados:                                     36,41,VILLA ALLENDE,INSTITUTO NTA.SRA. DE LUJAN AV.SAN MARTIN 1.070,10,3716,3725,3410
3,Establecimientos Habilitados:                                     36,41,VILLA ALLENDE,COLEGIO MARYLAND GUEMES ESQ ALBERTI,4,3726,3729,1364
3,Establecimientos Habilitados:                                     36,41A,SALDAN,ESCUELA NOGAL HISTORICO JOSE ACCASTELLI 252,13,3732,3744,4368
3,Establecimientos Habilitados:                                     36,41A,SALDAN,ESC.DE COMERCIO J.M.PAZ VELEZ SARSFIELD 647,11,3745,3755,3691
3,Establecimientos Habilitados:                                     36,41A,SALDAN,JARDIN NOGAL HISTORICO,2,3730,3731,672
4,Establecimientos Habilitados:                                      59,42,BAÑADO DE SOTO,ESCUELA PROV.M. MORENO PUBLICA S/N,2,3756,3757,560
4,Establecimientos Habilitados:                                      59,43,CANDELARIA,ESCUELA PROVINCIAL CANDELARIA,1,3758,3758,75
4,Establecimientos Habilitados:                                      59,43A,LAS CAÑADAS,ESC.PROV. CANTERAS IGUAZU LAS CAÑADAS,1,3759,3759,132
4,Establecimientos Habilitados:                                      59,43B,CRUZ DE CAÑA,ESC PROV JUAN B ALBERDI PUBLICA S/N,1,3760,3760,203
4,Establecimientos Habilitados:                                      59,43C,CIENAGA DE BRITOS,ESC PROV RODRIGUEZ PEÑA PUBLICA S/N,1,3761,3761,5
4,Establecimientos Habilitados:                                      59,44,CRUZ DEL EJE,IPEM N° 253 ALEM ESQ DOMINGO MATEU,16,3762,3777,5488
4,Establecimientos Habilitados:                                      59,44,CRUZ DEL EJE,ESC.PROV.D.F.SARMIENTO IRIGOYEN 247,13,3778,3790,4459
4,Establecimientos Habilitados:                                      59,44,CRUZ DEL EJE,ESC.E. BAVIO PELLEGRINI 180,13,3791,3803,4459
4,Establecimientos Habilitados:                                      59,44,CRUZ DEL EJE,ESCUELA NORMAL SARMIENTO 1155,16,3804,3819,5488
4,Establecimientos Habilitados:                                      59,44,CRUZ DEL EJE,IPEM 273 M. BELGRANO PELLEGRINI 445,13,3820,3832,4447
4,Establecimientos Habilitados:                                      59,44A,LAS PLAYAS,ESC.PROV.PCIA.DE LA RIOJA RUTA 75,2,3833,3834,483
4,Establecimientos Habilitados:                                      59,45,EL BRETE,ESC PROV MANUEL BELGRANO PUBLICA S/N,3,3835,3837,895
4,Establecimientos Habilitados:                                      59,46,GUANACO MUERTO,ESC PROV GRAL SAN MARTIN PUBLICA S/N,3,3838,3840,691
4,Establecimientos Habilitados:                                      59,46B,ALTO DE LOS QUEBRACHOS,ESCUELA PROVINCIAL ALTO DE LOS QUEBRACH,1,3841,3841,270
4,Establecimientos Habilitados:                                      59,47,IGLESIA VIEJA,ESC PROV JOSE MARIA PAZ PUBLICA S/N,1,3842,3842,99
4,Establecimientos Habilitados:                                      59,48,LA HIGUERA,ESC PROV GRAL SAN MARTIN RUTA PROVINCIAL N°15 S/N,2,3843,3844,521
4,Establecimientos Habilitados:                                      59,49,LOS SAUCES,ESC.PROV.M.MORENO LOS SAUCES,1,3845,3845,90
4,Establecimientos Habilitados:                                      59,50,MEDIA NARANJA,ESCUELA M. GUEMES MEDIA NARANJA,3,3846,3848,808
4,Establecimientos Habilitados:                                      59,50A,LOS CHAÑARITOS,ESC DOMINGO F SARMIENTO PUBLICA S/N,2,3849,3850,614
4,Establecimientos Habilitados:                                      59,51,PASO VIEJO,I.P.E.A. N° 306 DR A SABATTINI TUPAC AMARU S/N,3,3851,3853,824
4,Establecimientos Habilitados:                                      59,51A,SANTA ANA,ESC.PROV.J.M.PAZ SANTA ANA,1,3854,3854,128
4,Establecimientos Habilitados:                                      59,52,PICHANAS,ESC.PROV.J.V.GONZALEZ PUBLICA,1,3855,3855,254
4,Establecimientos Habilitados:                                      59,53,SAN ANTONIO,ESC.PROV. BME. MITRE PUBLICA,1,3856,3856,62
4,Establecimientos Habilitados:                                      59,53A,LOS LEONES,ESC. R.S. DE CALDELARI LOS LEONES,1,3857,3857,64
4,Establecimientos Habilitados:                                      59,53B,EL ABRA,ESCUELA N°395 EL ABRA,1,3858,3858,51
4,Establecimientos Habilitados:                                      59,54,SAN MARCOS SIERRAS,ESC PROV PTE ROQUE SAENZ PEÑA LIBERTAD 1.043,6,3859,3864,1968
4,Establecimientos Habilitados:                                      59,54A,CANTERAS QUILPO,ESC.PROV.M. BELGRANO CANTERAS QUILPO,1,3865,3865,126
4,Establecimientos Habilitados:                                      59,55,SERREZUELA,ESC.PROV.B.RIVADAVIA AVDA. MALVINAS ARGENTINAS,8,3866,3873,2565
4,Establecimientos Habilitados:                                      59,55A,LA BATEA,ESC.PROV.DEAN G.FUNES LA BATEA,1,3874,3874,117
4,Establecimientos Habilitados:                                      59,56,SOTO,ESC.PADRE B.DE LAS CASAS JOSE IGNACIO PERALTA 249,8,3875,3882,2688
4,Establecimientos Habilitados:                                      59,56,SOTO,INSTITUTO SANTO DOMINGO SOTO,4,3883,3886,1344
4,Establecimientos Habilitados:                                      59,56,SOTO,E.N.E.T. N°1 JUAN BAUTISTA ALBERDI 2.200,5,3887,3891,1679
4,Establecimientos Habilitados:                                      59,56,SOTO,ESC NICOLAS AVELLANEDA DEAN FUNES ESQ CORRIENTES,3,3892,3894,1005
4,Establecimientos Habilitados:                                      59,57,TUCLAME,ESC.PROV.J.J.CASTELLI PUBLICA,2,3895,3896,592
5,Establecimientos Habilitados:                                     34,58,BRUZONE,ESC.PROV. J.J. PASO MARIANO MORENO,1,3897,3897,235
5,Establecimientos Habilitados:                                     34,59,BUCHARDO,ESC PROV JOSE MARIA PAZ AV MANNY S/N,5,3898,3902,1712
5,Establecimientos Habilitados:                                     34,60,DEL CAMPILLO,ESCUELA J.M.PAZ JOSE MARIA PAZ ENRIQUE COOK 444,7,3903,3909,2184
5,Establecimientos Habilitados:                                     34,60,DEL CAMPILLO,I.P.E.M. N° 219 DEL CAMPILLO,3,3910,3912,933
5,Establecimientos Habilitados:                                     34,61,HUINCA RENANCO,ESC.PROV. D.F. SARMIENTO PTE. JUAN D.PERON VILLA TORROBA 75,12,3913,3924,4014
5,Establecimientos Habilitados:                                     34,61,HUINCA RENANCO,COLEGIO NAC. L.V.MANSILLA HUINCA RENANCO,10,3925,3934,3340
5,Establecimientos Habilitados:                                     34,62,ITALO,ESC DR BENJAMIN DUPONT LAVALLE S/N,4,3935,3938,1076
5,Establecimientos Habilitados:                                     34,63,JOVITA,ESC.PROV.D.F. SARMIENTO JOVITA,6,3939,3944,2061
5,Establecimientos Habilitados:                                     34,63,JOVITA,I.P.E.M. N° 221 JOVITA,6,3945,3950,2058
5,Establecimientos Habilitados:                                     34,65,LECUEDER,ESC PROV MANUEL BELGRANO PUBLICA S/N,1,3951,3951,22
5,Establecimientos Habilitados:                                     34,66,MATTALDI,ESC.PROV. SAN LUIS TUCUMAN 225,5,3952,3956,1599
5,Establecimientos Habilitados:                                     34,67,ONAGOITY,ESC.PROV. V. MERCANTE PUBLICA,1,3957,3957,73
5,Establecimientos Habilitados:                                     34,68,PINCEN,ESC. ING.A.EBELOT FELIPA ROSALES,1,3958,3958,291
5,Establecimientos Habilitados:                                     34,69,RANQUELES,ESC.PROV.F.N.LAPRIDA PUBLICA,1,3959,3959,55
5,Establecimientos Habilitados:                                     34,70,VILLA HUIDOBRO,INST. DE LOS SAGRADOS CORAZONE SANTA MARI JOSEFA ROSSELLO 250,8,3960,3967,2603
5,Establecimientos Habilitados:                                     34,70,VILLA HUIDOBRO,ESC.PROV.M.BELGRANO PASCO 327,7,3968,3974,2275
5,Establecimientos Habilitados:                                     34,71,VILLA SARMIENTO,ESC.PROV. D.F.SARMIENTO PUBLICA,1,3975,3975,299
5,Establecimientos Habilitados:                                     34,72,VILLA VALERIA,ESC.PROV.J.CROTTO VILLA VALERIA,8,3976,3983,2463
6,Establecimientos Habilitados:                                     18,73,ARROYO ALGODON,ESC.PROV. A.ARGENTINA CORDOBA ESQ ANTARTIDA ARGENTINA,4,3984,3987,1145
6,Establecimientos Habilitados:                                     18,74,ARROYO CABRAL,INST. SEC. COM. SAN JOSE ARROYO CABRAL,5,3988,3992,1535
6,Establecimientos Habilitados:                                     18,74,ARROYO CABRAL,ESC.PROV.D.V.SARSFIELD RIVADAVIA 410,4,3993,3996,1227
6,Establecimientos Habilitados:                                     18,75,AUSONIA,ESC.PROV.GRAL SAN MARTIN 25 DE MAYO 551,3,3997,3999,890
6,Establecimientos Habilitados:                                     18,76,CHAZON,ESC PROV M R DE LA TORRE DIESCISEIS 582,3,4000,4002,961
6,Establecimientos Habilitados:                                     18,77,ETRURIA,INSTITUTO SEC. GRAL PAZ BV.SRMIENTO Y S.NICOLA 390,5,4003,4007,1718
6,Establecimientos Habilitados:                                     18,77,ETRURIA,ESC.PROV. 12 DE OCTUBRE ETRURIA,5,4008,4012,1715
6,Establecimientos Habilitados:                                     18,78,LA LAGUNA,ESC ESTEBAN ECHEVERRIA GENERAL PAZ 556,4,4013,4016,1341
6,Establecimientos Habilitados:                                     18,79,LA PLAYOSA,ESC.PROV. 25 DE MAYO LA PLAYOSA,8,4017,4024,2703
6,Establecimientos Habilitados:                                     18,80,LUCA,ESC.PROV.J.V.GONZALEZ 9 DE JULIO 350,2,4025,4026,603
6,Establecimientos Habilitados:                                     18,81,MOJARRAS,ESC.PROV. ISLAS MALVINAS RUTA PROV N 158,1,4027,4027,77
6,Establecimientos Habilitados:                                     18,82,PALESTINA,ESC PROV CMTE L PIEDRABUENA FELIPE LORENZATTI 875,2,4028,4029,528
6,Establecimientos Habilitados:                                     18,83,PASCO,ESC.PROV.D.F.SARMIENTO PASCO,4,4030,4033,1134
6,Establecimientos Habilitados:                                     18,84,SANABRIA,ESC PROV JOSE DE SAN MARTIN PUBLICA S/N,1,4034,4034,50
6,Establecimientos Habilitados:                                     18,86,SILVIO PELLICO,ESC.PROV.M.GUEMES ANTONIO CONRERO 24,2,4035,4036,650
6,Establecimientos Habilitados:                                     18,87,TICINO,ESC. A. CAPDEVILA TICINO,6,4037,4042,1914
6,Establecimientos Habilitados:                                     18,88,TIO PUJIO,ESC.R.DE ESCALADA TIO PUJIO,9,4043,4051,2886
6,Establecimientos Habilitados:                                     18,88A,SANTA RITA,ESC.PROV. LIBERTAD SANTA RITA,1,4052,4052,9
6,Establecimientos Habilitados:                                     18,88B,SAN ANTONIO DE YUCAT,ESC.PROV.JOHN F.KENNEDY SAN ANTONIO DE YUCAT,1,4053,4053,21
6,Establecimientos Habilitados:                                     18,89,VILLA MARIA,ESCUELA J.MARMOL NAC. UNIDAS 385,10,4054,4063,3450
6,Establecimientos Habilitados:                                     18,89,VILLA MARIA,ESC.DR. J.BIANCO BELGRANO 302,12,4064,4075,4131
6,Establecimientos Habilitados:                                     18,89,VILLA MARIA,ESC.REP.DEL PARAGUAY CHILE 565,10,4076,4085,3440
6,Establecimientos Habilitados:                                     18,89,VILLA MARIA,INSTITUTO DEL ROSARIO BV.ALVEAR 68,30,4086,4115,10320
6,Establecimientos Habilitados:                                     18,89,VILLA MARIA,INST.LA SANTISIMA TRINIDAD SARSFIELD 1.072,26,4116,4141,8944
6,Establecimientos Habilitados:                                     18,89,VILLA MARIA,ESC.N.AVELLANEDA BS.AS.E INT.MACIEL,14,4142,4155,4816
6,Establecimientos Habilitados:                                     18,89,VILLA MARIA,ESC.N.V.MERCANTE SOBRAL 378,29,4156,4184,9976
6,Establecimientos Habilitados:                                     18,89,VILLA MARIA,IPEM N°275 EX COLEGIO NACIONAL S.DEL ESTERO 618,15,4185,4199,5160
6,Establecimientos Habilitados:                                     18,89,VILLA MARIA,ESC.COM.A.OCAMPO CATAMARCA 650,12,4200,4211,4128
6,Establecimientos Habilitados:                                     18,89,VILLA MARIA,I.P.E.T. N° 2 J.MULLER 651,14,4212,4225,4816
6,Establecimientos Habilitados:                                     18,89,VILLA MARIA,ESC.J.INGENIEROS SANTA FE 1.271,13,4226,4238,4472
6,Establecimientos Habilitados:                                     18,89,VILLA MARIA,CENMA N° 96 SANTA FE 643,8,4239,4246,2752
6,Establecimientos Habilitados:                                     18,89,VILLA MARIA,INSTITUTO SAN ANTONIO RUCCI 141,4,4247,4250,1376
6,Establecimientos Habilitados:                                     18,90,VILLA NUEVA,ESC.BME.MITRE MITRE 1147,8,4251,4258,2752
6,Establecimientos Habilitados:                                     18,90,VILLA NUEVA,IPEM N° 322 LIMA Y RIVADAVIA,10,4259,4268,3440
6,Establecimientos Habilitados:                                     18,90,VILLA NUEVA,INSTITUTO INMAC.CONCEPCION CABANILLAS 400,13,4269,4281,4472
6,Establecimientos Habilitados:                                     18,90,VILLA NUEVA,ESC.M.BELGRANO BELGRANO 662,11,4282,4292,3775
6,Establecimientos Habilitados:                                     18,90,VILLA NUEVA,ESC.REP.DE BOLIVIA D.FUNES 1250,4,4293,4296,1372
7,Establecimientos Habilitados:                                      37,91,AVELLANEDA,ESC.PROV.FRAY M. ESQUIU PUBLICA S/N,2,4297,4298,435
7,Establecimientos Habilitados:                                      37,91A,CANTERAS,ESC.PROV.J.V.RECLA CANTERAS,1,4299,4299,20
7,Establecimientos Habilitados:                                      37,91B,LOS POZOS,ESC LIB GRAL SAN MARTIN PUBLICA S/N,1,4300,4300,105
7,Establecimientos Habilitados:                                      37,91C,VILLA GUTIERREZ,ESC.PROV.M.MARTINEZ DE SUAREZ PUBLICA,1,4301,4301,237
7,Establecimientos Habilitados:                                      37,92,CAÑADA DE RIO PINTO,ESC.PROV.H.VIEYTES PUBLICA,2,4302,4303,399
7,Establecimientos Habilitados:                                      37,93,COPACABANA,ESC.PROV.R. DE NICARAGUA COPACABANA,1,4304,4304,310
7,Establecimientos Habilitados:                                      37,94,CHUÑA,ESC PROV GRAL M GUEMES PUBLICA S/N,2,4305,4306,597
7,Establecimientos Habilitados:                                      37,95,DEAN FUNES,ESC.PROV.GRAL SAN MARTIN DEAN FUNES,9,4307,4315,3105
7,Establecimientos Habilitados:                                      37,95,DEAN FUNES,ESC.M.J.G.DE BELGRANO JERONIMO L DE CABRERA L ALGARROBOS 451,10,4316,4325,3450
7,Establecimientos Habilitados:                                      37,95,DEAN FUNES,ESC.PEDRO N.ARIAS CORDOBA 87,11,4326,4336,3795
7,Establecimientos Habilitados:                                      37,95,DEAN FUNES,ESC.PROV. M.MORENO DORREGO OBRAS SANITARIAS 326,10,4337,4346,3444
7,Establecimientos Habilitados:                                      37,95,DEAN FUNES,ESC.A.M.SOBRAL SANTIAGO DEL ESTERO Y LAS HERAS,9,4347,4355,3096
7,Establecimientos Habilitados:                                      37,95,DEAN FUNES,ESC.AMANDA SUAREZ CORDOBA SANTA ROSA ESQ. AMADEO SABATTINI,3,4356,4358,1032
7,Establecimientos Habilitados:                                      37,96A,OLIVARES SAN NICOLAS,ESC.PROV.GUIDO SPANO PUBLICA,2,4359,4360,574
7,Establecimientos Habilitados:                                      37,97,ISCHILIN,ESCUELA FERNANDO FADER PUBLICA S/N,1,4361,4361,90
7,Establecimientos Habilitados:                                      37,98,JAIME PETER,ESCUELA FRAY GUILLERMO BUTLER PUBLICA S/N,1,4362,4362,60
7,Establecimientos Habilitados:                                      37,99,QUILINO ESTACION,ESC.CIUDAD DE BS.AIRES QUILINO ESTACION,6,4363,4368,1962
7,Establecimientos Habilitados:                                      37,99,QUILINO ESTACION,ESC.PROV.M.BELGRANO QUILINO ESTACION,6,4369,4374,1960
7,Establecimientos Habilitados:                                      37,100,QUILINO VILLA,ESC.PROV.D.V.SARSFIELD VELEZ SARSFIELD,3,4375,4377,875
7,Establecimientos Habilitados:                                      37,101,TOYOS,ESC PROV JOAQUIN V GONZALEZ PUBLICA S/N,1,4378,4378,91
8,Establecimientos Habilitados:                                     20,102,ALEJANDRO,ESC.EL GRAN CAPITAN ALEJANDRO,6,4379,4384,2034
8,Establecimientos Habilitados:                                     20,102,ALEJANDRO,ESC.MISIONEROS SALESIANOS ALEJANDRO,8,4385,4392,2710
8,Establecimientos Habilitados:                                     20,103,ASSUNTA,ESC.PROV.D.F.SARMIENTO PUBLICA S/N,1,4393,4393,67
8,Establecimientos Habilitados:                                     20,105,BENGOLEA,ESC.SEÑOR DE LA BUENA MUERTE BENGOLEA,3,4394,4396,912
8,Establecimientos Habilitados:                                     20,106,CABRERA,INST. G.L.DE CABRERA CABRERA,10,4397,4406,3368
8,Establecimientos Habilitados:                                     20,106,CABRERA,ESC.PROV.J.M.PAZ CABRERA,9,4407,4415,3024
8,Establecimientos Habilitados:                                     20,106,CABRERA,ESC.FRAY PIO BENTIVOGLIO MAIPU BARRIO ARGENTINO 962,7,4416,4422,2352
8,Establecimientos Habilitados:                                     20,106,CABRERA,ESC.PROV.E.F.OLMOS CABRERA,3,4423,4425,1008
8,Establecimientos Habilitados:                                     20,107,CARNERILLO,ESC.TTE. 1°M.C.ASUA CARNERILLO,6,4426,4431,1796
8,Establecimientos Habilitados:                                     20,108,CHARRAS,ESC TTE CNEL J DUATE ARDOY SARMIENTO 182,3,4432,4434,957
8,Establecimientos Habilitados:                                     20,109,DEHEZA,INSTITUTO SEC. 25 DE MAYO DEHEZA,6,4435,4440,2016
8,Establecimientos Habilitados:                                     20,109,DEHEZA,ESC.PROV.GRAL SAN MARTIN BV SAN MARTIN 251,12,4441,4452,4032
8,Establecimientos Habilitados:                                     20,109,DEHEZA,INST.TEC.ADRIAN P. URQUIA GENERAL DEHEZA,9,4453,4461,3018
8,Establecimientos Habilitados:                                     20,110,EL RASTREADOR,ESC CARLOS MARIA DE ALVEAR PUBLICA S/N,1,4462,4462,58
8,Establecimientos Habilitados:                                     20,110A,PACHECO DE MELO,ESC.PROV.M.BELGRANO 12 DE OCTUBRE,1,4463,4463,70
8,Establecimientos Habilitados:                                     20,111,HUANCHILLA,ESC PROV DOMINGO F SARMIENTO CARLOS ALBERTO MAYOL S/N,4,4464,4467,1211
8,Establecimientos Habilitados:                                     20,112,LA CARLOTA,INST.NTA.M.DE LAS MERCEDES 9 DE JULIO 271,8,4468,4475,2760
8,Establecimientos Habilitados:                                     20,112,LA CARLOTA,ESC.NAC.DE COMERCIO V.SARSFIELD 651,11,4476,4486,3795
8,Establecimientos Habilitados:                                     20,112,LA CARLOTA,ESC.FORTIN HEROICO ACOSTA 673,12,4487,4498,4140
8,Establecimientos Habilitados:                                     20,113,LOS CISNES,ESC DOMINGO F SARMIENTO SRITA BERNARDINA BAIGORRI 229,2,4499,4500,609
8,Establecimientos Habilitados:                                     20,114,OLAETA,ESCUELA PROV.FRENCH Y BERUTTI 25 DE MAYO 135,2,4501,4502,587
8,Establecimientos Habilitados:                                     20,116,REDUCCION,ESC.CAP. F.D.ZARCO MANUEL DE LA LASTRA 623,4,4503,4506,1367
8,Establecimientos Habilitados:                                     20,116A,PASO DEL DURAZNO,ESC.PROV.MARTIN DE ALVA PASO DEL DURAZNO,1,4507,4507,91
8,Establecimientos Habilitados:                                     20,117,SANTA EUFEMIA,INSTITUTO DR.M. BELGRANO SANTA EUFEMIA,6,4508,4513,2041
8,Establecimientos Habilitados:                                     20,118,UCACHA,ESC.PROV.J.B.ALBERDI UCACHA,7,4514,4520,2355
8,Establecimientos Habilitados:                                     20,118,UCACHA,ESC.MARTIN GUERRICO UCACHA,7,4521,4527,2352
9,Establecimientos Habilitados:                                     26,119,ALEJO LEDESMA,INSTITUTO SEC. V.SARSFIELD HIPOLITO YRIGOYEN 757,4,4528,4531,1344
9,Establecimientos Habilitados:                                     26,119,ALEJO LEDESMA,ESC.PROV.D.F.SARMIENTO HIPOLITO IRIGOYEN 476,5,4532,4536,1675
9,Establecimientos Habilitados:                                     26,120,ARIAS,ESC.R.ESCALADA DE SAN MARTIN AV. ESPA? 779,9,4537,4545,3032
9,Establecimientos Habilitados:                                     26,120,ARIAS,ESC.PROV.SGTO.CABRAL INTENDENTE MELQUIOT 922,10,4546,4555,3360
9,Establecimientos Habilitados:                                     26,121,BALDISSERA,ESC JOSE MARIA PAZ BALDISSERA,6,4556,4561,1985
9,Establecimientos Habilitados:                                     26,122,BARGE,ESC PROV DOMINGO F SARMIENTO PUBLICA S/N,1,4562,4562,161
9,Establecimientos Habilitados:                                     26,123,CAMILO ALDAO,IPEM N°151 J URBIZU BV JOSE M ALDAO 1.160,7,4563,4569,2310
9,Establecimientos Habilitados:                                     26,123,CAMILO ALDAO,ESC JUAN BAUTISTA ALBERDI CAMILO ALDAO,5,4570,4574,1647
9,Establecimientos Habilitados:                                     26,124,CAVANAGH,ESC.SEC.TOMAS THOMAS CORDOBA 138,4,4575,4578,1069
9,Establecimientos Habilitados:                                     26,125,CORRAL DE BUSTOS,ESC R ESCALADA DE SAN MARTIN CORRAL DE BUSTOS,7,4579,4585,2380
9,Establecimientos Habilitados:                                     26,125,CORRAL DE BUSTOS,COLEGIO JUAN XXIII CORRAL DE BUSTOS,6,4586,4591,2040
9,Establecimientos Habilitados:                                     26,125,CORRAL DE BUSTOS,ESC NOR SUP MAESTROS ARGENTINO CORRAL DE BUSTOS,8,4592,4599,2712
9,Establecimientos Habilitados:                                     26,125,CORRAL DE BUSTOS,ESC HIPOLITO IRIGOYEN CORRAL DE BUSTOS,5,4600,4604,1695
9,Establecimientos Habilitados:                                     26,126,CRUZ ALTA,COLEGIO SANTA JUANA DE ARCO CRUZ ALTA,7,4605,4611,2296
9,Establecimientos Habilitados:                                     26,126,CRUZ ALTA,IPEM N° 276 CRUZ ALTA,7,4612,4618,2290
9,Establecimientos Habilitados:                                     26,126,CRUZ ALTA,ESC LIB GRAL SAN MARTIN RIVADAVIA 1252 B°RIVADAVIA,5,4619,4623,1635
9,Establecimientos Habilitados:                                     26,127,GUATIMOZIN,ESC DALMACIO VELEZ SARSFIELD AV CORDOBA 324,7,4624,4630,2161
9,Establecimientos Habilitados:                                     26,128,INRIVILLE,INST JOSE MARIA PAZ INRIVILLE,5,4631,4635,1704
9,Establecimientos Habilitados:                                     26,128,INRIVILLE,ESC MARIANO MORENO INRIVILLE,5,4636,4640,1700
9,Establecimientos Habilitados:                                     26,128A,SALADILLO,ESC.PROV.PAULA ALBARRACIN AV 24 DE SEPTIEMBRE,1,4641,4641,129
9,Establecimientos Habilitados:                                     26,129,ISLA VERDE,INST SEC ISLA VERDE LIBERTAD 446,12,4642,4653,4062
9,Establecimientos Habilitados:                                     26,130,LA ITALIANA,ESC.PROV.GRAL SAN MARTIN ISLAS MALVINAS,2,4654,4655,653
9,Establecimientos Habilitados:                                     26,131,LEONES,ESC JOAQUIN V GONZALEZ RAMON INFANTE 422,9,4656,4664,3009
9,Establecimientos Habilitados:                                     26,131,LEONES,IPEM N°256-LIB GRAL SAN MARTIN LEONES,7,4665,4671,2338
9,Establecimientos Habilitados:                                     26,131,LEONES,ESC DE COMERCIO Y BACHILLERATO LEONES,11,4672,4682,3674
9,Establecimientos Habilitados:                                     26,131A,VILLA ELISA,ESCUELA VICTORIA OCAMPO VILLA ELISA,1,4683,4683,26
9,Establecimientos Habilitados:                                     26,132,LOS SURGENTES,ESC GENERAL SAN MARTIN LOS SURGENTES,8,4684,4691,2479
9,Establecimientos Habilitados:                                     26,133,MARCOS JUAREZ,COLEGIO SAGRADO CORAZON LARDIZABAL 545,13,4692,4704,4433
9,Establecimientos Habilitados:                                     26,133,MARCOS JUAREZ,ESC NORMAL SUP DR M BELGRANO R SAENZ PEÑA Y S DEL ESTERO,17,4705,4721,5797
9,Establecimientos Habilitados:                                     26,133,MARCOS JUAREZ,ESC BERNARDINO RIVADAVIA SAN MARTIN 694,11,4722,4732,3751
9,Establecimientos Habilitados:                                     26,133,MARCOS JUAREZ,IPEM N°51 NICOLAS AVELLANEDA MARCOS JUAREZ,12,4733,4744,4084
9,Establecimientos Habilitados:                                     26,133,MARCOS JUAREZ,ESC MARIANO MORENO SAN JUAN 1090 SUR,8,4745,4752,2720
9,Establecimientos Habilitados:                                     26,133,MARCOS JUAREZ,ESCUELA BARTOLOME MITRE HIPOLITO YRIGOYEN 1409 NOROESTE,5,4753,4757,1700
9,Establecimientos Habilitados:                                     26,134,MONTE BUEY,ESC JOSE MANUEL ESTRADA MONTE BUEY,8,4758,4765,2760
9,Establecimientos Habilitados:                                     26,134,MONTE BUEY,ESC MANUEL BELGRANO MONTE BUEY,6,4766,4771,2070
9,Establecimientos Habilitados:                                     26,134,MONTE BUEY,INST.SEC.GRAL J.M.PAZ MONTE BUEY,1,4772,4772,344
9,Establecimientos Habilitados:                                     26,135,CAP.B.O HIGGINS,ESC.PROV.GRAL SAN MARTIN AV ITALIA 448,1,4773,4773,345
9,Establecimientos Habilitados:                                     26,136,ROCA,ESC ROQUE SAENZ PEÑA ROCA,5,4774,4778,1549
9,Establecimientos Habilitados:                                     26,136,ROCA,ESC 9 DE JULIO ALSINA 517 SUR,3,4779,4781,927
9,Establecimientos Habilitados:                                     26,137,SAIRA,INSTITUTO MANUEL BELGRANO SAIRA,3,4782,4784,753
10,Establecimientos Habilitados:                                     40,138,CIENAGA DEL CORO,ESC PROV COMTE ROSENDO LEAL CESAR MANUEL VERA S/N,3,4785,4787,751
10,Establecimientos Habilitados:                                     40,138A,RUMIACO,ESC MIGUEL DE AZCUENAGA RUMIACO,1,4788,4788,27
10,Establecimientos Habilitados:                                     40,138B,RUMIHUASI,ESC.PROV.FRAY M.ESQUIU PUBLICA,1,4789,4789,89
10,Establecimientos Habilitados:                                     40,138C,ESTANCIA DE GUADALUPE,ESC PROV NIÑAS DE AYOHUMA PUBLICA S/N,1,4790,4790,324
10,Establecimientos Habilitados:                                     40,138D,TOSNO,ESC.PROV.MONS.R. LEAL PUBLICA,1,4791,4791,152
10,Establecimientos Habilitados:                                     40,139,GUASAPAMPA,ESC PROV JERONIMO CORTES PUBLICA S/N,1,4792,4792,205
10,Establecimientos Habilitados:                                     40,139A,AGUA DE RAMON,ESC.PROV.R.VERA PEÑALOZA AGUA DE RAMON,1,4793,4793,95
10,Establecimientos Habilitados:                                     40,139B,LA PLAYA,ESC PROV GRAJ J DE SAN MARTIN PUBLICA S/N,1,4794,4794,234
10,Establecimientos Habilitados:                                     40,140,LA ARGENTINA,ESC PROV GREGORIA PEREZ PUBLICA S/N,1,4795,4795,243
10,Establecimientos Habilitados:                                     40,140A,OJO DE AGUA DE TOTOX,ESC MARTIN MIGUEL DE GUEMES OJO DE AGUA DE TOTOX,1,4796,4796,83
10,Establecimientos Habilitados:                                     40,141,PIEDRITA BLANCA,ESC PRIMARIA JORGE LUIS BORGES PIEDRITA BLANCA,1,4797,4797,89
10,Establecimientos Habilitados:                                     40,141A,EL CHACHO,ESC PROV ANGEL V PEÑALOZA PUBLICA S/N,1,4798,4798,134
10,Establecimientos Habilitados:                                     40,142,SAN CARLOS,ESC.SEC.J.L.DE CABRERA RIVADAVIA E IRIGOYEN,6,4799,4804,1822
10,Establecimientos Habilitados:                                     40,142A,TALAINI,ESC.PROV.J.J.CASTELLI. PUBLICA,1,4805,4805,131
11,Establecimientos Habilitados:                                    14,144,CHANCANI,ESC PROV MARIANO MORENO PUBLICA S/N,3,4806,4808,990
11,Establecimientos Habilitados:                                    14,144A,LAS JARILLAS,ESC.PROV.L.LUGONES PUBLICA,1,4809,4809,80
11,Establecimientos Habilitados:                                    14,144B,EL MEDANITO,ESC R ESCALADA DE SAN MARTIN EL MEDANITO,1,4810,4810,81
11,Establecimientos Habilitados:                                    14,145,POCHO,ESC.PROV.D.FRENCH PUBLICA,2,4811,4812,508
11,Establecimientos Habilitados:                                    14,145A,LAS PALMAS,ESCUELA N°157 LAS PALMAS,1,4813,4813,225
11,Establecimientos Habilitados:                                    14,146,SALSACATE,ESC GENERAL JOSE DE SAN MARTIN AV CURA BROCHERO 150,6,4814,4819,1764
11,Establecimientos Habilitados:                                    14,146A,TALA CAÑADA,ESC.PROV.M.BELGRANO TALA CAÑADA,1,4820,4820,283
11,Establecimientos Habilitados:                                    14,146B,SAN JERONIMO,ESC.PROV. E.ECHEVERRIA SAN JERONIMO,1,4821,4821,162
11,Establecimientos Habilitados:                                    14,146C,LOS TALARES,ESC ROQUE SAENZ PEÑA LOS TALARES,1,4822,4822,115
12,Establecimientos Habilitados:                                      9,147,BIALET MASSE,ESC DR BIALET MASSE ROQUE SAENZ PEÑA 91,8,4829,4836,2680
12,Establecimientos Habilitados:                                      9,147,BIALET MASSE,INST SERVILIANO DIAZ SAN MARTIN 675,6,4823,4828,2013
12,Establecimientos Habilitados:                                      9,147A,SAN ROQUE,ESC HOGAR ALBERTO MAGGI CEFERINO NAMUNCURA 62,3,4837,4839,856
12,Establecimientos Habilitados:                                      9,147B,VILLA PARQUE SIQUIMAN,ESC DR JERONIMO J DEL BARCO VILLA PARQUE SIQUIMAN,4,4840,4843,1240
12,Establecimientos Habilitados:                                      9,148,CAPILLA DEL MONTE,ESC GRAL JOSE DE SAN MARTIN SARMIENTO 380,8,4844,4851,2706
12,Establecimientos Habilitados:                                      9,148,CAPILLA DEL MONTE,IPEM N° 279 HIPOLITO YRIGOYEN 450,12,4852,4863,4056
12,Establecimientos Habilitados:                                      9,148,CAPILLA DEL MONTE,ESC ESP JUAN MANUEL FERNANDEZ AV PUEYRREDON 131,8,4864,4871,2704
12,Establecimientos Habilitados:                                      9,149,CASA GRANDE,ESC GRAL JOSE DE SAN MARTIN RUTA NACIONAL N°38,2,4872,4873,545
12,Establecimientos Habilitados:                                      9,150,COSQUIN,COLEGIO PARROQUIAL PIO XII OBISPO BUSTOS 816,10,4874,4883,3430
12,Establecimientos Habilitados:                                      9,150,COSQUIN,IPEM N°60 M MORENO(EX IPET 13) PALEMON CARRANZA 1085,8,4884,4891,2741
12,Establecimientos Habilitados:                                      9,150,COSQUIN,IPEM N°157-PTE SARMIENTO P CARRANZA 940,8,4892,4899,2736
12,Establecimientos Habilitados:                                      9,150,COSQUIN,ESC NORMAL SUP R SAENZ PEÑA SAN MARTIN 394,8,4900,4907,2736
12,Establecimientos Habilitados:                                      9,150,COSQUIN,ESC TTE GRAL JULIO A ROCA SAN MARTIN Y SARMIENTO S/N,12,4908,4919,4104
12,Establecimientos Habilitados:                                      9,150,COSQUIN,ESC ESP DR J REYES CONTRERAS MONS DE ANDREA S/N B°SANTA TERESITA,6,4920,4925,2052
12,Establecimientos Habilitados:                                      9,151,CHARBONIER,ESC P ALBARRACIN DE SARMIENTO PUBLICA S/N,2,4926,4927,561
12,Establecimientos Habilitados:                                      9,152,HUERTA GRANDE,ESC BERNARDINO RIVADAVIA HUERTA GRANDE,8,4928,4935,2613
12,Establecimientos Habilitados:                                      9,152,HUERTA GRANDE,I.P.E.M N° 200 ARRABARRENA ESQ PROV UNIDAS S/N,8,4936,4943,2608
12,Establecimientos Habilitados:                                      9,152A,VILLA GIARDINO,ESC ESTEBAN ECHEVERRIA CHILE S/N B°INDEPENDENCIA,4,4950,4953,1315
12,Establecimientos Habilitados:                                      9,152A,VILLA GIARDINO,COL JUANA MICONO DE GIARDIN AV SAN MARTIN 762,3,4954,4956,984
12,Establecimientos Habilitados:                                      9,152A,VILLA GIARDINO,IPEM N° 339 LOS COCOS ESQ PEPERINA,6,4944,4949,1974
12,Establecimientos Habilitados:                                      9,153,LA CUMBRE,ESC M E H DE GONZALEZ ELIZALDE RIO NEGRO S/N B°ARGENTINO,6,4957,4962,1974
12,Establecimientos Habilitados:                                      9,153,LA CUMBRE,INSTITUTO GRAL SAN MARTIN 9 DE JULIO 564 B°GOLF,8,4963,4970,2628
12,Establecimientos Habilitados:                                      9,153,LA CUMBRE,ESC JOSEFA MARIA BUSTOS ALBERDI 277,6,4971,4976,1968
12,Establecimientos Habilitados:                                      9,154,LA FALDA,ESC JOSE MARIA PAZ HIPOLITO YRIGOYEN 431 B°SAN JORGE,7,4977,4983,2366
12,Establecimientos Habilitados:                                      9,154,LA FALDA,IPEM N°142 JOAQUIN V GONZALEZ SAN GERONIMO Y LAS AMERICAS S/N,11,4984,4994,3718
12,Establecimientos Habilitados:                                      9,154,LA FALDA,ESC MATEO J MOLINA AV EDEN 445,10,4995,5004,3373
12,Establecimientos Habilitados:                                      9,154,LA FALDA,ESC NICOLAS AVELLANEDA PROGRESO 399 B°SANTA ROSA,7,5005,5011,2359
12,Establecimientos Habilitados:                                      9,154,LA FALDA,ESC AERONAUTICA ARGENTINA OCAMPO Y ROMAN DEHEZA S/N-LA LOMITA,5,5012,5016,1685
12,Establecimientos Habilitados:                                      9,155,SAN ESTEBAN,ESC INES MOYANO DE MOLINA SAN ESTEBAN,2,5017,5018,671
12,Establecimientos Habilitados:                                      9,155A,LOS COCOS,ESC DRA CECILIA GRIERSON LOS COCOS,3,5019,5021,929
12,Establecimientos Habilitados:                                      9,156,VILLA CARLOS PAZ,INST R ESCALADA DE SAN MARTIN ESTRADA Y ANTARTIDA,16,5097,5112,5520
12,Establecimientos Habilitados:                                      9,156,VILLA CARLOS PAZ,ESC PRESIDENTE SARMIENTO LOS GIGANTES S/N-B°M MUÑOZ,12,5039,5050,4140
12,Establecimientos Habilitados:                                      9,156,VILLA CARLOS PAZ,INST ALFONSINA STORNI(EX IESS) SOLIS 283 B° VILLA DOMINGUEZ,21,5061,5081,7245
12,Establecimientos Habilitados:                                      9,156,VILLA CARLOS PAZ,INST INDUSTRIAL CRISTO OBRERO FLORENCIO SANCHEZ S/N-B°LAS MALVINAS,10,5113,5122,3450
12,Establecimientos Habilitados:                                      9,156,VILLA CARLOS PAZ,ESC ISLA DE LOS ESTADOS LOS CEIBOS S/N B°LA QUINTA,10,5051,5060,3450
12,Establecimientos Habilitados:                                      9,156,VILLA CARLOS PAZ,ESC CARLOS NICANDRO PAZ SAN MARTIN 255,17,5022,5038,5865
12,Establecimientos Habilitados:                                      9,156,VILLA CARLOS PAZ,PRIMARIO JOSE DE SAN MARTIN AMEGHINO Y BALCARCE,8,5123,5130,2760
12,Establecimientos Habilitados:                                      9,156,VILLA CARLOS PAZ,INST BILINGUE DANTE ALIGHIERI ALFONSINA STORNI Y LOS ALERCES,17,5141,5157,5865
12,Establecimientos Habilitados:                                      9,156,VILLA CARLOS PAZ,ESC RICARDO BERNABE FERNANDEZ LAS MARGARITAS 255-VA INDEPENDENCIA,8,5168,5175,2759
12,Establecimientos Habilitados:                                      9,156,VILLA CARLOS PAZ,INST BERNARDO D'ELIA ASUNCION B°LA QUINTA 440,15,5082,5096,5175
12,Establecimientos Habilitados:                                      9,156,VILLA CARLOS PAZ,IPEM N° 359-ANEXO AV ATALANTICA ESQ GOBERANDOR ROCA,10,5131,5140,3450
12,Establecimientos Habilitados:                                      9,156,VILLA CARLOS PAZ,UNIVERSIDAD TECNOLOGICA GOBERNADOR ROCA 53,10,5158,5167,3450
12,Establecimientos Habilitados:                                      9,156A,YCHO CRUZ,ESC MERCEDES S M DE BALCARCE GENERAL SAN MARTIN S/N,4,5176,5179,1339
12,Establecimientos Habilitados:                                      9,156B,CUESTA BLANCA,LOCAL COMUNAL CUESTA BLANCA,2,5180,5181,348
12,Establecimientos Habilitados:                                      9,156C,MAYU SUMAJ,EDIFICIO COMUNAL MAYU SUMAJ,3,5182,5184,895
12,Establecimientos Habilitados:                                      9,156D,SAN ANTONIO DE ARREDONDO,ESC JUAN JOSE PASO RUTA PROV. 14-KM.43 CENTRO,5,5185,5189,1720
12,Establecimientos Habilitados:                                      9,156D,SAN ANTONIO DE ARREDONDO,IPEM 348 RUTA 14 Y CNO A LAS JARILLAS,5,5190,5194,1717
12,Establecimientos Habilitados:                                      9,156E,TALA HUASI,EDIFICIO COMUNAL TALA HUASI,1,5195,5195,201
12,Establecimientos Habilitados:                                      9,157,SANTA MARIA,COLEGIO SAN ROQUE LAVALLE 2730 VILLA BUSTOS,6,5196,5201,1998
12,Establecimientos Habilitados:                                      9,157,SANTA MARIA,ESC JUAN BAUTISTA AZOPARDO SARMIENTO 59 VILLA BUSTOS,7,5202,5208,2326
12,Establecimientos Habilitados:                                      9,157,SANTA MARIA,INST. SEC. ORIENTACION REGIONA VILLA BUSTOS,9,5209,5217,2988
12,Establecimientos Habilitados:                                      9,158,TANTI,ESC DOMINGO FAUSTINO SARMIENTO MARIANO MORENO 597 B°VILLA NUEVA,8,5218,5225,2600
12,Establecimientos Habilitados:                                      9,158,TANTI,IPEM N°84 J VOCOS LESCANO SAN FRANCISCO 33 LA ESTANCIA,8,5226,5233,2595
12,Establecimientos Habilitados:                                      9,158A,CABALANGO,ESC.PROV.D. FRENCH CALLE 10,1,5234,5234,303
12,Establecimientos Habilitados:                                      9,158B,ESTANCIA VIEJA,LOCAL COMUNAL ESTANCIA VIEJA,2,5235,5236,658
12,Establecimientos Habilitados:                                      9,158C,VILLA SANTA CRUZ DEL LAGO,IPEM N° 332 LOS TALAS ESQ. LAS ROSAS,6,5237,5242,2022
12,Establecimientos Habilitados:                                      9,159,VALLE HERMOSO,INST.NTA.SRA. DEL CALVARIO SAN MARTIN 12,7,5251,5257,2401
12,Establecimientos Habilitados:                                      9,159,VALLE HERMOSO,IPEM N° 335 GOBERNADOR NUÑEZ 73,8,5243,5250,2748
13,Establecimientos Habilitados:                                      58,160,ACHIRAS,ESC DOMINGO FAUSTINO SARMIENTO ACHIRAS,8,5258,5265,2463
13,Establecimientos Habilitados:                                      58,160A,LA CAROLINA,ESC PROV DOMINGO F SARMIENTO PUBLICA S/N,1,5266,5266,232
13,Establecimientos Habilitados:                                      58,161,ADELIA MARIA,INSTITUTO ADELIA MARIA AV SAN MARTIN 1050 CENTRO,9,5267,5275,3024
13,Establecimientos Habilitados:                                      58,161,ADELIA MARIA,ESC GENERAL SAN MARTIN SARMIENTO 98 CENTRO,9,5276,5284,3015
13,Establecimientos Habilitados:                                      58,162,ALCIRA,ESC JOSE MARIA PAZ GRAL ROCA 643 CENTRO,7,5285,5291,2275
13,Establecimientos Habilitados:                                      58,162,ALCIRA,ESC PERITO FRANCISCO MORENO DEAN FUNES Y HEROES ANONIMOS S/N,9,5292,5300,2919
13,Establecimientos Habilitados:                                      58,163,ALPA CORRAL,IPEM N° 119 NESTOR ZARAZAGA PUBLICA S/N,4,5301,5304,1069
13,Establecimientos Habilitados:                                      58,164,BAIGORRIA,ESC PROV BERNARDINO RIVADAVIA VELEZ SARSFIELD 50,5,5305,5309,1642
13,Establecimientos Habilitados:                                      58,165,BANDA NORTE,ESC DR ADOLFO ALSINA AVENIDA GARIBALDI 740,11,5322,5332,3773
13,Establecimientos Habilitados:                                      58,165,BANDA NORTE,COL MERCEDES DEL NIÑO JESUS VICTOR HUGO 885,11,5333,5343,3767
13,Establecimientos Habilitados:                                      58,165,BANDA NORTE,INST SUP RAMON MENENDEZ PIDAL AV JOSE GARIBALDI 50,12,5344,5355,4104
13,Establecimientos Habilitados:                                      58,165,BANDA NORTE,ESC PROVINCIA SANTA CRUZ SANTA FE ESQ URUGUAY S/N,13,5356,5368,4446
13,Establecimientos Habilitados:                                      58,165,BANDA NORTE,ESC REPUBLICA DEL URUGUAY SAN LUIS 342,6,5369,5374,2052
13,Establecimientos Habilitados:                                      58,165,BANDA NORTE,IPEM N°95 M SANCHEZ DE THOMPSO MANCO CAPAC 50,14,5375,5388,4788
13,Establecimientos Habilitados:                                      58,165,BANDA NORTE,CNMA 24-ANEXO PCIA STA CRUZ EL SALVADOR 840 B° BALACCO,3,5389,5391,1026
13,Establecimientos Habilitados:                                      58,165,BANDA NORTE,ANGELES CUSTODIOS/SAGRADA FLIA ISABEL LA CATOLICA Y E JENNER S/N,12,5310,5321,4116
13,Establecimientos Habilitados:                                      58,166,BERROTARAN,ESC VICTOR MERCANTE FRAY MAMERTO ESQUIU 25,8,5392,5399,2704
13,Establecimientos Habilitados:                                      58,166,BERROTARAN,INSTITUTO PARROQ.BERROTARAN AQUINO ARGUELLO ARDILES 203,10,5400,5409,3377
13,Establecimientos Habilitados:                                      58,167,BULNES,ESC.FRAY M.ALVAREZ SARMIENTO 187,4,5410,5413,1070
13,Establecimientos Habilitados:                                      58,168,CHAJAN,ESC PROV GRAL J DE SAN MARTIN BV CORDOBA S/N,3,5414,5416,850
13,Establecimientos Habilitados:                                      58,169,CHUCUL,ESC SUBTTE RODOLFO H BERDINA AV SAN MARTIN S/N,1,5417,5417,345
13,Establecimientos Habilitados:                                      58,170,ELENA,INST SEC LA ASUNCION DE MARIA PASAJE CURA BROCHERO 189,5,5418,5422,1540
13,Establecimientos Habilitados:                                      58,170,ELENA,ESC RICARDO GUTIERREZ ELENA,4,5423,5426,1231
13,Establecimientos Habilitados:                                      58,171,ESPINILLO,ESC PROV JOSE DE SAN MARTIN RUTA NACIONAL 36 KM 614 S/N,1,5427,5427,148
13,Establecimientos Habilitados:                                      58,172,HOLMBERG,ESC.PROV.C.SAAVEDRA HOLMBERG,7,5428,5434,2331
13,Establecimientos Habilitados:                                      58,172,HOLMBERG,ESC.S.R.DE ZAVALIA HOLMBERG,5,5435,5439,1665
13,Establecimientos Habilitados:                                      58,173,LA ARGENTINA,ESC JOSE DE SAN MARTIN CALLE PUBLICA,1,5440,5440,27
13,Establecimientos Habilitados:                                      58,174,LA CAUTIVA,ESC PROV JOSE DE SAN MARTIN SAN MARTIN S/N,3,5441,5443,705
13,Establecimientos Habilitados:                                      58,175,LA GILDA,ESC PROV JOSE DE SAN MARTIN PUBLICA S/N,1,5444,5444,64
13,Establecimientos Habilitados:                                      58,176,LA INVERNADA,ESC R ESCALADA DE SAN MARTIN LA INVERNDA,1,5445,5445,75
13,Establecimientos Habilitados:                                      58,177,LAS ACEQUIAS,ESC LEONILA DE LAS M LEMOS MAIPU 535 NORTE,7,5446,5452,2278
13,Establecimientos Habilitados:                                      58,178,LAS CAÑITAS,ESC.PROV.J.DE SAN MARTIN LAS CAÑITAS,1,5453,5453,43
13,Establecimientos Habilitados:                                      58,178A,LAS ALBAHACAS,ESC.C.G. DE REZZANO CALLE 11,2,5454,5455,434
13,Establecimientos Habilitados:                                      58,178B,VILLA EL CHACAY,ESC.ALBERGUE J.HERNANDEZ PUBLICA,1,5456,5456,80
13,Establecimientos Habilitados:                                      58,179,LAS HIGUERAS,ESC JORGE ALEHANDRO NEWBERY LAS HIGUERAS,13,5457,5469,4286
13,Establecimientos Habilitados:                                      58,179,LAS HIGUERAS,JARD INF JORGE A NEWBERY ESPAÑA 86 B° SAN MARTIN,3,5470,5472,987
13,Establecimientos Habilitados:                                      58,180,LAS PEÑAS,ESC.PROV.J.M.PAZ AVDA. 22 DE OCTUBRE,1,5473,5473,239
13,Establecimientos Habilitados:                                      58,181,LOS CUATRO VIENTOS,ESC ANTONIO SOBRAL PUBLICA S/N,1,5474,5474,159
13,Establecimientos Habilitados:                                      58,182,LAS VERTIENTES,ESC CAP DE FRAGATA MOYANO JULIANA GARCIA PUBLILL 560,3,5475,5477,894
13,Establecimientos Habilitados:                                      58,183,VICUÑA MACKENNA,ESC GUIDO SPANO SARMIENTO 672 CENTRO,8,5487,5494,2704
13,Establecimientos Habilitados:                                      58,183,VICUÑA MACKENNA,ESC GRAL NAPOLEON URIBURU LIB GENERAL SAN MARTIN 318 CENTRO,9,5495,5503,3042
13,Establecimientos Habilitados:                                      58,183,VICUÑA MACKENNA,INST JUAN PASCUAL PRINGLES AV CARLOS S YDE 684,9,5478,5486,3049
13,Establecimientos Habilitados:                                      58,184,MOLDES,ESC FRAY MARCOS DONATTI MOLDES,9,5504,5512,3069
13,Establecimientos Habilitados:                                      58,184,MOLDES,IPEM N°94 DOLORES L DE LAVALLE MOLDES,8,5513,5520,2720
13,Establecimientos Habilitados:                                      58,184,MOLDES,ESC NICOLAS AVELLANEDA MOLDES,6,5521,5526,2040
13,Establecimientos Habilitados:                                      58,184A,MONTE DE LOS GAUCHOS,ESC.PROV.M.BELGRANO SARMIENTO,2,5527,5528,621
13,Establecimientos Habilitados:                                      58,185,PAUNERO,ESCUELA N°17 PAUNERO,1,5529,5529,13
13,Establecimientos Habilitados:                                      58,186,PUEBLO ALBERDI,ESC NICOLAS AVELLANEDA VICENTE LOPEZ 538,12,5530,5541,4140
13,Establecimientos Habilitados:                                      58,186,PUEBLO ALBERDI,IPEMN° 26 JUAN FILLOY BELISARIO ROLDAN 535,9,5542,5550,3105
13,Establecimientos Habilitados:                                      58,186,PUEBLO ALBERDI,COLEGIO MARIA BENITA ARIAS MONTEVIDEO 751,9,5551,5559,3105
13,Establecimientos Habilitados:                                      58,186,PUEBLO ALBERDI,ESC GRAL JUSTO S ANAYA AZOPARDO 1270 FENIX,13,5560,5572,4472
13,Establecimientos Habilitados:                                      58,186,PUEBLO ALBERDI,INST LANTERIANO LA MERCED BELISARIO ROLDAN 275,17,5573,5589,5848
13,Establecimientos Habilitados:                                      58,186,PUEBLO ALBERDI,ESC ARZOBISPO ANTONIO ESPINOSA OLEGARIO ANDRADE 1020,11,5590,5600,3784
13,Establecimientos Habilitados:                                      58,187,PUEYRREDON,ESC CAP DE NAV S ALBARRACIN PUEYRREDON,1,5601,5601,81
13,Establecimientos Habilitados:                                      58,188,RIO CUARTO,ESC.NORM.NAC.MIXTA CONSTITUCION 1040,24,5602,5625,8256
13,Establecimientos Habilitados:                                      58,188,RIO CUARTO,INST SAN BUENAVENTURA SAN MARTIN 250,12,5626,5637,4128
13,Establecimientos Habilitados:                                      58,188,RIO CUARTO,ESC FLORENTINO AMEGHINO 9 DE JULIO 314,10,5638,5647,3440
13,Establecimientos Habilitados:                                      58,188,RIO CUARTO,DICHIARA-EX ESC.GRAL S.MARTIN BOLIVAR Y ALBERDI,9,5648,5656,3096
13,Establecimientos Habilitados:                                      58,188,RIO CUARTO,ESCUELA GENERAL PAZ MITRE 850,13,5657,5669,4472
13,Establecimientos Habilitados:                                      58,188,RIO CUARTO,COL NTRA SRA DEL CARMEN BAIGORRIA 373,17,5670,5686,5848
13,Establecimientos Habilitados:                                      58,188,RIO CUARTO,ESC ALTE BROWN RIO QUINTO 660,8,5687,5694,2752
13,Establecimientos Habilitados:                                      58,188,RIO CUARTO,ESCUELA GRAL ROCA PASO 790 B° SANTA ROSA,12,5695,5706,4128
13,Establecimientos Habilitados:                                      58,188,RIO CUARTO,ESC BARTOLOME MITRE LAVALLE 1452,12,5707,5718,4128
13,Establecimientos Habilitados:                                      58,188,RIO CUARTO,ESC 21 DE JULIO BAIGORRIA 552,10,5719,5728,3440
13,Establecimientos Habilitados:                                      58,188,RIO CUARTO,ESC MANUEL BELGRANO SOBREMONTE 1333,14,5729,5742,4816
13,Establecimientos Habilitados:                                      58,188,RIO CUARTO,E.N.E.T. N° 1 BAIGORRIA 527,12,5743,5754,4128
13,Establecimientos Habilitados:                                      58,188,RIO CUARTO,ESC.NORMAL COMERCIAL BAIGORRIA 463,27,5755,5781,9267
13,Establecimientos Habilitados:                                      58,188,RIO CUARTO,ESC VELEZ SARSFIELD MENDOZA 1502,10,5782,5791,3430
13,Establecimientos Habilitados:                                      58,188,RIO CUARTO,ESCUELA PIAS BV GRAL ROCA 701,8,5792,5799,2744
13,Establecimientos Habilitados:                                      58,188,RIO CUARTO,COLEGIO GALILEO GALILEI ALVEAR 1040,12,5800,5811,4116
13,Establecimientos Habilitados:                                      58,188,RIO CUARTO,COLEGIO HISPANO ARGENTINO FOTHERINGHAM 68,12,5812,5823,4116
13,Establecimientos Habilitados:                                      58,189,SAMPACHO,ESC SAN MARTIN SAMPACHO,9,5824,5832,3096
13,Establecimientos Habilitados:                                      58,189,SAMPACHO,INSTPABLO ANTONIO PIZZURNO SAMPACHO,12,5833,5844,4122
13,Establecimientos Habilitados:                                      58,190,SAN AMBROSIO,ESC.SAN JUAN BOSCO PUBLICA,1,5845,5845,165
13,Establecimientos Habilitados:                                      58,191,SAN BASILIO,ESC JOSE DE SAN MARTIN BELGRANO 121 B°CENTRO,9,5846,5854,3092
13,Establecimientos Habilitados:                                      58,191A,MALENA,ESC.PROV.R.E.DE SAN MARTIN REMEDIOS ESCALADA DE SAN MARTIN,1,5855,5855,265
13,Establecimientos Habilitados:                                      58,192,SUCO,ESC R ESCALADA DE SAN MARTIN SUCO,2,5856,5857,460
13,Establecimientos Habilitados:                                      58,193,TOSQUITA,ESC.PROV.J.M.ESTRADA AVELLANEDA 181,2,5858,5859,520
13,Establecimientos Habilitados:                                      58,194,WASHINGTON,ESCUELA N°359 WASHINGTON,2,5860,5861,527
14,Establecimientos Habilitados:                                      79,195,ATAHONA,ESC.PROV.J.DE SAN MARTIN PUBLICA S/N,1,5862,5862,204
14,Establecimientos Habilitados:                                      79,196,CAÑADA DE MACHADO,ESC.PROV.M.MORENO CALLE 12,1,5863,5863,242
14,Establecimientos Habilitados:                                      79,197,LA POSTA,ESC PROV JOAQUIN V GONZALEZ JOAQUIN V GONZALEZ S/N,1,5864,5864,328
14,Establecimientos Habilitados:                                      79,198,CAPILLA DE REMEDIOS,ESC PROV MARTIN GUEMES MARTIN GUEMES S/N,4,5865,5868,1068
14,Establecimientos Habilitados:                                      79,199,CHALACEA,ESCUELA N°315 CHALACEA,1,5869,5869,228
14,Establecimientos Habilitados:                                      79,200,DIEGO DE ROJAS,ESC M.C.CALDECOT DE ARGUELLO FIGUEROA ALCORTA S/N,2,5870,5871,503
14,Establecimientos Habilitados:                                      79,201,COLONIA LAS CUATRO ESQUINAS,ESC JOSE MARIA PAZ LAS CUATRO ESQUINAS,1,5872,5872,100
14,Establecimientos Habilitados:                                      79,201A,LAS GRAMILLAS,ESC MAEST F BELLORA DE DAVILA LAS GRAMILLAS,1,5873,5873,133
14,Establecimientos Habilitados:                                      79,202,ESQUINA,ESC PROV JOSE MANUEL ESTRADA MALVINAS ARGENTINAS S/N,1,5874,5874,327
14,Establecimientos Habilitados:                                      79,203,PEDRO E.VIVAS,ESC.R.E.DE SAN MARTIN KM. 658,2,5875,5876,361
14,Establecimientos Habilitados:                                      79,204,LA PARA,INST MONSEÑOR ESQUIU MARIANO MORENO 749 CENTRO,6,5877,5882,1895
14,Establecimientos Habilitados:                                      79,204,LA PARA,ESC MARIANO FRAGUEIRO MARIANO FRAGUEIRO 385,5,5883,5887,1575
14,Establecimientos Habilitados:                                      79,205,LA PUERTA,ESC PROV FRAY MAMERTO ESQUIU SAN LORENZO 698,6,5888,5893,1879
14,Establecimientos Habilitados:                                      79,206,LAS HERAS,ESCUELA N°411 LA CAÑADA,1,5894,5894,84
14,Establecimientos Habilitados:                                      79,207,LAS SALADAS,ESC DALMIRA MURO(EX DEL CHACO) LAS SALADAS,1,5895,5895,250
14,Establecimientos Habilitados:                                      79,208,COMECHINGONES,ESCUELA N°111 COMECHINGONES,1,5896,5896,319
14,Establecimientos Habilitados:                                      79,209,MAQUINISTA GALLINI,ESC.PROV.J.M.PAZ PUBLICA,1,5897,5897,191
14,Establecimientos Habilitados:                                      79,210,BLAS DE ROSALES,ESC DOMINGO F SARMIENTO PUBLICA S/N(HOY:BLAS DE ROSALES),1,5898,5898,140
14,Establecimientos Habilitados:                                      79,211,MONTE CRISTO,ESCUELA MAESTRO DOMINGO NOGAL MONTE CRISTO,8,5907,5914,2737
14,Establecimientos Habilitados:                                      79,211,MONTE CRISTO,ESCUELA 25 DE MAYO MONTE CRISTO,8,5915,5922,2736
14,Establecimientos Habilitados:                                      79,211,MONTE CRISTO,MARGARITA V LUDUEÑA DE LAZO SARMIENTO 571 LAS MALVINAS,8,5899,5906,2744
14,Establecimientos Habilitados:                                      79,212,MONTE DEL ROSARIO,ESC.PROV.J.M.PAZ PUBLICA,1,5923,5923,171
14,Establecimientos Habilitados:                                      79,212B,EL CRISPIN,ESC PROV DOMINGO F SARMIENTO PUBLICA S/N,1,5924,5924,253
14,Establecimientos Habilitados:                                      79,213,OBISPO TREJO,ESCUELA R.GUTIERREZ GENERAL PAZ 788,7,5925,5931,2225
14,Establecimientos Habilitados:                                      79,214,PIQUILLIN,ESC.PROV.D.F.SARMIENTO AVDA.SARMIENTO E 74,5,5932,5936,1666
14,Establecimientos Habilitados:                                      79,215,PLAZA DE MERCEDES,ESC.PROV.M.BELGRANO CHACON DE CUESTAS,1,5937,5937,146
14,Establecimientos Habilitados:                                      79,215A,LA QUINTA,ESC PROV JUAN JOSE PASO PUBLICA S/N,1,5938,5938,239
14,Establecimientos Habilitados:                                      79,216,PUNTA DEL AGUA,ESC.PROV.GRAL SAN MARTIN PUBLICA,1,5939,5939,44
14,Establecimientos Habilitados:                                      79,217,QUEBRACHO,ESC.PROV.1ER.GOBIERNO PATRIO QUEBRACHO,1,5940,5940,124
14,Establecimientos Habilitados:                                      79,218,RIO PRIMERO,EX-ESCUELA N°279 PABLO ROBERT 182,7,5941,5947,2303
14,Establecimientos Habilitados:                                      79,218,RIO PRIMERO,ESC GRAL JOSE DE SAN MARTIN CORRIENTES 251 LUCHI,7,5948,5954,2299
14,Establecimientos Habilitados:                                      79,218,RIO PRIMERO,IPEM N° 164 ATALIVA HERRERA AV CONTARDO FERRINI 365,5,5955,5959,1640
14,Establecimientos Habilitados:                                      79,219,SAGRADA FAMILIA,ESC.JORGE NEWBERY PUBLICA,1,5960,5960,204
14,Establecimientos Habilitados:                                      79,220,VILLA SANTA ROSA,ESC PBRO JOSE G BROCHERO SANTA ROSA,8,5961,5968,2736
14,Establecimientos Habilitados:                                      79,220,VILLA SANTA ROSA,INSTITUTO EL SALVADOR SANTA ROSA,12,5969,5980,4100
14,Establecimientos Habilitados:                                      79,221,EL ALCALDE,ESC PROV R SAENZ PEÑA EL ALCALDE,1,5981,5981,141
14,Establecimientos Habilitados:                                      79,222,VILLA FONTANA,IPEM N°228-SAN ISIDRO LABRADOR AV PEDRO J FONTANA 448,3,5982,5984,942
15,Establecimientos Habilitados:                                     37,223,CANDELARIA NORTE,ESC.PROV.C.SAAVEDRA PUBLICA,3,5985,5987,770
15,Establecimientos Habilitados:                                     37,224,ENCRUCIJADA,ESC PROV PRIMERA JUNTA ENCRUCIJADA,1,5988,5988,50
15,Establecimientos Habilitados:                                     37,225,GUTEMBERG,ESC GRAL SAN MARTIN PUBLICA S/N,3,5989,5991,839
15,Establecimientos Habilitados:                                     37,225A,LA CAÑADA,ESC PROV GENERAL PAZ PUBLICA S/N,1,5992,5992,124
15,Establecimientos Habilitados:                                     37,226,LOS HOYOS,ESC PRO MARTIN GUEMES PUBLICA S/N,2,5993,5994,441
15,Establecimientos Habilitados:                                     37,226A,PUESTO DE CASTRO,ESC.PROV.D.F.SARMIENTO PUESTO DE CASTRO,2,5995,5996,374
15,Establecimientos Habilitados:                                     37,227,RAYO CORTADO,ESC.PROV.CNEL.F.DE BEDOYA RAYO CORTADO,2,5997,5998,632
15,Establecimientos Habilitados:                                     37,227A,RINCONADA,ESC PROV GUILLERMO BROWN PUBLICA S/N,2,5999,6000,464
15,Establecimientos Habilitados:                                     37,227B,CERRO COLORADO,ESC PROV LUCIANO ARGUELLO CERRO COLORADO,1,6001,6001,295
15,Establecimientos Habilitados:                                     37,227C,CHAÑAR VIEJO,ESC PROV G MARTINEZ PIZARRO PUBLICA S/N,1,6002,6002,209
15,Establecimientos Habilitados:                                     37,227D,SANTA ELENA,ESC PROV ING FEDERICO NEHHER PUBLICA S/N,1,6003,6003,311
15,Establecimientos Habilitados:                                     37,228,SEBASTIAN ELCANO,ESC.PROV. CNEL. A.H.CARPANI MAESTRO PIÑA 279,8,6004,6011,2449
15,Establecimientos Habilitados:                                     37,229,VILLA DE MARIA,ESC JOSE DE SAN MARTIN RIVADAVIA 768 CENTRO,7,6012,6018,2381
15,Establecimientos Habilitados:                                     37,229,VILLA DE MARIA,IPEM 224-LEOPOLDO LUGONES RECONQUISTA,6,6019,6024,2040
15,Establecimientos Habilitados:                                     37,229A,EUFRASIO LOZA,ESC PROV LEOPOLDO LUGONES SANTIAGO DEL ESTERO S/N,1,6025,6025,209
16,Establecimientos Habilitados:                                     15,230,CALCHIN,COLEGIO ENS.SECUNDARIA CALCHIN,6,6026,6031,2056
16,Establecimientos Habilitados:                                     15,230A,CALCHIN OESTE,ESC.PROV.M.BELGRANO CALCHIN OESTE,2,6032,6033,647
16,Establecimientos Habilitados:                                     15,231,CAPILLA DEL CARMEN,ESCUELA NARCISO LAPRIDA GRAL JOSE DE SAN MARTIN S/N,2,6034,6035,346
16,Establecimientos Habilitados:                                     15,232,CARRILOBO,ESC PROV PTE JULIO ROCA MARIANO MORENO 815,5,6036,6040,1705
16,Establecimientos Habilitados:                                     15,233,COLAZO,ESC PROV SEMANA DE MAYO ADALGISA 427,5,6041,6045,1404
16,Establecimientos Habilitados:                                     15,234,COSTA SACATE,ESC LIB GRAL SAN MARTIN PUBLICA S/N,5,6046,6050,1426
16,Establecimientos Habilitados:                                     15,235,LAGUNA LARGA,ESC BERNARDINO RIVADAVIA RIVADAVIA 66 MALVINAS ARGENTINAS,8,6051,6058,2659
16,Establecimientos Habilitados:                                     15,235,LAGUNA LARGA,ESC NARCISO LAPRIDA NARCISO LAPRIDA S/N,7,6059,6065,2324
16,Establecimientos Habilitados:                                     15,235,LAGUNA LARGA,INST GRAL JOSE MARIA PAZ BV RIO CUARTO 599 CENTRO,5,6066,6070,1660
16,Establecimientos Habilitados:                                     15,236,LAS JUNTURAS,I.P.E.A.(IPEM231 TORAZO) LAS JUNTURAS,5,6071,6075,1495
16,Establecimientos Habilitados:                                     15,236A,COLONIA VIDELA,ESC.PROV.D.F.SARMIENTO PUBLICA,1,6076,6076,36
16,Establecimientos Habilitados:                                     15,237,LUQUE,ESC GRAL JOSE DE SAN MARTIN LUQUE,9,6084,6092,2916
16,Establecimientos Habilitados:                                     15,237,LUQUE,IPEM N° 300 LUQUE,7,6077,6083,2269
16,Establecimientos Habilitados:                                     15,237A,MANFREDI,ESCUELA N°57 MANFREDI,3,6093,6095,830
16,Establecimientos Habilitados:                                     15,237B,PUEBLO LUDUEÑA,ESC PROV JERONIMO L DE CABRERA PUBLICA S/N-IMPIRA,1,6096,6096,179
16,Establecimientos Habilitados:                                     15,238,MATORRALES,ESC.PROV.D.F.SARMIENTO CORRIENTES 237,3,6097,6099,971
16,Establecimientos Habilitados:                                     15,239,ONCATIVO,ESC JOSE MARIA PAZ ONCATIVO,12,6100,6111,4056
16,Establecimientos Habilitados:                                     15,239,ONCATIVO,ESC DE COM L LUGONES(IPEM 158) ONCATIVO,7,6112,6118,2364
16,Establecimientos Habilitados:                                     15,239,ONCATIVO,ESC EMILIO F OLMOS ONCATIVO,7,6119,6125,2359
16,Establecimientos Habilitados:                                     15,239,ONCATIVO,IPEM N°54 J E MULLER 25 DE MAYO S/N,9,6126,6134,3033
16,Establecimientos Habilitados:                                     15,240,PILAR,ESC ZENON LOPEZ PILAR,13,6135,6147,4485
16,Establecimientos Habilitados:                                     15,240,PILAR,ESC JUAN BAUTISTA BUSTOS PILAR,6,6148,6153,2070
16,Establecimientos Habilitados:                                     15,240,PILAR,ESC MARIA J GONZALEZ CASEROS PILAR,10,6154,6163,3440
16,Establecimientos Habilitados:                                     15,240,PILAR,INST CARLOS PELLEGRINI PILAR,4,6164,6167,1376
16,Establecimientos Habilitados:                                     15,241,POZO DEL MOLLE,ESC GENERAL SAN MARTIN POZO DEL MOLLE,10,6168,6177,3274
16,Establecimientos Habilitados:                                     15,241,POZO DEL MOLLE,ESC FRANCISCO MALBRAN POZO DEL MOLLE,6,6178,6183,1962
16,Establecimientos Habilitados:                                     15,242,RINCON,ESC PROV NICOLAS AVELLANEDA RINCON,2,6184,6185,425
16,Establecimientos Habilitados:                                     15,242A,CAÑADA DE MACHADO SUD,ESC MARIANO MORENO CAÑADA DE MACHADO SUD,1,6186,6186,24
16,Establecimientos Habilitados:                                     15,243,RIO SEGUNDO,IPEM N°108-C G DE REZZANO RIO SEGUNDO,8,6193,6200,2760
16,Establecimientos Habilitados:                                     15,243,RIO SEGUNDO,ESC PRIMER GOBIERNO PATRIO RIVADAVIA 915,10,6201,6210,3441
16,Establecimientos Habilitados:                                     15,243,RIO SEGUNDO,ESC VICTOR MERCANTE MARCONI 591 BELGRANO,10,6211,6220,3440
16,Establecimientos Habilitados:                                     15,243,RIO SEGUNDO,ESC CONGRESO DE TUCUMAN RIO SEGUNDO,10,6221,6230,3440
16,Establecimientos Habilitados:                                     15,243,RIO SEGUNDO,IPEM N°156 JOSE M ESTRADA CATAMARCA Y BELGRANO,5,6231,6235,1720
16,Establecimientos Habilitados:                                     15,243,RIO SEGUNDO,C.E.N.M.A. N° 161 SAN MARTIN ESQ ALEM,6,6187,6192,2070
16,Establecimientos Habilitados:                                     15,244,SANTIAGO TEMPLE,ESC CORONEL PRINGLES SANTIAGO TEMPLE,7,6236,6242,2364
16,Establecimientos Habilitados:                                     15,244A,LOS CHAÑARITOS,ESC PROV ESTANISLAO DEL CAMPO PUBLICA S/N,1,6243,6243,285
16,Establecimientos Habilitados:                                     15,245,VILLA DEL ROSARIO,ESCUELA RECONQUISTA VILLA DEL ROSARIO,10,6244,6253,3430
16,Establecimientos Habilitados:                                     15,245,VILLA DEL ROSARIO,ESC MARQUES DE SOBREMONTE VILLA DEL ROSARIO,13,6254,6266,4459
16,Establecimientos Habilitados:                                     15,245,VILLA DEL ROSARIO,COLEGIO SAN JOSE VILLA DEL ROSARIO,13,6267,6279,4451
17,Establecimientos Habilitados:                                     39,248,LABOULAYE,I.P.E.M. 278-M.ARGENTINAS AV INDEPENDENCIA(B°CENTRO) 475,9,6280,6288,3105
17,Establecimientos Habilitados:                                     39,248,LABOULAYE,ESC GRAL CONRADO VILLEGAS INTENDENTE FENOGLIO(B° SANTA RITA) 344,10,6289,6298,3450
17,Establecimientos Habilitados:                                     39,248,LABOULAYE,ESC LEONOR DE TEJEDA AV PELLEGRINI(B°LA CHACARITA) 247,6,6299,6304,2067
17,Establecimientos Habilitados:                                     39,248,LABOULAYE,COLEGIO SAN JOSE RIVADAVIA(B°CENTRO) 245,8,6305,6312,2752
17,Establecimientos Habilitados:                                     39,248,LABOULAYE,IPEM 257 DR RENE FAVALORO AV INDEPENDENCIA(B°TERMINAL) 512,10,6313,6322,3440
17,Establecimientos Habilitados:                                     39,248,LABOULAYE,ESC JUAN PASCUAL PRINGLES AV INDEPENDENCIA(B°SUR) 284,8,6323,6330,2752
17,Establecimientos Habilitados:                                     39,249,LA CESIRA,ESC VICTIRIANO RODRIGUEZ ALVEAR 220,4,6331,6334,1269
17,Establecimientos Habilitados:                                     39,251,LEGUIZAMON,ESC N°78-PINTOR JUAN M BLANES LEGUIZAMON,1,6335,6335,106
17,Establecimientos Habilitados:                                     39,252,LEVALLE,ESC GRAL NICOLAS LEVALLE BERNARDINO ANCE(B°NORTE) 601,7,6336,6342,2320
17,Establecimientos Habilitados:                                     39,252,LEVALLE,ESC DR VIRGILIO BARBALATO CARLOS PELLEGRINI(B°SUR) 331,8,6343,6350,2648
17,Establecimientos Habilitados:                                     39,253,MELO,ESC.PROV.L.PASTEUR PUBLICA,4,6351,6354,1102
17,Establecimientos Habilitados:                                     39,254,RIO BAMBA,ESC RAUL SOULE(EX NAC N°241) RIO BAMBA,1,6355,6355,84
17,Establecimientos Habilitados:                                     39,255,ROSALES,ESC.PROV.P.B.PALACIOS CORRIENTES,2,6356,6357,511
17,Establecimientos Habilitados:                                     39,256,SAN JOAQUIN,ESC.PROV.GRAL SAN MARTIN SAN JOAQUIN,1,6358,6358,129
17,Establecimientos Habilitados:                                     39,257,SERRANO,INS SAN ALBERTO Y SAN ENRIQUE SERRANO,9,6359,6367,2835
17,Establecimientos Habilitados:                                     39,258,VILLA ROSSI,ESCUELA N°105(JOSE RUBIROLA) VILLA ROSSI,2,6368,6369,574
18,Establecimientos Habilitados:                                     16,259,ALTAUTINA,ESC.PROV.M.DE AZCUENAGA PUBLICA,1,6370,6370,30
18,Establecimientos Habilitados:                                     16,260,AMBUL,ESC.PROV.FRAY J.M.NOGAL DOMINGO F SARMIENTO,3,6371,6373,974
18,Establecimientos Habilitados:                                     16,260A,EL VOLCAN,ESC PROV JUAN P PRINGLES PUBLICA S/N,1,6374,6374,60
18,Establecimientos Habilitados:                                     16,261,BROCHERO,ESC JOSE GABRIEL BROCHERO MARIANO MORENO(B°CENTRO) 291,7,6383,6389,2406
18,Establecimientos Habilitados:                                     16,261,BROCHERO,IPEM N° 344 BROCHERO,8,6375,6382,2752
18,Establecimientos Habilitados:                                     16,261A,SAN LORENZO,ESC PROV JUAN MARTIN RECALDE PUBLICA S/N,3,6390,6392,814
18,Establecimientos Habilitados:                                     16,261B,VILLA BENEGAS,ESC.PROV.GUIDO SPANO PUBLICA,1,6393,6393,63
18,Establecimientos Habilitados:                                     16,262,MINA CLAVERO,ESC GRAL JOSE DE SAN MARTIN MINA CLAVERO,11,6394,6404,3652
18,Establecimientos Habilitados:                                     16,262,MINA CLAVERO,ESC MAESTRO D F SARMIENTO AV HERNAN CORTEZ(B°MAYTHE) 1.060,6,6405,6410,1987
18,Establecimientos Habilitados:                                     16,262,MINA CLAVERO,IPEM N° 285-J G BROCHERO LOS FUNDADORES S/N (B°SANTA ANA),6,6411,6416,1986
18,Establecimientos Habilitados:                                     16,263,NONO,ESC.PROV.D.F.SARMIENTO SARMIENTO 223,3,6421,6423,912
18,Establecimientos Habilitados:                                     16,263,NONO,IPEM 135-DON JOSE F RECALDE LOS PORTEÑOS/CALLE PUB,4,6417,6420,1218
18,Establecimientos Habilitados:                                     16,263A,PAMPA DE ACHALA,ESCUELA 20 DE JUNIO PUBLICA S/N,1,6424,6424,163
18,Establecimientos Habilitados:                                     16,263B,LOS CERROS,ESC PROV CEFERINO NAMUNCURA PUBLICA S/N,1,6425,6425,35
18,Establecimientos Habilitados:                                     16,263C,ARROYO DE LOS PATOS,ESC J V LOPEZ(EX-NAC N°493) RUTA N°14 Y ESMERALDA,2,6426,6427,444
18,Establecimientos Habilitados:                                     16,263D,LAS CALLES,ESC.PROV.M.A DE CARRANZA PREGO LAS CALLES,2,6428,6429,466
18,Establecimientos Habilitados:                                     16,263E,LAS RABONAS,ESC.PROV.M.BELGRANO RUTA NAC 14,2,6430,6431,648
18,Establecimientos Habilitados:                                     16,264,PANAHOLMA,ESC.P.PIZZURNO PUBLICA,1,6432,6432,320
18,Establecimientos Habilitados:                                     16,264A,LOS ESPINILLOS,ESC TOMAS DE IRIARTE LOS ESPINILLOS,1,6433,6433,230
18,Establecimientos Habilitados:                                     16,265,SAN PEDRO,ESC CNEL OLMEDO CECILIA FUNES(B°CENTRO) 140,12,6434,6445,3992
18,Establecimientos Habilitados:                                     16,265A,VILLA SARMIENTO,ESC CNEL AGUSTIN A OLMEDO LIBERTAD (B°CENTRO) 270,13,6446,6458,4234
18,Establecimientos Habilitados:                                     16,265B,LA CORTADERA,ESC PROV MARIO REMORINO PUBLICA S/N,1,6459,6459,118
18,Establecimientos Habilitados:                                     16,265C,SAUCE ARRIBA,ESC.PROV.FRAY L.BELTRAN PUBLICA,2,6460,6461,672
18,Establecimientos Habilitados:                                     16,266,SAN VICENTE,ESC MAESTRO H GALABURRI PUBLICA S/N,4,6462,6465,1377
18,Establecimientos Habilitados:                                     16,266A,SAN RAFAEL,ESC MARCELO T DE ALVEAR SAN RAFAEL,1,6466,6466,240
19,Establecimientos Habilitados:                                     25,267,CONLARA,ESC PROV NARCISO LAPRIDA PUBLICA S/N,2,6467,6468,391
19,Establecimientos Habilitados:                                     25,268,DOLORES,ESC MARIANO MORENO PRESIDENTE PERON (B°JARDIN) 565,9,6469,6477,3078
19,Establecimientos Habilitados:                                     25,268,DOLORES,INST PBRO J V BRIZUELA SARMIENTO (B°CENTRO) 270,8,6478,6485,2736
19,Establecimientos Habilitados:                                     25,268,DOLORES,ESC.NORMAL SARSFIELD AV.S.MARTIN 271,15,6486,6500,5126
19,Establecimientos Habilitados:                                     25,268,DOLORES,ESC GENERAL SAN MARTIN EDISON 130,13,6501,6513,4433
19,Establecimientos Habilitados:                                     25,268,DOLORES,ESC MANUEL BELGRANO AV BELGRANO (B°FATIMA) 1.399,7,6514,6520,2387
19,Establecimientos Habilitados:                                     25,268,DOLORES,COLEGIO SAGRADO CORAZON HORMAECHE (B°JARDIN) 375,8,6521,6528,2728
19,Establecimientos Habilitados:                                     25,268,DOLORES,ESC C CENTENARIO-IPEM N° 146 PEDRO C MOLINA 145,8,6529,6536,2728
19,Establecimientos Habilitados:                                     25,268,DOLORES,ESC DOLORES AGUIRRE DE FUNES PEDRO C MOLINA S/N(B°TRADICION,7,6537,6543,2387
19,Establecimientos Habilitados:                                     25,269,LA PAZ,INST JUAN BAUTISTA ALBERDI LA PAZ,3,6544,6546,966
19,Establecimientos Habilitados:                                     25,269,LA PAZ,ESC PROV JOSE M PAZ VELEZ SARSFIELD Y BRAULIO FUNES,5,6547,6551,1608
19,Establecimientos Habilitados:                                     25,269A,QUEBRACHO LADEADO,ESC.PROV.J.M.ESTRADA PUBLICA,1,6552,6552,155
19,Establecimientos Habilitados:                                     25,269B,EL MANANTIAL,ESC PROV JUAN JOSE PASO RUTA NACIONAL 148 S/N,1,6553,6553,29
19,Establecimientos Habilitados:                                     25,270,LAS ROSAS,ESC MAGDALENA T DE CHARLES PUBLICA S/N,11,6554,6564,3771
19,Establecimientos Habilitados:                                     25,271,LAS TAPIAS,ESC LEOPOLDO LUG0NES LAS TAPIAS,4,6565,6568,1347
19,Establecimientos Habilitados:                                     25,272,LOS HORNILLOS,ESC JOSE DE SAN MARTIN GRAL SAN MARTIN S/N,3,6569,6571,978
19,Establecimientos Habilitados:                                     25,273,LUYABA,ESC.PROV.EMILIO F.OLMOS PUBLICA,4,6572,6575,1062
19,Establecimientos Habilitados:                                     25,274,SAN JAVIER,ESC GENERAL SAN MARTIN SAN JAVIER,3,6576,6578,814
19,Establecimientos Habilitados:                                     25,274A,LA POBLACION,ESCUELA PROVINCIAL PUBLICA S/N,2,6579,6580,355
19,Establecimientos Habilitados:                                     25,275,SAN JOSE,ESC EMILIO FELIPE OLMOS AV SAN MARTIN S/N,6,6581,6586,1963
19,Establecimientos Habilitados:                                     25,275A,LOS CERRILLOS,ESC GENERAL BARTOLOME MITRE LOS CERRILLOS,5,6587,6591,1717
19,Establecimientos Habilitados:                                     25,276,YACANTO,ESC GENERAL SAN MARTIN PUBLICA,3,6592,6594,787
20,Establecimientos Habilitados:                                     22,277,ALICIA,ESC JOSE MANUEL ESTRADA ALICIA,4,6595,6598,1320
20,Establecimientos Habilitados:                                     22,277,ALICIA,ESC FRAY CAYETANO RODRIGUEZ ALICIA,5,6599,6603,1648
20,Establecimientos Habilitados:                                     22,278,ALTOS DE CHIPION,ESC.PROV.RECONQUISTA SARMIENTO 543,6,6604,6609,1769
20,Establecimientos Habilitados:                                     22,279,ARROYITO,ESC MANUEL BELGRANO RIVADAVIA (B°CENTRO) 473,11,6610,6620,3784
20,Establecimientos Habilitados:                                     22,279,ARROYITO,ESC JOSE MARIA PAZ RIVADAVIA (B°CENTRO) 473,8,6621,6628,2746
20,Establecimientos Habilitados:                                     22,279,ARROYITO,INST DR D VELEZ SARSFIELD ARROYITO,14,6629,6642,4802
20,Establecimientos Habilitados:                                     22,279,ARROYITO,ESCUELA N°198(ESC GIMENEZ LAGO ARROYITO,13,6643,6655,4459
20,Establecimientos Habilitados:                                     22,279,ARROYITO,CERVELLON/NTRA S DE LA MERCED 9 DE JULIO (B°CENTRO) 465,9,6656,6664,3087
20,Establecimientos Habilitados:                                     22,279A,EL FUERTECITO,ESC PROV ALTE GUILLERMO BROWN ALICIA ROSSI 441,2,6665,6666,396
20,Establecimientos Habilitados:                                     22,280,BALNEARIA,ESC VICENTE LOPEZ Y PLANES 25 DE MAYO (B°IPV NORTE) 271,6,6667,6672,1962
20,Establecimientos Habilitados:                                     22,280,BALNEARIA,ESC PABLO JULIO RODRIGUEZ GENERAL LAVALLE (B°IPV NORTE) 150,7,6673,6679,2288
20,Establecimientos Habilitados:                                     22,280,BALNEARIA,INST JUAN BAUTISTA ALBERDI BALNEARIA,4,6680,6683,1304
20,Establecimientos Habilitados:                                     22,281,BEIRO,ESCUELA N°349 BEIRO,1,6684,6684,159
20,Establecimientos Habilitados:                                     22,282,BRINKMANN,COLEGIO MANUEL BELGRANO AV SEEBER (B°MANUEL BELGRANO) 317,8,6685,6692,2720
20,Establecimientos Habilitados:                                     22,282,BRINKMANN,ESC 25 DE MAYO 25 DE MAYO 975(B°25 DE MAYO),11,6693,6703,3736
20,Establecimientos Habilitados:                                     22,282,BRINKMANN,ESCUELA NAC. DE COMERCIO DR PITT FUNES B°BERTOSSI 547,5,6704,6708,1695
20,Establecimientos Habilitados:                                     22,283,CONCEPCION,ESC.PROV.M.MORENO TUCUMAN 483,5,6709,6713,1659
20,Establecimientos Habilitados:                                     22,283A,COLONIA PICHANAS,ESC CONGRESO DE TUCUMAN COLONIA PICHANAS,1,6714,6714,192
20,Establecimientos Habilitados:                                     22,285,DEVOTO,ESC CARLOS J FLORIT DEVOTO,10,6715,6724,3280
20,Establecimientos Habilitados:                                     22,285,DEVOTO,ESC DOMINGO F SARMIENTO DEVOTO,6,6725,6730,1966
20,Establecimientos Habilitados:                                     22,286,DIEZ DE JULIO,ESC PROV DOMINGO F SARMIENTO PUBLICA S/N,1,6731,6731,159
20,Establecimientos Habilitados:                                     22,287,DOS HERMANOS,ESC PROV L DE LA TORRE PUBLICA S/N,1,6732,6732,141
20,Establecimientos Habilitados:                                     22,288,EL ARAÑADO,ESC PROV CHACABUCO 25 DE MAYO 381,6,6733,6738,1873
20,Establecimientos Habilitados:                                     22,288A,VILLA SAN ESTEBAN,ESCUELA PROV. ANTONIO SOBRAL PUBLICA,1,6739,6739,115
20,Establecimientos Habilitados:                                     22,289,EL FORTIN,ESC PROV DOMINGO F SARMIENTO MATEO OLIVERO 576,4,6740,6743,1138
20,Establecimientos Habilitados:                                     22,290,EL TIO,ESC PROV JOSE MARIA PAZ 15 DE OCTUBRE 588,2,6744,6745,680
20,Establecimientos Habilitados:                                     22,290,EL TIO,IPEM N°166 CAP G DEL VALLE EL TIO,3,6746,6748,1018
20,Establecimientos Habilitados:                                     22,291,FREYRE,COL STA TERESITA DEL N JESUS BV 12 DE OCTUBRE 681,8,6749,6756,2648
20,Establecimientos Habilitados:                                     22,291,FREYRE,ESC FLORENTINO AMEGHINO FREYRE,10,6757,6766,3305
20,Establecimientos Habilitados:                                     22,291A,COLONIA ANITA,ESC PROV RAMON J CARCANO PUBLICA S/N,1,6767,6767,83
20,Establecimientos Habilitados:                                     22,292,ITURRASPE,ESC THOMAS ALVA EDISON ITURRASPE,1,6768,6768,145
20,Establecimientos Habilitados:                                     22,293,LA FRANCIA,INST COM SEC LA FRANCIA LA FRANCIA,4,6769,6772,1371
20,Establecimientos Habilitados:                                     22,293,LA FRANCIA,ESC PROV DAMAS PATRICIAS LA FRANCIA,6,6773,6778,2052
20,Establecimientos Habilitados:                                     22,294,LA PAQUITA,ESC PROV MARIANO MORENO ALTE BROWN 231,3,6779,6781,968
20,Establecimientos Habilitados:                                     22,294A,COLONIA VALTELINA,ESC PROV NICOLAS AVELLANEDA SARMIENTO S/N,1,6782,6782,195
20,Establecimientos Habilitados:                                     22,295,LA TORDILLA,ESC MARGARITA LA TORRE MERCADO 8 DE SEPTIEMBRE 107,5,6783,6787,1476
20,Establecimientos Habilitados:                                     22,295A,TORO PUJIO,ESC.PROV.J.M.ESTRADA PUBLICA,1,6788,6788,207
20,Establecimientos Habilitados:                                     22,296,LASPIUR,IPEM N°287-L LUGONES LASPIUR,7,6789,6795,2201
20,Establecimientos Habilitados:                                     22,297,LAS VARAS,ESC PROV MARIANO MORENO LAS VARAS,4,6796,6799,1177
20,Establecimientos Habilitados:                                     22,298,LAS VARILLAS,ESC NORM SUP D VELEZ SARSFIELD ESCRIBANO LUIS MORELLI 188,17,6800,6816,5814
20,Establecimientos Habilitados:                                     22,298,LAS VARILLAS,ESCUELA GRAL PAZ BUENOS AIRES 460,6,6817,6822,2052
20,Establecimientos Habilitados:                                     22,298,LAS VARILLAS,ESC BERNARDINO RIVADAVIA INDEPENDENCIA 294,8,6823,6830,2732
20,Establecimientos Habilitados:                                     22,298,LAS VARILLAS,ESC BARTOLOME MITRE SGTO CABRAL 521,10,6831,6840,3410
20,Establecimientos Habilitados:                                     22,299,LUXARDO,ESC CONSTANCIO LUXARDO PUBLICA S/N,2,6841,6842,370
20,Establecimientos Habilitados:                                     22,300,MARINA,INST SEC MANUEL DORREGO SARMIENTO 295,4,6843,6846,1233
20,Establecimientos Habilitados:                                     22,301,MARULL,ESC.REP DEL PARAGUAY BELGRANO 234,6,6847,6852,1759
20,Establecimientos Habilitados:                                     22,302,MAUNIER,ESC PROV GRAL SAN MARTIN PUBLICA S/N,1,6853,6853,147
20,Establecimientos Habilitados:                                     22,303,MIRAMAR,ESC.PROV.J.L.DE CABRERA JERONIMO LUIS DE CABRERA,6,6854,6859,2023
20,Establecimientos Habilitados:                                     22,304,MORTEROS,COLEGIO NACIONAL MIXTO MORTEROS,14,6860,6873,4760
20,Establecimientos Habilitados:                                     22,304,MORTEROS,ESC D VELEZ SARSFIELD EMILIO F OLMOS 375,10,6874,6883,3400
20,Establecimientos Habilitados:                                     22,304,MORTEROS,ESCUELA CRISTO REY BV 9 DE JULIO 1.008,15,6884,6898,5092
20,Establecimientos Habilitados:                                     22,304,MORTEROS,ESC BERNARDINO RIVADAVIA SARMIENTO 208,5,6899,6903,1695
20,Establecimientos Habilitados:                                     22,305,PORTEÑA,INST BERNARDINO RIVADAVIA PORTEÑA,7,6904,6910,2345
20,Establecimientos Habilitados:                                     22,305,PORTEÑA,ESC PROV 9 DE JULIO PORTEÑA,7,6911,6917,2338
20,Establecimientos Habilitados:                                     22,306,PROSPERIDAD,ESC PROV SANTIAGO DERQUI JUAREZ CELMAN 357,2,6918,6919,524
20,Establecimientos Habilitados:                                     22,307,QUEBRACHO HERRADO,ESC.PROV.AYACUCHO SARMIENTO,2,6920,6921,602
20,Establecimientos Habilitados:                                     22,308,SACANTA,INST MANUEL BELGRANO BELGRANO 960,4,6922,6925,1241
20,Establecimientos Habilitados:                                     22,308,SACANTA,ESCUELA ITUZAINGO ITUZAINGO 251,5,6926,6930,1550
20,Establecimientos Habilitados:                                     22,309,SAN BARTOLOME,ESC PROV PRIMERA JUNTA 9 DE JULIO 576,5,6931,6935,1452
20,Establecimientos Habilitados:                                     22,310,SAN FRANCISCO SECC. SUR,ESC N AVELLANEDA(IPEM N°50) RIVADAVIA 679,13,6936,6948,4436
20,Establecimientos Habilitados:                                     22,310,SAN FRANCISCO SECC. SUR,ESC GENERAL MITRE SANTA FE 538,9,6949,6957,3069
20,Establecimientos Habilitados:                                     22,310,SAN FRANCISCO SECC. SUR,COL SUP SAN MARTIN PJE CHAMPAGNAT (SUR) 57,13,6958,6970,4433
20,Establecimientos Habilitados:                                     22,310,SAN FRANCISCO SECC. SUR,ESCUELA 2 DE ABRIL FALUCHO Y PEATONAL LARREA N S/N,9,6971,6979,3069
20,Establecimientos Habilitados:                                     22,310,SAN FRANCISCO SECC. SUR,ESCUELA RIO NEGRO CASEROS(B°LA CONSOLATA) 518,11,6980,6990,3751
20,Establecimientos Habilitados:                                     22,310,SAN FRANCISCO SECC. SUR,ESCUELA N AVELLANEDA RIVADAVIA 648,16,6991,7006,5456
20,Establecimientos Habilitados:                                     22,310,SAN FRANCISCO SECC. SUR,ESCUELA RAFAEL NUÑEZ PARAGUAY(B°CATEDRAL) 1.776,9,7007,7015,3069
20,Establecimientos Habilitados:                                     22,310A,SAN FRANCISCO SECC. NORTE,ESC JOSE BERRNARDO ITURRASPE CABRERA(B°GENERAL ROCA) 1.736,17,7016,7032,5834
20,Establecimientos Habilitados:                                     22,310A,SAN FRANCISCO SECC. NORTE,ESC DOMINGO F SARMIENTO ALMAFUERTE (B°ROCA) 104,10,7033,7042,3430
20,Establecimientos Habilitados:                                     22,310A,SAN FRANCISCO SECC. NORTE,COL SAN FCO DE ASIS JUAN JOSE PASO (B°VELEZ SARSFIELD) 1.650,9,7043,7051,3087
20,Establecimientos Habilitados:                                     22,310A,SAN FRANCISCO SECC. NORTE,COLEGIO SAGRADO CORAZON 25 DE MAYO(B°ITURRASPE) 1.414,6,7052,7057,2058
20,Establecimientos Habilitados:                                     22,310A,SAN FRANCISCO SECC. NORTE,ESCUELA PRIMERA JUNTA ENTRE RIOS(B°GENERAL ROCA) 2.505,11,7058,7068,3773
20,Establecimientos Habilitados:                                     22,310A,SAN FRANCISCO SECC. NORTE,ESC PTE HIPOLITO IRIGOYEN JUJUY(B°ITURRASPE) 205,13,7069,7081,4459
20,Establecimientos Habilitados:                                     22,310A,SAN FRANCISCO SECC. NORTE,ESC JOSE MARIA PAZ REPUBLICA DEL LIBANO 1.009,10,7082,7091,3430
20,Establecimientos Habilitados:                                     22,311,SAN PEDRO,ESC PROV 9 DE JULIO COLONIA SAN PEDRO,1,7092,7092,281
20,Establecimientos Habilitados:                                     22,312,SAUZE,ESC.PROV.J.DE SAN MARTIN SAUZE,1,7093,7093,36
20,Establecimientos Habilitados:                                     22,313,SEEBER,ESCUELA N°149(HOY:JOSE SEEBER) SEEBER,2,7094,7095,637
20,Establecimientos Habilitados:                                     22,314,TRANSITO,ESC PROV R GUTIERREZ TRANSITO,9,7096,7104,2855
20,Establecimientos Habilitados:                                     22,315,VIGNAUD,COL MARIA AUXILIADORA ANA PASSADORE 611,2,7105,7106,624
21,Establecimientos Habilitados:                                      78,316,ALTA GRACIA,ESC COMANDANTE ESPORA 3 DE FEBRERO(B° SUR) 362,12,7107,7118,4140
21,Establecimientos Habilitados:                                      78,316,ALTA GRACIA,ESC VICTOR MERCANTE ANATOLE FRANCE(B°CARLOS PELLEGRINI) 360,8,7119,7126,2760
21,Establecimientos Habilitados:                                      78,316,ALTA GRACIA,INST EL OBRAJE (ARRIBA) NIETO(B°POLUYAN) 17,6,7127,7132,2070
21,Establecimientos Habilitados:                                      78,316,ALTA GRACIA,INST DE LA MISERICORDIA PADRE DOMINGO VIERA 151,10,7133,7142,3450
21,Establecimientos Habilitados:                                      78,316,ALTA GRACIA,INST SUP ANGLO AMERICANO BV CARLOS PELLEGRINI 637,7,7143,7149,2415
21,Establecimientos Habilitados:                                      78,316,ALTA GRACIA,ESC NAC NORM SUP ALTA GRACIA JOSE HERNANDEZ(B°CAMARA) 201,10,7150,7159,3450
21,Establecimientos Habilitados:                                      78,316,ALTA GRACIA,ESCUELA SAN MARTIN URUGUAY(B°NORTE) 200,9,7160,7168,3105
21,Establecimientos Habilitados:                                      78,316,ALTA GRACIA,ESC REPUBLICA ITALIANA COLEGIO 127 LALAHENES,8,7169,7176,2760
21,Establecimientos Habilitados:                                      78,316,ALTA GRACIA,I.P.E.M. N° 298 RAFAEL LOZADA(B°CENTRO) 53,14,7177,7190,4830
21,Establecimientos Habilitados:                                      78,316,ALTA GRACIA,ESCUELA CURA ELEODORO FIERRO RAMON J CARCANO(B°GOB A SABATTINI) 135,13,7191,7203,4484
21,Establecimientos Habilitados:                                      78,316,ALTA GRACIA,ESCUELA JOSE MARIA PAZ LOS ANDES(B°CAMARA) 80,9,7204,7212,3096
21,Establecimientos Habilitados:                                      78,316,ALTA GRACIA,ESCUELA MANUEL SOLARES ESPAÑA (B°SUR) 26,8,7213,7220,2752
21,Establecimientos Habilitados:                                      78,316,ALTA GRACIA,ESC SANTIAGO DE LINIERS B°LINIERS,1,7221,7221,344
21,Establecimientos Habilitados:                                      78,316A,ANIZACATE,ESC VICENTE LOPEZ Y PLANES ANIZACATE,4,7227,7230,1311
21,Establecimientos Habilitados:                                      78,316A,ANIZACATE,IPEM N° 118-JUANA AZURDUY SALOMON PALACIOS,5,7222,7226,1640
21,Establecimientos Habilitados:                                      78,316B,LA PAISANITA,ESC PROV DOMINGO F SARMIENTO PUBLICA S/N,1,7231,7231,131
21,Establecimientos Habilitados:                                      78,316C,LA RANCHERITA,LOCAL COMUNAL LA RANCHERITA,1,7232,7232,135
21,Establecimientos Habilitados:                                      78,316D,LA SERRANITA,ESC GENERAL MANUEL BELGRANO LA SERRANITA,1,7233,7233,344
21,Establecimientos Habilitados:                                      78,316E,LOS CEDROS,ESC PROV CATALINA E DE BARON ANICETO GRANADO S/N,3,7234,7236,909
21,Establecimientos Habilitados:                                      78,316F,VALLE DE ANIZACATE,IPET N° 118 JUANA AZURDUY SALOMON PALACIOS S/N,2,7237,7238,488
21,Establecimientos Habilitados:                                      78,316G,VILLA EL PRADO,ESC.PROV.J.HERNANDEZ CALLE 10 ESQ AV N 5,3,7239,7241,959
21,Establecimientos Habilitados:                                      78,316H,VILLA LA BOLSA,LOCAL COMUNAL VILLA LA BOLSA,3,7242,7244,823
21,Establecimientos Habilitados:                                      78,316I,VILLA LOS AROMOS,ESC PROV DOMINGO F SARMIENTO VILLA LOS AROMOS,2,7245,7246,662
21,Establecimientos Habilitados:                                      78,316J,VILLA PARQUE SANTA ANA,ESC.PROV.P.PIZZURNO CALLE 7 ESQUINA 4,6,7247,7252,1883
21,Establecimientos Habilitados:                                      78,317,BAJO CHICO,ESC PROV B DE MONTEAGUDO CALLE PUBLICA P/ANIZACATE,1,7253,7253,227
21,Establecimientos Habilitados:                                      78,318,RAFAEL GARCIA,ESC.PROV.FRENCH Y BERUTTI SARMIENTO Y BERUTTI(RAFAEL GARCIA),2,7254,7255,633
21,Establecimientos Habilitados:                                      78,319,BOUWER,ESC DR FLORENTINO F BUSTOS LIBERTADOR SAN MARTIN,5,7256,7260,1532
21,Establecimientos Habilitados:                                      78,320,BUENA VISTA,OLEGARIO V ANDRADE (CIRC 322) PUBLICA S/N -COSME NORTE,1,7261,7261,52
21,Establecimientos Habilitados:                                      78,322,COSME,ESC PROV OLEGARIO V ANDRADE PUBLICA S/N,1,7262,7262,87
21,Establecimientos Habilitados:                                      78,323,DESPEÑADEROS,INSTITUTO PRIVADO PIO XII PADRE BUTELER 229,9,7263,7271,3004
21,Establecimientos Habilitados:                                      78,323,DESPEÑADEROS,ESC PROV 25 DE MAYO CONGRESO 235,7,7272,7278,2331
21,Establecimientos Habilitados:                                      78,324,FALDA DEL CARMEN,ESC PROV DOMINGO F SARMIENTO PUBLICA S/N,3,7279,7281,994
21,Establecimientos Habilitados:                                      78,325,LOZADA,ESC.PROV.B.RIVADAVIA SARMIENTO 441,4,7282,7285,1363
21,Establecimientos Habilitados:                                      78,326,MALAGUEÑO,ESC PROV MANUEL BELGRANO GRAL BUSTOS 700,11,7286,7296,3740
21,Establecimientos Habilitados:                                      78,326,MALAGUEÑO,I.P.E.M.67-L.PIEDRABUENA MALAGUEÑO,8,7297,7304,2720
21,Establecimientos Habilitados:                                      78,326A,YOCSINA,COLEGIO JUAN XXIII BRIGADIER SAN MARTIN 231,7,7305,7311,2251
21,Establecimientos Habilitados:                                      78,326B,BARRIO PRIMERO DE MAYO,ESC PROV FRAY J S MARIA DE ORO CRUCERO GENERAL BELGRANO S/N,4,7312,7315,1045
21,Establecimientos Habilitados:                                      78,326C,SAN NICOLAS,ESC MARTIN M DE GUEMES A CASTELLANO,3,7316,7318,879
21,Establecimientos Habilitados:                                      78,327,MONTE RALO,ESC.DELL'ARMELLINA ITALIA,2,7319,7320,469
21,Establecimientos Habilitados:                                      78,328,POTRERO DE GARAY,ESC IPEM 32-EST POT DE GARAY LAS MONJITAS S/N,3,7321,7323,972
21,Establecimientos Habilitados:                                      78,328B,VILLA CIUDAD DE AMERICA,ESC.PROV.J.V.GONZALEZ RUTA N 5 KM 54,2,7324,7325,578
21,Establecimientos Habilitados:                                      78,329,SAN CLEMENTE,ESC.PROV.J.B.CABRAL PUBLICA,1,7326,7326,176
21,Establecimientos Habilitados:                                      78,330,SAN ISIDRO,ESC.PROV.M.MORENO PUBLICA,2,7327,7328,555
21,Establecimientos Habilitados:                                      78,330A,JOSE DE LA QUINTANA,ESCUELA DE MINERIA JOSE DE LA QUINTANA,2,7329,7330,454
21,Establecimientos Habilitados:                                      78,331,TOLEDO,ESC PROV JUAN B ALBERDI TOLEDO,8,7331,7338,2664
21,Establecimientos Habilitados:                                      78,331,TOLEDO,BACHILLERATO REINO DE ESPAÑA TOLEDO,3,7339,7341,996
22,Establecimientos Habilitados:                                     46,332,POZO NUEVO,ESC.PROV.FCO.PASCACIO MORENO POZO NUEVO,2,7342,7343,537
22,Establecimientos Habilitados:                                     46,333,CAMINIAGA,ESC V LOPEZ Y PLANES CAMINIAGA,2,7344,7345,429
22,Establecimientos Habilitados:                                     46,334,CHUÑAHUASI,ESC PROV MARIANO MORENO PUBLICA S/N,1,7346,7346,341
22,Establecimientos Habilitados:                                     46,335,CHAÑAR,I.P.E.T. N°17 CHAÑAR,8,7347,7354,2451
23,Establecimientos Habilitados:                                      4,336,ALMAFUERTE,COL NAC JOSE M ESTRADA URUGUAY 55,12,7355,7366,4069
23,Establecimientos Habilitados:                                      4,336,ALMAFUERTE,ESC REMEDIOS E DE SAN MARTIN CASTELLI 590,11,7367,7377,3729
23,Establecimientos Habilitados:                                      4,336,ALMAFUERTE,IPEM N° 299-DR S E NAUMCHIK SANTIAGO DEL ESTERO ESQ.FRAGUEIRO,6,7378,7383,2034
23,Establecimientos Habilitados:                                      4,337,ASCASUBI,ESC.M.G.PONCE DUSSAN ALACEVICH 86,7,7384,7390,2210
23,Establecimientos Habilitados:                                      4,337A,CNIA ALMADA,ESC PROV JUAN B ALBERDI SANTA ROSA 171,2,7391,7392,556
23,Establecimientos Habilitados:                                      4,338,CORRALITO,ESC PROV GRAL J DE SAN MARTIN PABLO A PIZZURNO 149,5,7393,7397,1614
23,Establecimientos Habilitados:                                      4,339,DALMACIO VELEZ,ESC PROV FRAY LUIS BELTRAN RIVADAVIA 283,4,7398,7401,1347
23,Establecimientos Habilitados:                                      4,340,HERNANDO,ESC GOB J F JAVIER DIAZ HERNANDO,7,7402,7408,2380
23,Establecimientos Habilitados:                                      4,340,HERNANDO,COLEGIO DIVINO CORAZON 25 DE MAYO 100,5,7409,7413,1700
23,Establecimientos Habilitados:                                      4,340,HERNANDO,ESC PABLO A PIZZURNO HERNANDO,9,7414,7422,3058
23,Establecimientos Habilitados:                                      4,340,HERNANDO,ESC LA STMA TRINIDAD COLON 102,7,7423,7429,2373
23,Establecimientos Habilitados:                                      4,341,JAMES CRAIK,INST SEC JOSE M ESTRADA JAMES CRAIK,6,7430,7435,2064
23,Establecimientos Habilitados:                                      4,341,JAMES CRAIK,ESC PROV J M SALGUEIRO JAMES CRAIK,7,7436,7442,2407
23,Establecimientos Habilitados:                                      4,342,LAS PERDICES,ESC PROV DOMINGO F SARMIENTO LAS PERDICES,6,7443,7448,2018
23,Establecimientos Habilitados:                                      4,342,LAS PERDICES,ESC CNEL DOMINGO GAY SAN LUIS Y GENERAL PAZ S/N,6,7449,7454,2016
23,Establecimientos Habilitados:                                      4,343,LOS ZORROS,ESC VICENTE LOPEZ Y PLANES SAN MARTIN 346,2,7455,7456,608
23,Establecimientos Habilitados:                                      4,344,OLIVA,ESC PROV BARTOLOME MITRE ALVEAR 320,7,7457,7463,2407
23,Establecimientos Habilitados:                                      4,344,OLIVA,C0LEGIO SAGRADO CORAZON DON BOSCO S/N,13,7464,7476,4459
23,Establecimientos Habilitados:                                      4,344,OLIVA,ESCUELA NAC.DE COMERCIO OLIVA,12,7477,7488,4116
23,Establecimientos Habilitados:                                      4,345,PAMPAYASTA NORTE,ESC PROV ANTARTIDA ARGENTINA PAMPAYASTA NORTE,2,7489,7490,412
23,Establecimientos Habilitados:                                      4,346,PAMPAYASTA SUD,ESC.PROV. REYES CATOLICOS RIVADAVIA 198,4,7491,7494,1269
23,Establecimientos Habilitados:                                      4,347,PUNTA DEL AGUA,ESC.PROV.S.A.GUTIERREZ PUBLICA,1,7495,7495,234
23,Establecimientos Habilitados:                                      4,347A,LAS ISLETILLAS,ESC PROV GABRIELA MISTRAL LAS ISLETILLAS,1,7496,7496,268
23,Establecimientos Habilitados:                                      4,348,RIO TERCERO,ESC PROV MODESTO ACUÑA AMINTA R DE HERRERA 455,12,7497,7508,4128
23,Establecimientos Habilitados:                                      4,348,RIO TERCERO,E.N.E.T. N°1 G.SAVIO Y MENDOZA,15,7509,7523,5160
23,Establecimientos Habilitados:                                      4,348,RIO TERCERO,INST ALEXIS CARREL GRAL PAZ Y ESPAÑA 390,17,7524,7540,5833
23,Establecimientos Habilitados:                                      4,348,RIO TERCERO,ESC PROV R E DE SAN MARTIN 25 DE FEBRERO 171,12,7541,7552,4116
23,Establecimientos Habilitados:                                      4,348,RIO TERCERO,ESC SUP DE COMERCIO D DE ROJAS S/N-B°LAS VILETAS,6,7553,7558,2058
23,Establecimientos Habilitados:                                      4,348,RIO TERCERO,COLEGIO JESUS MARIA Y JOSE SAN AGUSTIN 318,14,7559,7572,4802
23,Establecimientos Habilitados:                                      4,348,RIO TERCERO,ESC GREGORIA I PEREZ ANGELINA ORTIZ ESQ INDEPENDENCIA S/N,10,7573,7582,3430
23,Establecimientos Habilitados:                                      4,348,RIO TERCERO,ESC JOSE M ZAPIOLA CHACABUCO 649,13,7583,7595,4459
23,Establecimientos Habilitados:                                      4,348,RIO TERCERO,ESCUELA N° 402 I.LA CATOLICA 190,13,7596,7608,4459
23,Establecimientos Habilitados:                                      4,348,RIO TERCERO,COLEGIO C SAAVEDRA LAMAS HILARIO CUADROS Y EDMUNDO CARTOS S/N,6,7609,7614,2058
23,Establecimientos Habilitados:                                      4,349,TANCACHA,ESC PROV JOSE M PAZ BARTOLOME MITRE 451,7,7615,7621,2339
23,Establecimientos Habilitados:                                      4,349,TANCACHA,ESC GRAL JOSE DE SAN MARTIN SARMIENTO 1.076,7,7622,7628,2338
23,Establecimientos Habilitados:                                      4,349A,GENERAL FOTHERINGHAM,ESC PROV GRAL BATOLOME MITRE SAN JUAN ESQ BELGRANO,2,7629,7630,366
24,Establecimientos Habilitados:                                     36,350,CANDELARIA,ESC PROV GRAL ARENALES CANDELARIA,2,7631,7632,376
24,Establecimientos Habilitados:                                     36,351,CAÑADA DE LUQUE,ESC.R.J.CARCANO CAÑADA DE LUQUE,4,7633,7636,1142
24,Establecimientos Habilitados:                                     36,351A,LA PAMPA,ESC PROV BERNARDINO RIVADAVIA PUBLICA S/N,2,7637,7638,671
24,Establecimientos Habilitados:                                     36,352,LAS PEÑAS,ESC.PROV.J.F.KENNEDY LIDORO CENTURION 324,5,7639,7643,1547
24,Establecimientos Habilitados:                                     36,352A,LOS MISTOLES,ESC PROV PEDRO N ARIAS PUBLICA S/N,1,7644,7644,132
24,Establecimientos Habilitados:                                     36,353,MACHA,ESC CEFERINO NAMUNCURA MACHA,1,7645,7645,98
24,Establecimientos Habilitados:                                     36,354,SANTA CATALINA,ESC PROV GREGORIA MATORRAS PUBLICA S/N,1,7646,7646,246
24,Establecimientos Habilitados:                                     36,355,SARMIENTO,ESC.PROV.S.MARTIN Y GOMEZ PUBLICA,3,7647,7649,951
24,Establecimientos Habilitados:                                     36,356,SIMBOLAR,ESC.PROV.F.AMEGHINO PUBLICA,1,7650,7650,301
24,Establecimientos Habilitados:                                     36,357,SINSACATE,ESC.PROV.CNEL. PRINGLES PUBLICA- CAMINO A SAN LORENZO,5,7651,7655,1465
24,Establecimientos Habilitados:                                     36,358,SITON,ESC.PROV.24 DE SEPTIEMBRE 8 DE DICIEMBRE S/N,2,7656,7657,491
24,Establecimientos Habilitados:                                     36,359,VILLA DEL TOTORAL,ESC PROV BARTOLOME MITRE BV.ALLENDE S/N,9,7658,7666,3102
24,Establecimientos Habilitados:                                     36,359,VILLA DEL TOTORAL,ESC NORM SUP V DEL TOTORAL REP ARGENTINA Y PTE PERON S/N,5,7667,7671,1720
24,Establecimientos Habilitados:                                     36,359,VILLA DEL TOTORAL,IPETYM N° 74 FRAY M ESQUIU S/C S/N,7,7672,7678,2408
25,Establecimientos Habilitados:                                     14,360,CHURQUI CAÑADA,ESC PROV MARIANO MORENO PUBLICA S/N,1,7679,7679,183
25,Establecimientos Habilitados:                                     14,360A,EL RODEO,ESC PROV MIGUEL DE GUEMES EL RODEO,1,7680,7680,217
25,Establecimientos Habilitados:                                     14,360B,LA TOMA,ESCUELA ESTEBAN ECHEVERRIA LA TOMA,1,7681,7681,115
25,Establecimientos Habilitados:                                     14,361,LAS ARRIAS,ESC.J.M.ESTRADA AV.SAN MARTIN,6,7682,7687,1805
25,Establecimientos Habilitados:                                     14,362,EL BAÑADO,ESC PROV 25 DE MAYO EL BAÑADO,1,7688,7688,63
25,Establecimientos Habilitados:                                     14,363,ISLA DE SAN ANTONIO,ESC PROV JOSE MARMOL CAMINO PROVINCIAL S/N,1,7689,7689,69
25,Establecimientos Habilitados:                                     14,364,LA DORMIDA,I.P.E.A. N°15 2A DORMIDA,7,7690,7696,2240
25,Establecimientos Habilitados:                                     14,364,LA DORMIDA,ESC.PROV.F.N.LAPRIDA LA DORMIDA,6,7697,7702,1915
25,Establecimientos Habilitados:                                     14,365,LAS MASITAS,ESC LUIS E JUNCOS(EX NAC 212) LAS MASITAS,1,7703,7703,27
25,Establecimientos Habilitados:                                     14,366,LUCIO V MANSILLA,ESC.MARIA L.ROBLEDO PUBLICA,4,7704,7707,1079
25,Establecimientos Habilitados:                                     14,367,ROSARIO DEL SALADILLO,ESC.PROV.D.F.SARMIENTO JAVIER GARCIA,2,7708,7709,468
25,Establecimientos Habilitados:                                     14,368,SAN JOSE DE LAS SALINAS,ESC.PROV.V.MERCANTE ONCATIVO,2,7710,7711,646
25,Establecimientos Habilitados:                                     14,369,SAN PEDRO NORTE,ESC MANUEL BELGRANO 9 DE JULIO S/N,2,7712,7713,542
25,Establecimientos Habilitados:                                     14,370,SANTA CRUZ,ESC PROV CORNELIO SAAVEDRA PUBLICA S/N,1,7714,7714,138
25,Establecimientos Habilitados:                                     14,370A,LA CAÑADA,ESC PROV MANUEL DORREGO PUBLICA S/N,1,7715,7715,30
25,Establecimientos Habilitados:                                     14,371,TULUMBA,ESC.PROV.OB.O.CORREA CALLE REAL,6,7716,7721,1758
26,Establecimientos Habilitados:                                     16,372,ALTO ALEGRE,ESC.PROV.DR.GARCIA GONZALEZ JULIO A ROCA 115,3,7722,7724,987
26,Establecimientos Habilitados:                                     16,372A,ANA ZUMARAN,ESC PROV JUAN P ESNAOLA ANA ZUMARAN,1,7725,7725,135
26,Establecimientos Habilitados:                                     16,373,BALLESTEROS,ESC PROV GRAL SAN MARTIN PTE PERON- CENTRO 75,10,7726,7735,3406
26,Establecimientos Habilitados:                                     16,374,BALLESTEROS SUD,ESCUELA N°9 BALLESTEROS SUD,2,7736,7737,622
26,Establecimientos Habilitados:                                     16,375,BELL VILLE,ESC.NORMAL F.ALCORTA 25 DE MAYO 135,21,7738,7758,7202
26,Establecimientos Habilitados:                                     16,375,BELL VILLE,ESC F AMEGHINO ENTRE RIOS 457,11,7759,7769,3762
26,Establecimientos Habilitados:                                     16,375,BELL VILLE,ESC.SUPERIOR DE COMERCIO F.MOLINA 69,14,7770,7783,4788
26,Establecimientos Habilitados:                                     16,375,BELL VILLE,ESCUELA A MATTERSON PTE PERON 414,12,7784,7795,4104
26,Establecimientos Habilitados:                                     16,375,BELL VILLE,ESC PONCIANO VIVANCO AMEGHINO 155,16,7796,7811,5472
26,Establecimientos Habilitados:                                     16,375,BELL VILLE,COLEGIO SAN JOSE BV FIGUEROA ALCORTA 40,11,7812,7822,3762
26,Establecimientos Habilitados:                                     16,376,BISMARCK,ESC PROV B ERNARDINO RIVADAVIA RIVADAVIA 360,2,7823,7824,422
26,Establecimientos Habilitados:                                     16,377,BREMEN,ESC PROV ALMAFUERTE PUBLICA S/N,1,7825,7825,192
26,Establecimientos Habilitados:                                     16,378,CANALS,ESC PROV J HERNANDEZ CANALS,10,7826,7835,3432
26,Establecimientos Habilitados:                                     16,378,CANALS,INSTITUTO BELISARIO ROLDAN CANALS,12,7836,7847,4116
26,Establecimientos Habilitados:                                     16,379,CARCANO,ESC.PROV.A.M.ZUMARAN D CARCANO PUBLICA,1,7848,7848,33
26,Establecimientos Habilitados:                                     16,381,CINTRA,ESC DE COM JOSE M.ESTRADA BELGRANO 548,4,7849,7852,1272
26,Establecimientos Habilitados:                                     16,382,CHILIBROSTE,ESC PROV B QUINQUELA MARTIN SANTA FE S/N,2,7853,7854,612
26,Establecimientos Habilitados:                                     16,384,PUEBLO ITALIANO,ESC.PROV.V.LOPEZ Y PLANES BUENOS AIRES 414,5,7855,7859,1580
26,Establecimientos Habilitados:                                     16,385,ESCALANTE,ESC.M.C.G.DE MATOCCIA ITALIA 1.320,4,7860,7863,1361
26,Establecimientos Habilitados:                                     16,386,GOULD,ESC R VERA PEÑALOZA GOULD,2,7864,7865,665
26,Establecimientos Habilitados:                                     16,387,IDIAZABAL,ESC P ALBARRACIN DE SARMIENTO 9 DE JULIO 551,5,7866,7870,1464
26,Establecimientos Habilitados:                                     16,389,LABORDE,INST SUP DE PROFESORADO SAN MARTIN 451,7,7871,7877,2338
26,Establecimientos Habilitados:                                     16,389,LABORDE,ESCUELA PROV DARDO ROCHA LABORDE,8,7878,7885,2667
26,Establecimientos Habilitados:                                     16,390,MONTE LEÑA,ESC.PROV.D.F.SARMIENTO CARDO 146,2,7886,7887,517
26,Establecimientos Habilitados:                                     16,391,MONTE MAIZ,INSTITUTO SAGRADO CORAZON 9 DE JULIO 2.250,13,7888,7900,4438
26,Establecimientos Habilitados:                                     16,391,MONTE MAIZ,ESCUELA JOSE DE SAN MARTIN SAN MARTIN 1.518,6,7901,7906,2046
26,Establecimientos Habilitados:                                     16,392,MORRISON,ESC PROV NIÑAS DE AYOHUMA VICENTE LOPEZ Y PLANES S/N,4,7907,7910,1244
26,Establecimientos Habilitados:                                     16,392,MORRISON,ESC PROV LEOPOLDO LUGONES MORRISON,6,7911,7916,1864
26,Establecimientos Habilitados:                                     16,393,NOETINGER,ESC PROV R E DE SAN MARTIN NOETINGER,5,7917,7921,1685
26,Establecimientos Habilitados:                                     16,393,NOETINGER,ESCUELA LEANDRO N ALEM NOETINGER,8,7922,7929,2692
26,Establecimientos Habilitados:                                     16,394,ORDOÑEZ,ESCUELA AMADEO AUCHTER CALLE 10 N°119,7,7930,7936,2183
26,Establecimientos Habilitados:                                     16,395,PASCANAS,INST GALA ORTIZ FERNANDEZ ESPAÑA 16,5,7937,7941,1523
26,Establecimientos Habilitados:                                     16,395,PASCANAS,ESC MAESTRO J RECALDE PASCANAS,3,7942,7944,912
26,Establecimientos Habilitados:                                     16,396,POSSE,INST DALMACIO VELEZ SARSFIELD BELGRANO 222,11,7945,7955,3718
26,Establecimientos Habilitados:                                     16,396,POSSE,ESC PROV JUANA MANSO DEAN FUNES 346,5,7956,7960,1690
26,Establecimientos Habilitados:                                     16,396,POSSE,INSTITUTO SAN JOSE 9 DE JULIO Y COLON,5,7961,7965,1686
26,Establecimientos Habilitados:                                     16,396A,VILLA LOS PATOS,ESC.PROV.M.SASTRE PUBLICA,1,7966,7966,51
26,Establecimientos Habilitados:                                     16,397,SAN ANTONIO,ESC.PROV.P.PIZZURNO MAESTRO FERNANDEZ 538,5,7967,7971,1422
26,Establecimientos Habilitados:                                     16,397A,CORRAL DEL BAJO,ESCUELA VALENTIN ALSINA CORRAL DEL BAJO,1,7972,7972,61
26,Establecimientos Habilitados:                                     16,400,SAN MARCOS SUD,INST JOSE DE SAN MARTIN SAN MARCOS SUD,4,7973,7976,1301
26,Establecimientos Habilitados:                                     16,400,SAN MARCOS SUD,ESC PROV M BUCHARDO SAN MARCOS SUD,4,7977,7980,1300
26,Establecimientos Habilitados:                                     16,401,SANTA MARIA,ESC PROV PAULA ALBARRACIN PUBLICA S/N,1,7981,7981,197
26,Establecimientos Habilitados:                                     16,402,VIAMONTE,INSTITUTO JUAN B ALBERDI AVELLANEDA 182,5,7982,7986,1542
