seccion_nro,seccion_name,circuito_nro,circuito_name,escuela,cant_mesas,desde,hasta,tipo_mesas,electores
1,Capital,1,SECCIONAL PRIMERA,"ESC NUESTRA SEÑORA DEL HUERTO - CALLE BELGRANO 269,CENTRO - CORDOBA",8,1,8,Mixto,2748
1,Capital,1,SECCIONAL PRIMERA,"ESC NACIONAL DE MONSERRAT - OBISPO TREJO 294,CENTRO - CORDOBA",9,9,17,Mixto,3101
1,Capital,1,SECCIONAL PRIMERA,"ESC SANTA TERESA DE JESUS - CALLE OBISPO TREJO Y SANABRIA 160,CAPITAL - CORDOBA",8,18,25,Mixto,2750
1,Capital,1,SECCIONAL PRIMERA,"INST INMACULADO CORAZON DE MARIA - CALLE ROSARIO DE SANTA FE 540,CAPITAL - CORDOBA",9,26,34,Mixto,3086
1,Capital,1,SECCIONAL PRIMERA,"INST SEC MONSEÑOR DE ANDREA - VELEZ SARSFIELD 232,CENTRO - CORDOBA",4,35,38,Mixto,1374
1,Capital,1,SECCIONAL PRIMERA,ESC    SAN JOSE - INDEPENDENCIA 302 - CORDOBA,8,39,46,Mixto,2746
1,Capital,1,SECCIONAL PRIMERA,"ESC NACIONAL DE MONSERRAT - OBISPO TREJO 294,CENTRO - CORDOBA",3,9058,9060,Ext Mixto,1006
1,Capital,2,SECCIONAL SEGUNDA,"ESC JUAN BAUTISTA ALBERDI - GENERAL PAZ 488,CENTRO - CORDOBA",6,47,52,Mixto,2072
1,Capital,2,SECCIONAL SEGUNDA,"ESC DE LA SAGRADA FAMILIA - TUCUMAN 550,CENTRO - CORDOBA",6,53,58,Mixto,2069
1,Capital,2,SECCIONAL SEGUNDA,"ESC SANTA INFANCIA - RIVADAVIA 725,CENTRO - CORDOBA",6,59,64,Mixto,2066
1,Capital,3,SECCIONAL TERCERA,"IPEM N°138 JERONIMO LUIS DE CABRERA - SANTA ROSA 650,ALBERDI - CORDOBA",9,65,73,Mixto,3147
1,Capital,3,SECCIONAL TERCERA,"IPEM N° 270 GRAL M BELGRANO - DEAN FUNES 850,ALBERDI - CORDOBA",8,74,81,Mixto,2797
1,Capital,3,SECCIONAL TERCERA,"ESC SANTO TOMAS - CASEROS 745,ALBERDI - CORDOBA",8,82,89,Mixto,2795
1,Capital,3,SECCIONAL TERCERA,ESC NORMAL ALEJANDRO CARBO - AV COLON 951 - CORDOBA,8,90,97,Mixto,2794
1,Capital,3,SECCIONAL TERCERA,"ESC MARIANO MORENO - SANTA ROSA ESQ SANTA FE 1299,CAPITAL - CORDOBA",9,98,106,Mixto,3144
1,Capital,3,SECCIONAL TERCERA,"ESC SALESIANO PIO X - 9 DE JULIO 1008,CAPITAL - CORDOBA",8,107,114,Mixto,2791
1,Capital,3,SECCIONAL TERCERA,"IPET N° 247 ING CARLOS CASSAFFOUSTH - DEAN FUNES 1509,CAPITAL - CORDOBA",8,115,122,Mixto,2790
1,Capital,4,NUEVA CORDOBA,"INST SUPERIOR ALBERTO LEGUIZAMON - CONCEPCION ARENAL 1177,NUEVA CORDOBA - CORDOBA",8,123,130,Mixto,2802
1,Capital,4,NUEVA CORDOBA,"ESC NACIONAL DEAN FUNES - PERU 10,NUEVA CORDOBA - CORDOBA",8,131,138,Mixto,2796
1,Capital,4,NUEVA CORDOBA,"IPET N°66 DR JOSE A BALSEIRO - HIPOLITO YRIGOYEN 258,NUEVA CORDOBA - CORDOBA",8,139,146,Mixto,2800
1,Capital,4,NUEVA CORDOBA,"ESC GDOR ALVAREZ - CONCEPCION ARENAL 699,ROGELIO MARTINEZ - CORDOBA",8,147,154,Mixto,2797
1,Capital,4,NUEVA CORDOBA,"FAC DE CIENCIAS ECONOMICAS - AV VALPARAISO CDAD UNIVERSITARIA ,CAPITAL - CORDOBA",8,155,162,Mixto,2789
1,Capital,4,NUEVA CORDOBA,"ESC GABRIEL TABORIN - AV.SABATTINI 359 ,CAPITAL - CORDOBA",8,163,170,Mixto,2789
1,Capital,4,NUEVA CORDOBA,"IPEM N° 38 FRANC. PABLO DE MAURO - WENCESLAO PAUNERO ESQ ARENAL S/N,ROGELIO MARTINEZ - CORDOBA",7,171,177,Mixto,2436
1,Capital,4,NUEVA CORDOBA,"ESC. DOMINGO ZIPOLI - MAESTRO LOPEZ S/N ,B° N CORDOBA CAPITAL - CORDOBA",7,178,184,Mixto,2441
1,Capital,4A,PUEBLO LAS FLORES,"ESC ERNESTO BANCALARI - VICTORIANO MONTERROSO 4597,GENERAL ARTIGAS - CORDOBA",7,185,191,Mixto,2427
1,Capital,4A,PUEBLO LAS FLORES,"ESC ALMAFUERTE - CHANETON 390,B°SAN FERNANDO CAPIT - CORDOBA",7,192,198,Mixto,2425
1,Capital,4A,PUEBLO LAS FLORES,"ESC COM R ECHEGOYEN - J I DIAZ 200,B°EJERCITO ARGENTINO - CORDOBA",8,199,206,Mixto,2776
1,Capital,4A,PUEBLO LAS FLORES,"ESC SAN FRANCISCO DE ASIS - GUARDADO 184,B°LAS FLORES -CAP - CORDOBA",8,207,214,Mixto,2774
1,Capital,4A,PUEBLO LAS FLORES,"ESC DE LAS AMERICAS - RIMINI - 626,B°KENNEDY -CAPITAL - CORDOBA",7,215,221,Mixto,2430
1,Capital,4A,PUEBLO LAS FLORES,"ESC DANTE ALIGHIERI - JOSE JAVIER DIAZ 421,B°IPONA CAPITAL - CORDOBA",8,222,229,Mixto,2777
1,Capital,4A,PUEBLO LAS FLORES,"ESC SAN PATRICIO - VALPARAISO 4140,JARDIN HIPODROMO - CORDOBA",7,230,236,Mixto,2425
1,Capital,4B,VILLA REVOL,"ESC PARROQUIAL CRISTO REDENTOR - JUSTINIANO POSSE - 864,B°JARDIN-CAPITAL - CORDOBA",7,237,243,Mixto,2443
1,Capital,4B,VILLA REVOL,"ESC ING MASJOAN - P.L.DE CABRERA ESQ.TANTI 3070,B° V REVOL-CAPITAL - CORDOBA",8,244,251,Mixto,2795
1,Capital,4B,VILLA REVOL,"ESC NICOLAS BERROTARAN - ELIAS YOFRE - 1095,B°JARDIN-CAPITAL - CORDOBA",8,252,259,Mixto,2797
1,Capital,4B,VILLA REVOL,"INST EDUC NTRA SEÑORA - INCA MANCO - 3450,B°JARDIN ESPINOSA - CORDOBA",8,260,267,Mixto,2793
1,Capital,4B,VILLA REVOL,"ESC JOVENES ARGENTINOS - BOTAFOGO 3448,JARDIN ESPINOSA - CORDOBA",6,268,273,Mixto,2094
1,Capital,4B,VILLA REVOL,"ESC JOCKEY CLUB CORDOBA - VALPARAISO 3589,JARDIN HIPODROMO - CORDOBA",7,274,280,Mixto,2437
1,Capital,4C,INAUDI,"ESC SAN JOSE DE CALASANZ - PIZARRO ESQ. NIVOLI ,INAUDI CAPITAL - CORDOBA",7,281,287,Mixto,2404
1,Capital,4C,INAUDI,"IPEN N° 310- PUERTO ARGENTINO - LUDUEÑA Y SARGENTO RIOS ,B°INAUDICAPITAL - CORDOBA",8,288,295,Mixto,2740
1,Capital,4D,VILLA EUCARISTICA,"ESC VILLA EUCARISTICA - CNO A SAN CARLOS KM.5 1/2 ,B°V EUCARISTICA CAP - CORDOBA",10,296,305,Mixto,3337
1,Capital,4E,NUESTRO HOGAR III,"ESC.DR ALBERT BRUCE SABIN - DDE.CMO.S.ANTONIO KM 7 1/21KM.AL O. ,B°NUESTRO HOGAR III - CORDOBA",8,306,313,Mixto,2725
1,Capital,4E,NUESTRO HOGAR III,"J DE INFANTES ALBERT BRUCE SABIN - CALLE PUBLIA-POSTA DE VARGAS S/N,NUESTRO HOGAR 3 - CORDOBA",2,314,315,Mixto,682
1,Capital,4F,CIUDAD OBISPO ANGELELLI,"ESC.OSCAR RAUL MALVASIO - PUBLICA S/N MANZANA 49 ,B°OBISPO ANGELELLI - CORDOBA",11,316,326,Mixto,3630
1,Capital,5,ALTAMIRA,"ESC ESPAÑA - M BRAVO Y ENTRE RIOS ,B° ACOSTA CAPITAL - CORDOBA",11,327,337,Mixto,3808
1,Capital,5,ALTAMIRA,"ESC GRECIA - PEDERNERA 952,B°ALTAMIRA - CORDOBA",11,338,348,Mixto,3803
1,Capital,5,ALTAMIRA,"ESC PANAMERICANA - SOTO - 919,B° ACOSTA-CAPITAL - CORDOBA",10,349,358,Mixto,3465
1,Capital,5,ALTAMIRA,"ESC ESTANISLAO DEL CAMPO - ESTADOS UNIDOS Y RIO 1° 1208,B° ALTAMIRA CAPITAL - CORDOBA",7,359,365,Mixto,2422
1,Capital,5A,COLONIA LOLA,"ESC MUNICIPAL A GASTALDI - S JERONIMO/ALMAGRO 5550,B° COLONIA LOLA - CORDOBA",6,366,371,Mixto,2046
1,Capital,5A,COLONIA LOLA,"ESC ELENA LOPEZ LALLANA - AGUSTIN GARZON 5600,B°MIRALTA CAPITAL - CORDOBA",10,372,381,Mixto,3393
1,Capital,5B,DEAN FUNES,"ESC 9 DE JULIO - JOSE A CABRERA° 5051,DEAN FUNES - CORDOBA",6,382,387,Mixto,1807
1,Capital,5C,EMPALME,"ESC PROVINCIA DE LA RIOJA - JUNIN 3480,B°MIRADOR CAPITAL - CORDOBA",8,388,395,Mixto,2765
1,Capital,5C,EMPALME,"ESC VICTOR MERCANTE - CAUCETE 4008,B°EMPALME CAPITAL - CORDOBA",8,396,403,Mixto,2775
1,Capital,5C,EMPALME,"ESC JUAN M DE PUEYRREDON - ANCASTI 4555,B°EMPALME CAPITAL - CORDOBA",8,404,411,Mixto,2769
1,Capital,5C,EMPALME,"INST FRAY JUSTO STA MARÍA DE ORO - CALLAO 2320,B°1 DE MAYO CAPITAL - CORDOBA",8,412,419,Mixto,2768
1,Capital,5C,EMPALME,"IPEM N° 400 LOPEZ LALLANA - CORRIENTES 5583,B°PALADINI - CORDOBA",5,420,424,Mixto,1736
1,Capital,5C,EMPALME,"INST PRIVADO EMPALME - LAS ARRIAS 4073,EMPALME - CORDOBA",8,425,432,Mixto,2766
1,Capital,5C,EMPALME,"INST PRIVADO DEAN FUNES - ROSALES ESQUINA CANGALLO 1888,1° DE MAYO - CORDOBA",7,433,439,Mixto,2420
1,Capital,5D,MALDONADO,"ESC CANONIGO PIÑERO - MARTIN C MALDONADO CAMPO LA RIVERA ,CAPITAL - CORDOBA",8,440,447,Mixto,2790
1,Capital,5D,MALDONADO,"ESC MARTIN DE GÜEMES - OBPO CASTELLANOS 256,B°MULLER-CAPITAL - CORDOBA",8,448,455,Mixto,2785
1,Capital,5D,MALDONADO,"IPETYM N°133 DR FLORENCIO ESCARDO - CAMPO LA RIBERA ,CAPITAL - CORDOBA",9,456,464,Mixto,3133
1,Capital,5D,MALDONADO,"IPEM N° 184-M.FRAGUEIRO - OB.CASTELLANO 945,B°MULLER CAPITAL - CORDOBA",10,465,474,Mixto,3482
1,Capital,5E,VILLA BUSTOS,"ESC TTE GRAL P RICCHIERI - BENJAMIN VIEL 2387,B°V BUSTOS CAPITAL - CORDOBA",6,475,480,Mixto,1948
1,Capital,5E,VILLA BUSTOS,"IPEM N° 136 DR ALFREDO PALACIOS - CALINGASTA (ESQ TULUMBA) 5800,VILLA BUSTOS - CORDOBA",7,481,487,Mixto,2265
1,Capital,5F,RENACIMIENTO,"ESC M COOPERATIVISMO ARGENTINO - M BRAVO Y PJE.MATHEU 5030,B°RENACIMIENTO - CORDOBA",8,488,495,Mixto,2673
1,Capital,5F,RENACIMIENTO,"IPEM N° 114 ARTURO JAURECHE - CALLAO ESQ SAN JERONIMO S/N,ACOSTA - CORDOBA",7,496,502,Mixto,2336
1,Capital,5G,SAN VICENTE,"ESC SANTA MARGARITA DE CORTONA - LOPEZ Y PLANES 2958,B°S VICENTE CAPITAL - CORDOBA",8,503,510,Mixto,2793
1,Capital,5G,SAN VICENTE,"ESC DGO F SARMIENTO - LOPEZ Y PLANES 2253,B°S VICENTE CAPITAL - CORDOBA",8,511,518,Mixto,2794
1,Capital,5G,SAN VICENTE,"ESC PTE RIVADAVIA - AGUSTIN GARZON 1563,B°SVICENTE CAPITAL - CORDOBA",8,519,526,Mixto,2794
1,Capital,5G,SAN VICENTE,"ESC MARIA IGNACIA NAVARRO DE L - CORRIENTES 2006,B°S VICENTE CAPITAL - CORDOBA",7,527,533,Mixto,2449
1,Capital,5G,SAN VICENTE,"ESC A F AVALOS - SARGENTO CABRAL 1153,B°S VICENTE CAPITAL - CORDOBA",6,534,539,Mixto,2095
1,Capital,5G,SAN VICENTE,"ESC SAN ANTONIO DE PADUA - SAN JERONIMO 2051,B°S VICENTE CAPITAL - CORDOBA",6,540,545,Mixto,2090
1,Capital,5H,VILLA BOEDO,"ESC. MADRE MARIA DEL TRANSITO - MANZANA 7 ,B° VILLA BOEDO - CORDOBA",6,546,551,Mixto,2086
1,Capital,5I,COLINAS DEL SUR,"ESC HEROES DE MALVINAS - C/PUBLICA S/N (CNO VILLA POSSE) ,B° CIUDAD EVITA - CORDOBA",8,552,559,Mixto,2675
1,Capital,5I,COLINAS DEL SUR,"ESC.PTE. JUAN D.PERÓN - MANZANA 47 ,B° V CIUDAD EVITA - CORDOBA",8,560,567,Mixto,2668
1,Capital,6,ALTO GRAL PAZ,"ESC TENIENTE GRAL ARAMBURU - GARIBALDI 710,B°ALTO GRAL PAZ - CORDOBA",9,568,576,Mixto,2974
1,Capital,6,ALTO GRAL PAZ,"ESC SAN RAMON NONATO - AVDA PATRIA 282,B°ALTO GRAL PAZ - CORDOBA",8,577,584,Mixto,2647
1,Capital,6A,BAJADA DE PIEDRA,"ESC MUNICIPAL DR A SOBRAL - PUBLICA S/N° ,B°SANGRE Y SOL - CORDOBA",2,585,586,Mixto,368
1,Capital,6B,CHACRA DE LA MERCED,"ESC VAN GELDEREN - CNO CHACRA DE LA MERCED KM 6 1/2 ,CAPITAL - CORDOBA",1,587,587,Mixto,239
1,Capital,6C,GRAL PAZ,"ESC RAMON J CARCANO - VIAMONTE 446,B°GRAL.PAZ CAPITAL - CORDOBA",8,588,595,Mixto,2760
1,Capital,6C,GRAL PAZ,"ESC NORMAL GARZON AGULLA - VIAMONTE 150,B°GRAL.PAZ CAPITAL - CORDOBA",8,596,603,Mixto,2759
1,Capital,6C,GRAL PAZ,"ESC SGO DE LAS CARRERAS - 24 DE SETIEMBRE 1088,B°GRAL.PAZ CAPITAL - CORDOBA",5,604,608,Mixto,1723
1,Capital,6C,GRAL PAZ,"IPET N°10 COM MARTIN RIVADAVIA - 25 DE MAYO ESQ ROMA 1500,B°GRAL.PAZ CAPITAL - CORDOBA",8,609,616,Mixto,2755
1,Capital,6C,GRAL PAZ,"ESC PIAS - 24 DE SETIEMBRE 1265,B°GRAL.PAZ CAPITAL - CORDOBA",7,617,623,Mixto,2407
1,Capital,6D,JUNIORS,"ESC GABRIELA MISTRAL - LEONOR DE TEJEDA 1353,B°JUNIORS CAPITAL - CORDOBA",7,624,630,Mixto,2341
1,Capital,6D,JUNIORS,"ESC IPEM N°181 BRIGADIER GRAL CORNELIO SAAVEDRA - ARENALES Y LA PLATA 900,B°JUNIORS CAPITAL - CORDOBA",8,631,638,Mixto,2677
1,Capital,6D,JUNIORS,"ESC NUEVO SIGLO - 25 DE MAYO 1040,JUNIORS - CORDOBA",5,639,643,Mixto,1674
1,Capital,6E,LA FLORESTA SUD,"ESC TRANSITO CACERES DE ALLEND - C/CHACRA DE LA MERCED KM 9 Y 1/2 ,CAPITAL - CORDOBA",4,644,647,Mixto,1385
1,Capital,6E,LA FLORESTA SUD,"ESC NORMAL QUARTINO - JUAN SALVADOR SANCHEZ 1601,LA FLORESTA SUR - CORDOBA",4,648,651,Mixto,1391
1,Capital,6F,YAPEYU,"ESC R GÜIRALDES - 24 DE SETIEMBRE 2400,B°YAPEYU CAPITAL - CORDOBA",12,652,663,Mixto,4079
1,Capital,6F,YAPEYU,"ESC GDOR AMADEO SABATTINI - GERMANIA 5665,B°YAPEYU CAPITAL - CORDOBA",12,664,675,Mixto,4070
1,Capital,7,AEROPUERTO,"ESC JORGE NEWBERY (CIRC 7F) - MATIENZO 5895,BARRIO JORGE NEWBERY - CORDOBA",1,676,676,Mixto,124
1,Capital,7A,GUIÑAZU,"IPEM N° 22 JUAN FILLOY - CALLE DE LA CUECA 0,B°ALICIA RISLER - CORDOBA",6,677,682,Mixto,2072
1,Capital,7A,GUIÑAZU,"ESC UNESCO - JUAN B JUSTO/AV N SRA D LOS MILAGROS 0,B° GUIÑAZU - CORDOBA",8,683,690,Mixto,2767
1,Capital,7A,GUIÑAZU,"ESC GREGORIA MATORRAS DE SAN MARTIN - AV JUAN B JUSTO 8400,MARIA LASTENIA - CORDOBA",6,691,696,Mixto,2076
1,Capital,7B,ALTA CORDOBA,"ESC MANUEL LUCERO - MANUEL LUCERO 560,B°ALTA CORD CAPITAL - CORDOBA",8,697,704,Mixto,2802
1,Capital,7B,ALTA CORDOBA,"ESC PCIA DE ENTRE RIOS - TRAFALGAR 845,B°ALTA CORD CAPITAL - CORDOBA",8,705,712,Mixto,2796
1,Capital,7B,ALTA CORDOBA,"INST CORAZON DE MARIA - A DEL VISO 445,B°ALTA CORD CAPITAL - CORDOBA",8,713,720,Mixto,2798
1,Capital,7B,ALTA CORDOBA,"ESC NTRA SRA DEL CARMEN - BARTOLOME ARGENSOLA 670,B°ALTA CORDOBA - CORDOBA",8,721,728,Mixto,2799
1,Capital,7B,ALTA CORDOBA,"INST NUESTRA MADRE DE LA MERCE - M FRAGUEIRO 2389,B°ALTA CORD CAPITAL - CORDOBA",8,729,736,Mixto,2800
1,Capital,7B,ALTA CORDOBA,"INST MANUEL LUCERO - LAVALLEJA 2257,B°ALTA CORD CAPITAL - CORDOBA",8,737,744,Mixto,2799
1,Capital,7B,ALTA CORDOBA,"INST EDUCATIVO ALTA CORDOBA - CALLE JUJUY 2602,ALTA CORDOBA - CORDOBA",8,745,752,Mixto,2798
1,Capital,7B,ALTA CORDOBA,IPEM N° 122 DIEGO GOMEZ CASCO - MARIANO FRAGUEIRO 3017 - CORDOBA,7,753,759,Mixto,2445
1,Capital,7C,CNO. A PAJAS BLANCAS,"ESC J NEWBERY - ALBERTO MACIAS 451,B°J NEWBERY CAPITAL - CORDOBA",1,760,760,Mixto,15
1,Capital,7D,COFICO,"ESC PTE SARMIENTO - R SAENZ PEÑA 1211,B°COFICO CAPITAL - CORDOBA",12,761,772,Mixto,4103
1,Capital,7D,COFICO,"ESC PCIA DE FORMOSA - RODRIGUEZ PEÑA 1548,B°COFICO CAPITAL - CORDOBA",8,773,780,Mixto,2734
1,Capital,7D,COFICO,"ESC. GARCIA FAURE - JERONIMO LUIS DE CABRERA 834,B°COFICO CAPITAL - CORDOBA",9,781,789,Mixto,3068
1,Capital,7E,MARQUES DE SOBREMONTE,"ESC HONORATO LACONI - T DE IROBI 557,B°M DE SOBREMONTE - CORDOBA",12,790,801,Mixto,4127
1,Capital,7E,MARQUES DE SOBREMONTE,"ESC PETER PAN - P DE GUZMAN 131,B°M DE SOBREMONTE - CORDOBA",12,802,813,Mixto,4132
1,Capital,7E,MARQUES DE SOBREMONTE,"J DE INFANTES B.RIVADAVIA - NUFLO DE AGUILAR 541,CAPITAL - CORDOBA",2,814,815,Mixto,687
1,Capital,7E,MARQUES DE SOBREMONTE,"ESC JOSE LUIS SERSIC - PEREZ CORREA 1500,B° M DE SOBREMONTE - CORDOBA",8,816,823,Mixto,2754
1,Capital,7E,MARQUES DE SOBREMONTE,"IPEM N° 338 DR SALVADOR MAZZA - FRANCISCO SUAREZ 3760,B°M SE SOBREMONTE - CORDOBA",8,824,831,Mixto,2750
1,Capital,7E,MARQUES DE SOBREMONTE,IPEM N° 20 RODOLFO WALSH - BARRAGAN- MARQUEZ DE SOBREMONTE 450 - CORDOBA,8,832,839,Mixto,2751
1,Capital,7F,JORGE NEWBERY,"ESC JORGE NEWBERY - ALBERTO MACIAS 451,B°NEWBERY CAPITAL - CORDOBA",9,840,848,Mixto,3150
1,Capital,7F,JORGE NEWBERY,"ESC NACIONES UNIDAS - CORTADA 8 S/N ,B°R.DE ESCALADA CAP - CORDOBA",9,849,857,Mixto,3153
1,Capital,7F,JORGE NEWBERY,"IPEM N° 121 PAEZ MOLINA - ORIGONE ESQ CAROLA LORENZINI ,B°J LUIS DE CABRERA - CORDOBA",5,858,862,Mixto,1749
1,Capital,7G,PANAMERICANO,"ESC GOBERNADOR MANUEL LOPEZ - URQUIZA 4800,IPV ANEXO-M FRAGUEIRO - CORDOBA",7,863,869,Mixto,2438
1,Capital,7G,PANAMERICANO,"ESC ARTURO CAPDEVILA - AVELLANEDA 4100,B°M.FRAGUEIRO CAPIT - CORDOBA",8,870,877,Mixto,2773
1,Capital,7G,PANAMERICANO,"ESC FRANCISCO VIDAL - MARCOS INFANTES 560,B° PANAMERICANO CAP - CORDOBA",8,878,885,Mixto,2781
1,Capital,7G,PANAMERICANO,"IPEM N° 199 ""JUAN EMILIO REMONDA"" - SOSA REVELLO 590,B° FRAGUEIRO CAPITAL - CORDOBA",6,886,891,Mixto,2079
1,Capital,7G,PANAMERICANO,"IPEN N° 336 ADOLFO CASTELO - FRAGUEIRO 4915,CAPITAL - CORDOBA",8,892,899,Mixto,2777
1,Capital,8,LA FLORESTA NORTE,"ESC JUANA AZURDUY - CALLE PUBLICA S/N,B° ZEPA A - CORDOBA",3,900,902,Mixto,713
1,Capital,8A,PALMAR,"ESC EMILIO E SANCHEZ - ANTONIO MACHONI 1700,CAPITAL - CORDOBA",8,903,910,Mixto,2630
1,Capital,8A,PALMAR,"ESC RABINDRANATH TAGORE - OCARINA 1613,VILLA CLAUDINA - CORDOBA",5,911,915,Mixto,1657
1,Capital,8B,PUEYRREDON,"ESC FRAY J A DE SAN ALBERTO - ESQUIU 1340,B° PUEYRREDON CAPIT - CORDOBA",5,916,920,Mixto,1722
1,Capital,8B,PUEYRREDON,"INST OBISPO CAIXAL - ANA M JANER 1250,B°PUEYRREDON CAPITAL - CORDOBA",8,921,928,Mixto,2757
1,Capital,8B,PUEYRREDON,"ESC DEAN FUNES - ANA M JANER 1551,B°PUEYRREDON CAPITAL - CORDOBA",8,929,936,Mixto,2760
1,Capital,8B,PUEYRREDON,"INST SAGRADO CORAZON - ROMA 1153,B° PUEYRREDON CAPITAL - CORDOBA",8,937,944,Mixto,2763
1,Capital,8B,PUEYRREDON,"ESC ROBLES - PADRE LUIS MONTI 1850,B°PUEYRREDON - CORDOBA",8,945,952,Mixto,2764
1,Capital,8B,PUEYRREDON,"INST SAGRADA FAMILIA - BUCHARDO 1675,B°PUEYRREDON CAPITAL - CORDOBA",8,953,960,Mixto,2758
1,Capital,8B,PUEYRREDON,"INST SEC J J DE URQUIZA - PADRE L MONTI 2734,B°PUEYRREDON CAPITAL - CORDOBA",7,961,967,Mixto,2416
1,Capital,8B,PUEYRREDON,"ESC PROF JOSE HERNANDEZ - COCHABAMBA 3200,B°PUEYRREDON CAPITAL - CORDOBA",5,968,972,Mixto,1723
1,Capital,8C,VILLA LOS PINOS,"ESC TRINIDAD MORENO(IPEM 174) - EDUARDO SAN MARTIN 1282,B°YOFRE SUD CAPITAL - CORDOBA",8,973,980,Mixto,2752
1,Capital,8C,VILLA LOS PINOS,"ESC ALMIRANTE BROWN - SAN MARTIN S/N° ,B°YOFRE SUD - CORDOBA",8,981,988,Mixto,2742
1,Capital,8C,VILLA LOS PINOS,"ESC ANTARTIDA ARGENTINA - PDRE L MONTI 3689,B°V.LOS PINOS CAPIT - CORDOBA",8,989,996,Mixto,2743
1,Capital,9,ESCOBAR,"ESC PROVINCIA DE CORRIENTES - DOMINGO ZIPOLI 1358,B°ESCOBAR CAPITAL - CORDOBA",8,997,1004,Mixto,2683
1,Capital,9,ESCOBAR,"INST ESCUTI - NAZARET - 3399,B°LAS ROSAS CAPITAL - CORDOBA",9,1005,1013,Mixto,3020
1,Capital,9A,LA FRANCE,"ESC MAHATMA GANDHI - TALAVERA DE MADRID 3261,B°LA FRANCE CAPITAL - CORDOBA",7,1014,1020,Mixto,2368
1,Capital,9A,LA FRANCE,"ESC PQUIAL C NAMUNCURA - DIAGUITAS 3314,B° LA FRANCE CAPITAL - CORDOBA",7,1021,1027,Mixto,2370
1,Capital,9B,LAS MARGARITAS,"ESC RICARDO ROJAS (IPEM 35) - J.LOPEZ 2050,B°ALTOS DE V CABRERA - CORDOBA",7,1028,1034,Mixto,2414
1,Capital,9B,LAS MARGARITAS,"ESC CONGRESO DE TUCUMAN - H MALVINO 2772,B°LAS MARGARITAS - CORDOBA",6,1035,1040,Mixto,2070
1,Capital,9B,LAS MARGARITAS,"ESC MIGUEL RODRIGUEZ DE LA TORRE - LA GRANJA 3199,B°ALTO VERDE CAPITAL - CORDOBA",9,1041,1049,Mixto,3098
1,Capital,9C,LOS PARAISOS,"ESC IPEM N° 155 DE COMERCIO J J PASO - PLATON 3030,B°ZUMARAN CAPITAL - CORDOBA",8,1050,1057,Mixto,2769
1,Capital,9C,LOS PARAISOS,"ESC FERMIN LAFITTE - FCO VALLE 2443,B°LOS PARAISOS CAPIT - CORDOBA",9,1058,1066,Mixto,3115
1,Capital,9C,LOS PARAISOS,"ESC JUVENILIA - ARISTOTELES 3160,B°ZUMARAN CAPITAL - CORDOBA",7,1067,1073,Mixto,2421
1,Capital,9C,LOS PARAISOS,"ESC PCIA DE MISIONES - FIRPO 2254,B°ZUMARAN - CORDOBA",9,1074,1082,Mixto,3114
1,Capital,9C,LOS PARAISOS,"ESC MUNIC MUTUALISMO ARGENTINO - A ARCOS - 3157,B°SARGENTO CABRAL - CORDOBA",6,1083,1088,Mixto,2072
1,Capital,9D,POETA LUGONES,"ESC EL SALVADOR - ROMULO CARBIA 2757,B° P LUGONES CAPITAL - CORDOBA",8,1089,1096,Mixto,2748
1,Capital,9D,POETA LUGONES,"ESC LEOPOLDO LUGONES - LESPADA Y GALVEZ 2820,B°P LUGONES CAPITAL - CORDOBA",8,1097,1104,Mixto,2744
1,Capital,9D,POETA LUGONES,"J DE INFANTES LEOPOLDO LUGONES - LESPADA Y GALVEZ ,B°P LUGONES CAPITAL - CORDOBA",2,1105,1106,Mixto,687
1,Capital,9D,POETA LUGONES,"IPEM N° 198 MARTIN FERREYRA - JOAQUIN CAMAÑO Y BAZAN 4750,POETA LUGONES - CORDOBA",9,1107,1115,Mixto,3085
1,Capital,9E,PROVIDENCIA,"ESC PTE HIPOLITO YRIGOYEN - CASTRO BARROS 802,B°SAN MARTIN CAPITAL - CORDOBA",8,1116,1123,Mixto,2694
1,Capital,9E,PROVIDENCIA,IPEM N° 103 ESTEBAN ECHEVERRIA - COLOMBRES 900 - CORDOBA,7,1124,1130,Mixto,2354
1,Capital,9F,SAN MARTIN,"ESC ANTONIO DEL VISO - SAAVEDRA 619,B°SAN MARTIN CAPITAL - CORDOBA",10,1131,1140,Mixto,3464
1,Capital,9F,SAN MARTIN,"INST INMACULADA CONCEPCION - CASTRO BARROS 1316,B°BAJO GALAN CAPITAL - CORDOBA",11,1141,1151,Mixto,3794
1,Capital,9F,SAN MARTIN,"ESC J DE SAN MARTIN - CERRITO Y GALAN 660,B°SAN MARTIN CAPITAL - CORDOBA",7,1152,1158,Mixto,2416
1,Capital,9F,SAN MARTIN,"ESC NTRA SEÑORA DE LA MERCED - ZELAYA 140,B°SAN MARTIN CAPITAL - CORDOBA",8,1159,1166,Mixto,2762
1,Capital,9F,SAN MARTIN,"ESC EJERCITO DE LOS ANDES - PIROVANO Y GUIDO ,B°SAN MARTIN CAPITAL - CORDOBA",7,1167,1173,Mixto,2411
1,Capital,9G,VILLA CABRERA,"INST PEÑA - CIUDAD DE TAMPA 2954,B°VILLA CABRERA CAPI - CORDOBA",9,1174,1182,Mixto,3114
1,Capital,9G,VILLA CABRERA,"ESC PRESIDENTE KENNEDY - JULIAN PAZ 1851,B°VILLA CABRERA CAPT - CORDOBA",7,1183,1189,Mixto,2416
1,Capital,10,BELLA VISTA,"ESC ROQUE SAENZ PEÑA - AV VELEZ SARSFIELD 1000,B°GUEMES CAPITAL - CORDOBA",8,1190,1197,Mixto,2787
1,Capital,10,BELLA VISTA,"INST EDUCACION CORDOBA - MARTIN FERREYRA 216,B°COL DE V SARSFIELD - CORDOBA",8,1198,1205,Mixto,2794
1,Capital,10,BELLA VISTA,"E.N.E.T. N°1 DR A SABATTINI - AV VELEZ SARSFIELD 1490,B°GUEMES CAPITAL - CORDOBA",8,1206,1213,Mixto,2794
1,Capital,10,BELLA VISTA,"ESC MANUEL BELGRANO - SUECIA 2832,PQUE VELEZ SARSFIELD - CORDOBA",8,1214,1221,Mixto,2794
1,Capital,10,BELLA VISTA,"ESC HUGO WAST - SGO CACERES 2099,B°CACERES CAPITAL - CORDOBA",8,1222,1229,Mixto,2793
1,Capital,10,BELLA VISTA,"ESC DR CARLOS VAZ FERREIRA - FUENCARRAL Y ZARRAGA ,B° BELLA VISTA - CORDOBA",8,1230,1237,Mixto,2792
1,Capital,10,BELLA VISTA,"ESC ARZOBISPO CASTELLANO - RODRIGUEZ DE LA TORRE SUAREZ 1383,CAPITAL - CORDOBA",4,1238,1241,Mixto,1393
1,Capital,10A,CABILDO,"ESC MUN YAMAHIRIA ARABE LIBIA - COLORADO ESQ GAIMAN ,B° CABILDO CAPITAL - CORDOBA",8,1242,1249,Mixto,2743
1,Capital,10A,CABILDO,"IPEM N°311 PABLO GAITAN - ISHUAIA 2150,CABILDO - CORDOBA",7,1250,1256,Mixto,2394
1,Capital,10B,CIUDADELA,"ESC PCIA DE CATAMARCA - AV VELEZ SARSFIELD 3582,B°LAS FLORES CAPITAL - CORDOBA",8,1257,1264,Mixto,2766
1,Capital,10B,CIUDADELA,"ESC REPUBLICA DE SIRIA - TRAFUL 908,B° PQUE ATLANTICA - CORDOBA",6,1265,1270,Mixto,2077
1,Capital,10B,CIUDADELA,"ESC GDOR J B BUSTOS - CACHEUTA Y BRANDAN- ,B° ALTO VELEZ SARSFI - CORDOBA",7,1271,1277,Mixto,2419
1,Capital,10B,CIUDADELA,"IPEM N°120 REPUBLICA DE FRANCIA - AV ANTOLIN TORRES 3530,RESIDENCIAL VELEZ SARSFIELD - CORDOBA",7,1278,1284,Mixto,2414
1,Capital,10B,CIUDADELA,"IPEM N°250 DR JUAN BIALET MASSE - AV ARMADA ARGENTINA 287,B° LAS FLORES - CORDOBA",6,1285,1290,Mixto,2068
1,Capital,10C,COMERCIAL,"ESC ALEJANDRO CARBO - ICHO CRUZ 80,B° COMERCIAL CAPITAL - CORDOBA",15,1291,1305,Mixto,5102
1,Capital,10C,COMERCIAL,"ESC MUNIC AZOR GRIMAUT - SOBREMONTE 6100,B°COMERCIAL CAPITAL - CORDOBA",7,1306,1312,Mixto,2376
1,Capital,10D,CONGRESO,"ESC MUNIC REPUBLICA DE ITALIA - REALICO 2250,B°CONGRESO CAPITAL - CORDOBA",8,1313,1320,Mixto,2614
1,Capital,10D,CONGRESO,"IPEM N° 183""PEDRO B.PALACIOS"" - REALICO - 2407,B°CONGRESO CAPITAL - CORDOBA",5,1321,1325,Mixto,1632
1,Capital,10E,ESTACION FLORES,"ESC CADETES FUERZA AEREA - LEOPOLDO CASAVEGA 2320,VILLA ADELA CAPITAL - CORDOBA",9,1326,1334,Mixto,3151
1,Capital,10E,ESTACION FLORES,"ESC PADRE BURON - AVIADOR MIRA 2658,B°VILLA ADELA CAPITA - CORDOBA",8,1335,1342,Mixto,2796
1,Capital,10E,ESTACION FLORES,"J DE INFANTES CADETES FUERZA AEREA - LEOPOLDO CASAVEGA 2320,B° VILLA ADELA - CORDOBA",2,1343,1344,Mixto,697
1,Capital,10E,ESTACION FLORES,"ESC ALAS ARGENTINAS - BONN 4627,B°ESTACION FLORES - CORDOBA",10,1345,1354,Mixto,3496
1,Capital,10E,ESTACION FLORES,"ESC MUNIC CESAR E ROMERO - AV ROSARIO DEL DORADO 6052,B°SACCHI CAPITAL - CORDOBA",7,1355,1361,Mixto,2452
1,Capital,10E,ESTACION FLORES,"IPEM N°171 BRIGADIER JUAN I SAN MARTIN - ESMERALDA 4983,VILLA ADELA - CORDOBA",7,1362,1368,Mixto,2445
1,Capital,10F,MATIENZO,"ESC AERONAUTICA ARGENTINA - ESMERALDA ESQ DIAZ DE LA FUENTE ,B°MATIENZO CAPITAL - CORDOBA",8,1369,1376,Mixto,2775
1,Capital,10F,MATIENZO,"ESC NUESTRA SEÑORA DE FATIMA - VARELA ORTIZ 2600,B°MATIENZO CAPITAL - CORDOBA",8,1377,1384,Mixto,2771
1,Capital,10F,MATIENZO,"ESC REPUBLICA ARGENTINA - VARELA ORTIZ 2112,B°AMEGHINO(S)CAPITAL - CORDOBA",6,1385,1390,Mixto,2072
1,Capital,10F,MATIENZO,"ESC MIGUEL A ZAVALA ORTIZ - DIAZ DE LA FUENTE 3101,B° MATIENZO CAPITAL - CORDOBA",8,1391,1398,Mixto,2769
1,Capital,10F,MATIENZO,"IPET N° 383 - LOS NOGALES 3710,MATIENZO - CORDOBA",8,1399,1406,Mixto,2761
1,Capital,10G,OBSERVATORIO,"IPET N° 249 NICOLAS COPERNICO - MARIANO MORENO 551,B°OBSERVATORIO CAP - CORDOBA",10,1407,1416,Mixto,3469
1,Capital,10G,OBSERVATORIO,"ESC EE UU DE NORTEAMERICA - LA PAMPA 550,B°PASO DE LOS ANDES - CORDOBA",8,1417,1424,Mixto,2782
1,Capital,10G,OBSERVATORIO,"ESC NUESTRA SEÑORA DE NIEVA - AYACUCHO 442,B° GUEMES CAPITAL - CORDOBA",9,1425,1433,Mixto,3123
1,Capital,10G,OBSERVATORIO,"ESC ADOLFO SALDIAS - BOLIVAR 896,B°GUEMES CAPITAL - CORDOBA",8,1434,1441,Mixto,2775
1,Capital,10G,OBSERVATORIO,"INST PARROQUIAL SANTO CRISTO - DOMINGO FUNES 1180,OBSERVATORIO - CORDOBA",9,1442,1450,Mixto,3125
1,Capital,10G,OBSERVATORIO,"INST ADOLFO BIOY CASARES - ANGELO PEREDO 1572,CUPANI - CORDOBA",8,1451,1458,Mixto,2777
1,Capital,10G,OBSERVATORIO,"ESC ESPECIAL DRA CAROLINA A MOSCA - BRASIL ESQ BELGRANO S/N,B° GUEMES - CORDOBA",8,1459,1466,Mixto,2770
1,Capital,10H,PARQUE CAPITAL,"ESC GDOR EMILIO OLMOS - AV FUERZA AEREA 2229,B° PQUE CAPITAL - CORDOBA",8,1467,1474,Mixto,2804
1,Capital,10H,PARQUE CAPITAL,"ESC R ESCALADA DE SAN MARTIN - ESPORA 2283,B°ROSEDAL CAPITAL - CORDOBA",8,1475,1482,Mixto,2804
1,Capital,10H,PARQUE CAPITAL,"ESC MUNIC DR SANTIAGO DEL CASTILLO - OCTAVIANO NAVARRO 2575,B°AMPL ROSEDAL CAPT - CORDOBA",7,1483,1489,Mixto,2451
1,Capital,10H,PARQUE CAPITAL,"IPEM N° 154 MARTIN M DE GUEMES - O NAVARRO 2751,ROSEDAL ANEXO CAPIT - CORDOBA",6,1490,1495,Mixto,2092
1,Capital,10H,PARQUE CAPITAL,"INST RAMON GARCIA MARTINEZ - GABRIELA MISTRAL S/N,MARIANO BALCARCE - CORDOBA",6,1496,1501,Mixto,2097
1,Capital,10I,PARQUE HORIZONTE,"ESC PRIMARIA ELPIDIO TORRES - CALLE PUBLICA S/N ,SMATA I CAPITAL - CORDOBA",7,1502,1508,Mixto,2423
1,Capital,10I,PARQUE HORIZONTE,"INST. SAN JOSE ARTESANO - HUILICHES 1021,B° LOS OLMOS CAPITAL - CORDOBA",7,1509,1515,Mixto,2425
1,Capital,10I,PARQUE HORIZONTE,"IPEM N° 357 JOSE CAMPELLONE - CALLE PUBLICA S/N ,SMATA I CAPITAL - CORDOBA",8,1516,1523,Mixto,2769
1,Capital,10I,PARQUE HORIZONTE,"ESC. YAPEYU - OSTIA 4200,IRUPE CAPITAL - CORDOBA",5,1524,1528,Mixto,1731
1,Capital,10I,PARQUE HORIZONTE,"ESC JORGE VOCOS LEZCANO - AV ARMADA ARGENTINA 845,PARQUE LATINO CAPIT - CORDOBA",6,1529,1534,Mixto,2074
1,Capital,10J,SANTA ISABEL,"ESC BANDERA ARGENTINA - CASADO 2118,B° SANTA ISABEL 1SEC - CORDOBA",8,1535,1542,Mixto,2753
1,Capital,10J,SANTA ISABEL,"ESC DON ORIONE - J.B.COTTOLENGO 1955,CAPITAL - CORDOBA",8,1543,1550,Mixto,2745
1,Capital,10J,SANTA ISABEL,"ESC MUNIC FERNANDEZ ORDOÑEZ - CASA BLANCA ESQ ISLA VERDE 2DA SECC ,CAPITAL - CORDOBA",7,1551,1557,Mixto,2406
1,Capital,10J,SANTA ISABEL,"ESC.OSVALDO JORGE LEON - COLORADO ESQ CATAMARCA ,BºSANTA ISABEL 2SECC - CORDOBA",8,1558,1565,Mixto,2740
1,Capital,10J,SANTA ISABEL,"IPEM N°9 ERNESTO CHE GUEVARA - ALTO DEL TALA 5698,SANTA ISABEL 2° SECCION - CORDOBA",5,1566,1570,Mixto,1717
1,Capital,10K,VICOR,"ESC BENITO SORIA - BARBADOS Y HAITI 3200,B°PARQUE FUTURA - CORDOBA",7,1571,1577,Mixto,2404
1,Capital,10K,VICOR,"ESC PRIVADA SAN ISIDRO - ARMADA ARGENTINA 3648,B°PARQUE FUTURA - CORDOBA",4,1578,1581,Mixto,1369
1,Capital,10K,VICOR,ESC DEL BICENTENARIO - CALLE PUBLICA-HEROES DE MALVINA S/N - CORDOBA,6,1582,1587,Mixto,2056
1,Capital,10K,VICOR,"IPEM N°376 NELSON MANDELA - CALLE PUBLICA S/N,VICOR - CORDOBA",4,1588,1591,Mixto,1370
1,Capital,10L,VILLA EL LIBERTADOR,"IPEM N° 360-PROF EDGAR TOLEDO - DEFENSA Y CACHEUTA S/N,B° VILLA EL LIBERTADOR - CORDOBA",6,1592,1597,Mixto,2102
1,Capital,10L,VILLA EL LIBERTADOR,"ESC PROV DE SGO DEL ESTERO - PABLO DE MAURO 558,VILLA EL LIBERTADOR - CORDOBA",8,1598,1605,Mixto,2805
1,Capital,10L,VILLA EL LIBERTADOR,"ESC MARTA JUANA GONZALEZ - DEFENSA Y CACHEUTA 1091,B° VILLA EL LIBERTADOR - CORDOBA",9,1606,1614,Mixto,3141
1,Capital,10L,VILLA EL LIBERTADOR,"ESC MUNIC ALICIA MOREAU DE JUS - PILCOMAYO Y DEFENSA ESQ C IBARRA ,B°VILLA LIBERTADOR - CORDOBA",8,1615,1622,Mixto,2795
1,Capital,10L,VILLA EL LIBERTADOR,"ESC PTE DR ARTURO U ILLIA - TOTORAL Y ARICA ,B°SANTA ROSA CAPITAL - CORDOBA",11,1623,1633,Mixto,3851
1,Capital,10L,VILLA EL LIBERTADOR,"INST   SAN JOSE OBRERO - ARANI Y PJE. 17 ,B°VILLA LIBERTADOR - CORDOBA",6,1634,1639,Mixto,2095
1,Capital,10L,VILLA EL LIBERTADOR,"ESC VICENTE FORESTIERI - RIO NEGRO Y FRANCISCO DE MAURO S/N,VILLA EL LIBERTADOR - CORDOBA",9,1640,1648,Mixto,3145
1,Capital,10L,VILLA EL LIBERTADOR,"IPEM N° 123 BLANCA ETCHEMENDY - IBARRA ESQUINA COSQUIN S/N,B°VILLA EL LIBERTADOR - CORDOBA",10,1649,1658,Mixto,3494
1,Capital,10L,VILLA EL LIBERTADOR,"ESC PATRICIAS MENDOCINAS - IBARRA ESQ FORESTIERI ,VILLA EL LIBERTADOR - CORDOBA",7,1659,1665,Mixto,2446
1,Capital,10L,VILLA EL LIBERTADOR,"IPET N°313 DR PABLO MIRIZZI - AV VIÑA DEL MAR 4910,VILLA LIBERTADOR - CORDOBA",4,1666,1669,Mixto,1397
1,Capital,10M,AMPLIACION CABILDO,"ESC PRIMARIA GRACIELA DEL RIO - PUBLICA S/N 0,B°AMPLIACION CABILDO - CORDOBA",9,1670,1678,Mixto,2862
1,Capital,10M,AMPLIACION CABILDO,"J DE INFANTES GRACIELA DEL RIO - CALLE PUBLICA S/N,AMPLIACION CABILDO - CORDOBA",1,1679,1679,Mixto,319
1,Capital,11,AERONAUTICO,"ESC ISABEL LA CATOLICA - SUBOF OTANO S/N° ,B°AERONAUTICO CAPIT - CORDOBA",8,1680,1687,Mixto,2718
1,Capital,11,AERONAUTICO,"IPEM N°296 AMANCIO WILLIAMS - ATILIO CATTANEO 5899,VILLA UNION - CORDOBA",7,1688,1694,Mixto,2371
1,Capital,11A,ALTO ALBERDI,"ESC PQUIAL SAN JOSE - VELEZ 252,B°A ALBERDI CAPITAL - CORDOBA",8,1695,1702,Mixto,2757
1,Capital,11A,ALTO ALBERDI,"IPEM N°160 COMERCIO HIPOLITO VIEYTES - CASEROS Y VIEYTES 185,B°A ALBERDI CAPITAL - CORDOBA",8,1703,1710,Mixto,2766
1,Capital,11A,ALTO ALBERDI,"ESC BLAS PARERA - MONS DE ANDREA 1044,B°A ALBERDI CAPITAL - CORDOBA",7,1711,1717,Mixto,2416
1,Capital,11A,ALTO ALBERDI,"ESC SAN JOSE - CASEROS 3055,B°A ALBERDI CAPITAL - CORDOBA",8,1718,1725,Mixto,2758
1,Capital,11A,ALTO ALBERDI,"ESC SAN LUIS GONZAGA - SANTA ROSA 2035,B°A ALBERDI CAPITAL - CORDOBA",8,1726,1733,Mixto,2756
1,Capital,11A,ALTO ALBERDI,"ESC DALMACIO VELEZ SARSFIELD - COLON 2295,B°A ALBERDI CAPITAL - CORDOBA",8,1734,1741,Mixto,2758
1,Capital,11A,ALTO ALBERDI,"ESC HAROLDO ANDENMATTEN - CORONEL PEDRO ZANNI 930,VILLA PAEZ - CORDOBA",8,1742,1749,Mixto,2762
1,Capital,11A,ALTO ALBERDI,"ESC JOSE MARIA PAZ - AV COLON 2772,B°A ALBERDI CAPITAL - CORDOBA",9,1750,1758,Mixto,3101
1,Capital,11A,ALTO ALBERDI,"ESC GDOR JUAN I DE SAN MARTIN - ENFERMERA CLERMONT 1225,B!°VILLA PAEZ CAPIT - CORDOBA",3,1759,1761,Mixto,1032
1,Capital,11B,DON BOSCO,"INST TECNICO DON BOSCO (IPEM 39 ) - J VESPIGNANI 251,B°DON BOSCO CAPITAL - CORDOBA",8,1762,1769,Mixto,2706
1,Capital,11B,DON BOSCO,"ESC ANTARTIDA ARGENTINA - CAMINO A LA CALERA S/N KM 6 ,B°GENERAL DEHEZA - CORDOBA",8,1770,1777,Mixto,2704
1,Capital,11B,DON BOSCO,ESC MARK TWAIN - SARGENTO1°RENE P BLANCO S/N - CORDOBA,5,1778,1782,Mixto,1687
1,Capital,11C,LAS PALMAS,"ESC GRAL SAN MARTIN - AV COLON 4751,B°AMPL LAS PALMAS - CORDOBA",8,1783,1790,Mixto,2784
1,Capital,11C,LAS PALMAS,"ESC MANUEL E PIZARRO - DUARTE QUIROS 4325,B°LAS PALMAS CAPITAL - CORDOBA",8,1791,1798,Mixto,2778
1,Capital,11C,LAS PALMAS,"ESC MUNIC JUSTO PAEZ MOLINA - QUEBRACHO HERRADO Y YAVI ,B°AMPL LAS PALMAS - CORDOBA",7,1799,1805,Mixto,2430
1,Capital,11C,LAS PALMAS,"IPEM N° 42 MARCELA B. MOYANO COUDERT - DUARTE QUIROS 3947,B°LAS PALMAS CAPITAL - CORDOBA",7,1806,1812,Mixto,2430
1,Capital,11C,LAS PALMAS,"ESC ESP BLANCA ESTELA FEIT - DON BOSCO 3950,LAS PALMAS - CORDOBA",5,1813,1817,Mixto,1738
1,Capital,11C,LAS PALMAS,"IPEM N° 131 DR JUAN MARTIN ALLENDE - GREGORIO LUNA Y CARDENAS 3854,RENE FAVALORO - CORDOBA",6,1818,1823,Mixto,2084
1,Capital,11D,LOS NARANJOS,"INST JESUS MARIA - VIEYTES SUD 1635,B°LOS NARANJOS CAPIT - CORDOBA",8,1824,1831,Mixto,2736
1,Capital,11D,LOS NARANJOS,"ESC REPUBLICA DEL PERU - GOYENA Y GOMEZ CARRILLO ,LOS NARANJOS CAPITAL - CORDOBA",8,1832,1839,Mixto,2735
1,Capital,11D,LOS NARANJOS,"ESC SANTISIMA TRINIDAD - BLAMEY LAFORE - 1248,B°SAN RAFAEL B.CAPIT - CORDOBA",7,1840,1846,Mixto,2392
1,Capital,11D,LOS NARANJOS,"ESC NUESTRA SEÑORA DE LORETO - GOMEZ CARRILLO 2559,B°LOS NARANJOS CAPIT - CORDOBA",8,1847,1854,Mixto,2728
1,Capital,11D,LOS NARANJOS,"IPEM N° 185 PERITO MORENO - BLAMEY LAFORE 1259,SAN RAFAEL - CORDOBA",5,1855,1859,Mixto,1705
1,Capital,11E,LOS PLATANOS,"ESC B DE MONTEAGUDO - SAN LUIS - 3450,B°LOS PLATANOS CAPIT - CORDOBA",9,1860,1868,Mixto,3147
1,Capital,11E,LOS PLATANOS,"ESC JOSE MARMOL - AV LOS PLATANOS 1346,B°L PLATANOS CAPITAL - CORDOBA",8,1869,1876,Mixto,2804
1,Capital,11E,LOS PLATANOS,"ESC A CAPDEVILA - ALBERTO WILLIAMS ESQ.LOS PLATANOS ,B°LOS PLATANOS CAPIT - CORDOBA",7,1877,1883,Mixto,2453
1,Capital,11E,LOS PLATANOS,"ESC PADRE T GAMBINO - ISEAS 1550,B°LOS GRANADOS CAPIT - CORDOBA",8,1884,1891,Mixto,2802
1,Capital,11E,LOS PLATANOS,"ESC DE EDU ESP CKARI CAY - COMECHINGONES 1359,LOS PLATANOS - CORDOBA",7,1892,1898,Mixto,2454
1,Capital,11E,LOS PLATANOS,"ESC.MUNIC.DR.CARLOS BECERRA - GAONA 1283,B° LOS PLATANOS - CORDOBA",7,1899,1905,Mixto,2440
1,Capital,11F,LOS ROBLES,"IPEM N° 205 HUGO PALLADINO - 27 DE ABRIL 5300,B°SAN IGNACIO - CORDOBA",8,1906,1913,Mixto,2760
1,Capital,11F,LOS ROBLES,"ESC SAN BUENAVENTURA - AV DON BOSCO 5001,B° ALTO DE SANTA ANA - CORDOBA",10,1914,1923,Mixto,3444
1,Capital,11F,LOS ROBLES,"ESC BATERIA LIBERTAD - POTRERILLO Y VENTA Y MEDIA ,B°TEODORO FELS - CORDOBA",8,1924,1931,Mixto,2756
1,Capital,11G,PARQUE REPUBLICA,"ESC PRIMER TTE AVILA - QUINCHAN 1070,B°PQUE REPUBLICA - CORDOBA",8,1932,1939,Mixto,2774
1,Capital,11G,PARQUE REPUBLICA,"J DE INFANTES TTE. AVILA - ALTO ALEGRE 1079,PARQUE REPUBLICA - CORDOBA",1,1940,1940,Mixto,347
1,Capital,11G,PARQUE REPUBLICA,"ESC PEREZ BULNES - J DE BARRIENTOS ESQ FORMOSA ,B° LAS VIOLETAS - CORDOBA",10,1941,1950,Mixto,3452
1,Capital,11G,PARQUE REPUBLICA,"ESC ATILIO ARGÜELLO - LLANQUELEN 5100,B°PARQUE REPUBLICA - CORDOBA",9,1951,1959,Mixto,3119
1,Capital,11G,PARQUE REPUBLICA,"IPEM N°41 JORGE LUIS BORGES - ALTO ALEGRE/NAMUNCURA 1071,PQUE REPUBLICA - CORDOBA",8,1960,1967,Mixto,2765
1,Capital,11G,PARQUE REPUBLICA,"ESC CURACA LINO ACEVEDO - PUBLICA ESQ DOCENTES ARGENTINOS ,B°LOS ROBLES -CAPIT - CORDOBA",8,1968,1975,Mixto,2764
1,Capital,11H,QUEBRADA LAS ROSAS,"ESC GABRIELA MISTRAL - 27 DE ABRIL 5650,B°QUEB DE LAS ROSAS - CORDOBA",8,1976,1983,Mixto,2769
1,Capital,11H,QUEBRADA LAS ROSAS,"ESC REPUBLICA DE VENEZUELA - BOYERO - 517,B°CHATEAU CARRERAS - CORDOBA",8,1984,1991,Mixto,2769
1,Capital,11H,QUEBRADA LAS ROSAS,"INST   SAN PEDRO APOSTOL - AV. DEL PIAMONTE S/N,CHATEAU CARRERAS - CORDOBA",4,1992,1995,Mixto,1388
1,Capital,11I,RESIDENCIAL SAN ROQUE,"ESC MUNIC LUZ VIEIRA MENDEZ - ABEL N DE CHAVEZ ,B°RES SAN ROQUE CAP - CORDOBA",9,1996,2004,Mixto,3147
1,Capital,11I,RESIDENCIAL SAN ROQUE,"ESC MAURO FERNANDEZ - AVIADOR ALBARRACIN 4227,B°RES SAN ROQUE CAP - CORDOBA",8,2005,2012,Mixto,2795
1,Capital,11I,RESIDENCIAL SAN ROQUE,"ESC.REPUBLICA DEL ECUADOR - HURTADO DE MENDOZA ESQ PEDRO ACUÑA ,B° SAN ROQUE - CORDOBA",8,2013,2020,Mixto,2794
1,Capital,11I,RESIDENCIAL SAN ROQUE,"IPEM N° 129 HEROES DE MALVINAS - AV PETTIROSSI ESQ NOBILE 1050,B°V MARTINEZ CAPITAL - CORDOBA",6,2021,2026,Mixto,2103
1,Capital,11I,RESIDENCIAL SAN ROQUE,"IPEM N° 321 BRIG JUAN M DE ROSAS - CAMILOTTI ESQ SANTIBAÑEZ 4300,B°SAN ROQUE CAPITAL - CORDOBA",9,2027,2035,Mixto,3149
1,Capital,11I,RESIDENCIAL SAN ROQUE,"ESC AGUIRRE CAMARA - SANTA ANA ESQ AVIADOR PETIROSSI ,B°VILLA LOS FILTROS - CORDOBA",8,2036,2043,Mixto,2787
1,Capital,11J,SANTA ANA,"ESC GENERAL MOSCONI - ROBIN FERREYRA 2324,B°ALTO ALBERDI - CORDOBA",6,2044,2049,Mixto,2097
1,Capital,11J,SANTA ANA,"ESC ROMA - ECHEVERRIA 370,B°ALTO ALBERDI CAPIT - CORDOBA",11,2050,2060,Mixto,3840
1,Capital,11J,SANTA ANA,"ESC LUTERANO CONCORDIA - SANTA ANA 2011,B°ALTO ALBERDI CAPI - CORDOBA",9,2061,2069,Mixto,3140
1,Capital,11J,SANTA ANA,"ESC SAN JOSE - SOL DE MAYO 726,B°ALTO ALBERDI - CORDOBA",9,2070,2078,Mixto,3136
1,Capital,11J,SANTA ANA,"IPEM N°10 ROMA - PADRE LOZANO 375,ALTO ALBERDI - CORDOBA",8,2079,2086,Mixto,2793
1,Capital,11J,SANTA ANA,"ESC REPUBLICA DE MEXICO - RIO NEGRO 486,CASEROS - CORDOBA",6,2087,2092,Mixto,2095
1,Capital,11K,VILLA GRAL URQUIZA,"ESC EJERCITO ARGENTINO - LA RIOJA - 3453,B°V SIBURU CAPITAL - CORDOBA",9,2093,2101,Mixto,3070
1,Capital,11K,VILLA GRAL URQUIZA,"ESC MUNIC EMILIO BAQUERO LAZCANO - HUMBERTO 1° ESQ IROS ,B°VILLA URQUIZA CAPI - CORDOBA",7,2102,2108,Mixto,2393
1,Capital,11K,VILLA GRAL URQUIZA,"ESC MUNIC JUAN B JUSTO - INT RAMON B MESTRE S/N ,B°SIBURU CAPITAL - CORDOBA",5,2109,2113,Mixto,1713
1,Capital,11K,VILLA GRAL URQUIZA,"ESC MADRE PAULA MONTAL - HUMBTO PRIMO Y FALUCHO ,B°V ALBERDI CAPITAL - CORDOBA",7,2114,2120,Mixto,2394
1,Capital,11K,VILLA GRAL URQUIZA,"IPEM N° 318 COMBATE DE LA TABLADA - LA TABLADA 4861,B°V.URQUIZA CAPITAL - CORDOBA",7,2121,2127,Mixto,2384
1,Capital,11L,COUNTRYS DEL OESTE,"INST.MARIA DE NAZARETH - LOS ALAMOS 1111,B° LA RUFINA - CORDOBA",9,2128,2136,Mixto,3122
1,Capital,11M,VALLE ESCONDIDO,"ESC.S TURISMO Y HOT.M.PACHECO - AV.CARCANO 3590,PREDIO FERIAR - CORDOBA",6,2137,2142,Mixto,2064
1,Capital,11M,VALLE ESCONDIDO,"INST VILLADA - AV REPUBLICA DE CHINA S/N ,B° VALLE ESCONDIDO - CORDOBA",6,2143,2148,Mixto,2064
1,Capital,11M,VALLE ESCONDIDO,INST DOMINGO SAVIO - AV RAMON CARCANO 75 - CORDOBA,8,2149,2156,Mixto,2748
1,Capital,12,AVELLANEDA,"ESC JUAN XXIII - BENAVIDEZ Y CONESA - ,B°LOS SAUCES CAPITAL - CORDOBA",8,2157,2164,Mixto,2804
1,Capital,12,AVELLANEDA,"ESC CONSTANCIO C VIGIL - J.LLERENA - 5561,B°SAN LORENZO CAPIT - CORDOBA",7,2165,2171,Mixto,2448
1,Capital,12,AVELLANEDA,"ESC MUNIC OSCAR SOTO LOPEZ - LOS CALDENES ESQ LOS ALGARROBOS 5320,B°LOS SAUCES CAPITAL - CORDOBA",7,2172,2178,Mixto,2446
1,Capital,12,AVELLANEDA,"ESC HEROES DE MALVINAS - DAGUERRE 5100,ALMIRANTE BROWN - CORDOBA",7,2179,2185,Mixto,2443
1,Capital,12A,CARCANO,"ESC.PROF.M.LUCIANI - 11 DE SEPTIEMBRE ESQ. CALLE 2 4451,B° CARCANO CAPITAL - CORDOBA",10,2186,2195,Mixto,3465
1,Capital,12A,CARCANO,"ESC.MA.DEL TRANSITO CABANILLAS - PASCUAL RUIZ HUIDOBRO ESQ SAN ANDRES 5527,B° EL QUEBRACHO - CORDOBA",8,2196,2203,Mixto,2773
1,Capital,12B,COLON,"ESC RUBEN DARIO - LA CORUÑA Y MONSERRAT 1416,B°CRISOL SUR - CORDOBA",8,2204,2211,Mixto,2804
1,Capital,12B,COLON,"INST NTRA SRA DEL SGDO CORAZON - REVOLUCION DE MAYO 1476,B°CRISOL SUD - CORDOBA",9,2212,2220,Mixto,3149
1,Capital,12B,COLON,"ESC BARTOLOME HIDALGO - TEJEDOR 1958,B°SARMIENTO CAPITAL - CORDOBA",7,2221,2227,Mixto,2451
1,Capital,12B,COLON,"ESC IPEM N° 150 JUAN LARREA - LUIS BRAILE 2273,B°RIVADAVIA CAPITAL - CORDOBA",8,2228,2235,Mixto,2801
1,Capital,12B,COLON,"ESC HILARIO ASCASUBI - LUCIO V.MANSILLA ESQ. CADIZ ,B° COLON - CORDOBA",8,2236,2243,Mixto,2808
1,Capital,12B,COLON,"ESC SAN PABLO APOSTOL - ASTURIAS 1935,B°COLON CAPITAL - CORDOBA",10,2244,2253,Mixto,3495
1,Capital,12B,COLON,"INST MANUEL BELGRANO - LUIS BRAILE 2384,B°RIVADAVIA CAPITAL - CORDOBA",8,2254,2261,Mixto,2789
1,Capital,12B,COLON,"ESC DR LUIS A CAEIRO - ORTIZ Y HERRERA 1932,B°INDUSTRIAL - CORDOBA",5,2262,2266,Mixto,1746
1,Capital,12C,CORONEL OLMEDO,"ESC CORONEL OLMEDO - ALTOLAGUIRRE 4060,B°CNEL OLMEDO CAPIT - CORDOBA",7,2267,2273,Mixto,2406
1,Capital,12C,CORONEL OLMEDO,"IPEM N°124.ADELA ROSA DE LA VEGA - AV IDELFONSO MUÑECAS ,B°CORONEL OLMEDO - CORDOBA",7,2274,2280,Mixto,2402
1,Capital,12D,JOSE IGNACIO DIAZ,"ESC MONSEÑOR M DE ANDREA - 17 DE JULIO 3980,B° FVRO MITRE - CORDOBA",8,2281,2288,Mixto,2787
1,Capital,12D,JOSE IGNACIO DIAZ,"ESC PEDRO GOYENA - PJE GUASTONI 3472,B°CORRAL DE PALOS - CORDOBA",10,2289,2298,Mixto,3487
1,Capital,12D,JOSE IGNACIO DIAZ,"ESC MUNICIPAL DR A SABATTINI - DIEGO DE PACHECO 4900,B°SAN FELIPE CAPITAL - CORDOBA",8,2299,2306,Mixto,2779
1,Capital,12D,JOSE IGNACIO DIAZ,"ESC MUNIC DR ARTURO H ILLIA - CHIRINO DE POSADAS ESQ.MAGUNA 2755,B° JOSE I DIAZ 3SECC - CORDOBA",8,2307,2314,Mixto,2775
1,Capital,12D,JOSE IGNACIO DIAZ,"ESC MUNIC DOMINGO F SARMIENTO - ABARCA Y VELAZCO 5267,B°JOSE I DIAZ - CORDOBA",7,2315,2321,Mixto,2431
1,Capital,12D,JOSE IGNACIO DIAZ,"CENTRO.ING.REGINO M.MADERS - CHIRINO DE POSADAS 5400,B°JOSE I DIAZ - CORDOBA",8,2322,2329,Mixto,2781
1,Capital,12D,JOSE IGNACIO DIAZ,"IPEM N° 19 POETA OSCAR GUIÑAZU ALVAREZ - ASTURIAS 3300,B° FERROVIARIO MITRE - CORDOBA",8,2330,2337,Mixto,2775
1,Capital,12D,JOSE IGNACIO DIAZ,"IPEM N° 309 (FUENTEALBA) - CALLE PUBLICA 0,B° VIPRO CAPITAL - CORDOBA",6,2338,2343,Mixto,2083
1,Capital,12D,JOSE IGNACIO DIAZ,"ESC. MARIA EVA DUARTE - CALLE PUBLICA (CNO 60 CUAD KM3) ,FAMILIAS UNIDAS - CORDOBA",9,2344,2352,Mixto,3130
1,Capital,12D,JOSE IGNACIO DIAZ,"IPEM N°11 ALBERTO PIO AUGUSTO COGNIGNI - JUAN DE OLANO 2700,JOSE IGNACIO DIAZ 3ª SECCION - CORDOBA",9,2353,2361,Mixto,3130
1,Capital,12E,FERREYRA,"ESC LIBERTADOR GRAL S MARTIN - SGO MORALES 4400,B°FERREYRA CAPITAL - CORDOBA",8,2362,2369,Mixto,2715
1,Capital,12E,FERREYRA,"IPEM N°312 DALMACIO VELEZ SARSFIELD - CIPRIANO PERELLO 4747,FERREYRA - CORDOBA",8,2370,2377,Mixto,2703
1,Capital,12F,JOSE HERNANDEZ,"ESC MUNIC E MOLINARI ROMERO - PAMPAYASTA Y RUMIPAL ,B°OÑA CAPITAL - CORDOBA",8,2378,2385,Mixto,2799
1,Capital,12F,JOSE HERNANDEZ,"ESC MUNIC BRIG JUAN I DE S MAR - BRAGADO/TRENQUE LAUQUEN ,B° J.HERNANDEZ CAPIT - CORDOBA",7,2386,2392,Mixto,2448
1,Capital,12F,JOSE HERNANDEZ,"ESC GRAL MANUEL BELGRANO - OLAEN Y AMBOY - 3230,B°OÑA CAPITAL - CORDOBA",10,2393,2402,Mixto,3499
1,Capital,12F,JOSE HERNANDEZ,"ESC EJERCITO ARGENTINO - CASTAÑARES - 470,B°JARDIN DEL PILAR - CORDOBA",8,2403,2410,Mixto,2800
1,Capital,12F,JOSE HERNANDEZ,"ESC ESPECIAL DR JERONIMO DE MORAGAS - PAMPAYASTA 3180,AMPLIACION SAN CARLOS - CORDOBA",8,2411,2418,Mixto,2803
1,Capital,12F,JOSE HERNANDEZ,"IPEM N°167 JOSE MANUEL ESTRADA - B. DE O HOGGINES 2632,B° VILLA REVOL - CORDOBA",9,2419,2427,Mixto,3145
1,Capital,12F,JOSE HERNANDEZ,"J DE INFANTES DR ERNESTO MOLINARI ROMERO - PAMPAYASTA S/N,PARQUE SAN CARLOS - CORDOBA",2,2428,2429,Mixto,699
1,Capital,12F,JOSE HERNANDEZ,"ESC ADVENTISTA HECTOR RHYS - TANINGA 3152,B° OÑA CAPITAL - CORDOBA",7,2430,2436,Mixto,2441
1,Capital,12G,ITUZAINGO,"ESC PRIMARIA CARLOS M DE ALVEA - VUCETICH 6410,B°ITUZAINGO CAPITAL - CORDOBA",7,2437,2443,Mixto,2434
1,Capital,12G,ITUZAINGO,"ESC EJERCITO ARGENTINO - STEPHENSON Y FULTON 6900,B°ITUZAINGO CAPITAL - CORDOBA",8,2444,2451,Mixto,2790
1,Capital,12G,ITUZAINGO,"ESC SECUNDARIA CARLOS M DE ALV - FARADAY 5721,B°LOS EUCALITUS CAP - CORDOBA",6,2452,2457,Mixto,2087
1,Capital,12G,ITUZAINGO,"ESC DR IGNACIO DUARTE QUIROS - FARADAY 5168,B°ITUZAINGO ANEXO - CORDOBA",6,2458,2463,Mixto,2085
1,Capital,12G,ITUZAINGO,"ESC MUNICIPAL GOB ANTONIO CEBALLOS - JAMES FRANK/VUCETICH 7600,B°ITUZAINGO CAPITAL - CORDOBA",6,2464,2469,Mixto,2082
1,Capital,12H,LOS CERVECEROS,"ESC MADRE TERESA DE CALCUTA - PALAMARA 2900,B° AMPL CERVECEROS - CORDOBA",8,2470,2477,Mixto,2771
1,Capital,12H,LOS CERVECEROS,"IPEM N°319 ROBERTO FONTANARROSA - RAMON VILLAFAÑE 2900,B°CERVECEROS - CORDOBA",9,2478,2486,Mixto,3110
1,Capital,12H,LOS CERVECEROS,"ESC RAUL A FERREYRA - PUBLICA S/N -ALTURA AV O HIGGINS 3500,B° SEP CAPITAL - CORDOBA",8,2487,2494,Mixto,2762
1,Capital,12H,LOS CERVECEROS,"J DE INFANTES RAUL A.FERREYRA - B DE O HIGGINS 3500,B°SEP CAPITAL - CORDOBA",2,2495,2496,Mixto,693
1,Capital,12H,LOS CERVECEROS,ESC DR NICOLAS AVELLANEDA - CAMINO SAN CARLOS KM 4 1/2 S/N - CORDOBA,5,2497,2501,Mixto,1728
1,Capital,12H,LOS CERVECEROS,"ESC JOSE M ESTRADA - AV B DE O HIGGINS KM 8 1/2 ,CAPITAL - CORDOBA",5,2502,2506,Mixto,1729
1,Capital,12I,CIUDAD DE MIS SUEÑOS,"ESC. PRIMARIA MARIA SALEME - RUTA 9 KM 690 ,CIUDAD DE MIS SUEÑOS - CORDOBA",9,2507,2515,Mixto,2893
1,Capital,13,LEANDRO N. ALEM,"ESC PADRE DIEGO DE TORRES - DIAG ICA Y CAMICALTA 1650,B°L.N.ALEN CAPITAL - CORDOBA",8,2516,2523,Mixto,2717
1,Capital,13,LEANDRO N. ALEM,"ESC ARISTOBULO DEL VALLE - M DE JAUREGUI 1657,B°TALLERES E - CORDOBA",8,2524,2531,Mixto,2711
1,Capital,13,LEANDRO N. ALEM,"ESC ASOCIACION DE MAYO - COLOMPREA 1240,B°ALEM CAPITAL - CORDOBA",5,2532,2536,Mixto,1692
1,Capital,13,LEANDRO N. ALEM,"ESC IPEM152 ALEJO C GUZMAN - AV DEL TRABAJO 551,B°L.N.ALEM CAPITAL - CORDOBA",5,2537,2541,Mixto,1691
1,Capital,13A,AYACUCHO,"ESC HENOCH D AGUIAR - J DE OLMEDO 650,B°LOS GIGANTES CAPIT - CORDOBA",8,2542,2549,Mixto,2802
1,Capital,13A,AYACUCHO,"ESC FRANCISCO A RIZZUTO - FDO DE LESSEPS 140,B°CENTRO AMERICA CAP - CORDOBA",8,2550,2557,Mixto,2799
1,Capital,13A,AYACUCHO,"ESC R SANCHEZ DE CALDELARI - ALVAREZ DE LAS CASAS 280,B°AYACUCHO CAPITAL - CORDOBA",8,2558,2565,Mixto,2804
1,Capital,13A,AYACUCHO,"ESC P ALBARRACIN DE SARMIENTO - NERUDA Y ACAMPES ,B°V.AZALAIS OESTE - CORDOBA",10,2566,2575,Mixto,3489
1,Capital,13A,AYACUCHO,"ESC MUNIC DR P CARANDE CARRO - MARTINEZ PAZ 80,B°CENTRO AMERICA CAP - CORDOBA",7,2576,2582,Mixto,2447
1,Capital,13A,AYACUCHO,"ESC LA ALDEA DE PIAGET - FRANCISCO DE TOLEDO 2175,AYACUCHO - CORDOBA",5,2583,2587,Mixto,1750
1,Capital,13B,EL GATEADO,"ESC FLORENCIO SANCHEZ - RUTA 111 KM 12 ,EL GATEADO CAPITAL - CORDOBA",1,2588,2588,Mixto,111
1,Capital,13C,GENERAL BUSTOS,"ESC CAPITAL FEDERAL - MAURICIO YADAROLA 653,B°GRAL BUSTOS CAPIT - CORDOBA",8,2589,2596,Mixto,2789
1,Capital,13C,GENERAL BUSTOS,"ESC CRISTO REY - CURA BROCHERO 753,B°GRAL BUSTOS CAPIT - CORDOBA",8,2597,2604,Mixto,2786
1,Capital,13C,GENERAL BUSTOS,"ESC ALEJO CARMEN GUZMAN - AUGUSTO LOPEZ 643,B°GRAL BUSTOS CAPIT - CORDOBA",8,2605,2612,Mixto,2779
1,Capital,13C,GENERAL BUSTOS,"ESC HORTUS CONCLUSUS - GIANELLI 551,B°GRAL BUSTOS CAPIT - CORDOBA",8,2613,2620,Mixto,2777
1,Capital,13C,GENERAL BUSTOS,"INST DR DALMACIO VELEZ SARSFIELD - ALEJANDRO AGUADO 571,GENERAL BUSTOS - CORDOBA",6,2621,2626,Mixto,2081
1,Capital,13D,JARDIN ARENALES,"ESC MUNIC J GONZALEZ - EL CRESPIN S/N ,B°ARENALES CAPITAL - CORDOBA",5,2627,2631,Mixto,1677
1,Capital,13D,JARDIN ARENALES,"I.P.E.A.N°14 DR CESAR CUESTA CARNERO - EL CRESPIN 3747,JARDIN ARENALES - CORDOBA",4,2632,2635,Mixto,1344
1,Capital,13E,LA DOROTEA,"ESC REPUBLICA DE LA INDIA - CNO MONTE CRISTO KM 5 ,B°V CLAUDINA CAPITAL - CORDOBA",4,2636,2639,Mixto,1354
1,Capital,13F,NUEVA ITALIA,"ESC MODELO RACING - ANTONIO YUDICELLO EX TREDENTINA 2160,B°NUEVA ITALIA - CORDOBA",8,2640,2647,Mixto,2742
1,Capital,13F,NUEVA ITALIA,"ESC SGTO CABRAL - P DE LEDESMA 1755,B°P.M.CRISTO CAPITAL - CORDOBA",8,2648,2655,Mixto,2737
1,Capital,13F,NUEVA ITALIA,"IPEM N°159.ARISTOBULO DEL VALLE - DIAZ COLODRERO 2586,B°VIVERO NORTE - CORDOBA",7,2656,2662,Mixto,2398
1,Capital,13G,PARQUE LICEO,"ESC RICARDO ROJAS - ALFONSINA STORNI ESQ ZORRILLA SM 820,B°LICEO 2SECC.CAPTAL - CORDOBA",8,2663,2670,Mixto,2779
1,Capital,13G,PARQUE LICEO,"ESC ESPIRITU SANTO - ISAAC 4847,PQUE LICEO 1RA SECC - CORDOBA",10,2671,2680,Mixto,3465
1,Capital,13G,PARQUE LICEO,"ESC MUNIC GDOR A ZANICHELLI - STORNI 1300,B°PQUE LICEO 3R SECC - CORDOBA",7,2681,2687,Mixto,2429
1,Capital,13G,PARQUE LICEO,"ESC. PRIMARIA EVA DUARTE - BARTOLOME HIDALGO ESQ AMEGHINO 1050,PQUE LICEO 2DA SECC - CORDOBA",8,2688,2695,Mixto,2781
1,Capital,13G,PARQUE LICEO,IPET N° 351 - MANZANA 31 EL CHINGOLO 2 S/N - CORDOBA,7,2696,2702,Mixto,2427
1,Capital,13G,PARQUE LICEO,"IPEM N°21 ALFONSINA STORNI - BARTOLOME HIDALGO/ATALIVA HERRERA ,PQUE LICEO 2DA SECC - CORDOBA",8,2703,2710,Mixto,2775
1,Capital,13G,PARQUE LICEO,"IPEM N°373 MARIA ELENA WALSH - CALLE PUBLICA MANZANA 9 S/N,VILLA RETIRO DE HORIZONTE III - CORDOBA",6,2711,2716,Mixto,2085
1,Capital,13G,PARQUE LICEO,"ESC MAESTRO MOYANO (EX ESC SIN /N) - CALLE PUBLICA S/N,CHINGOLO I - CORDOBA",5,2717,2721,Mixto,1736
1,Capital,13H,PATRICIOS,"ESC JOSE MARIA PAZ - USANDIVARAS 2254,B°PATRICIOS CAPITAL - CORDOBA",8,2722,2729,Mixto,2781
1,Capital,13H,PATRICIOS,"ESC HIJAS DE MARIA INMACULADA - MADRE BRIGIDA PASTORINO 2733,B° VILLA CORINA - CORDOBA",9,2730,2738,Mixto,3138
1,Capital,13H,PATRICIOS,"ESC PARROQUIAL SAN ROQUE - USANDIVARAS 2050,B° VILLA CORINA CAPI - CORDOBA",8,2739,2746,Mixto,2785
1,Capital,13H,PATRICIOS,"ESC MANUEL BELGRANO - ABRAMO 2545,B°BELGRANO - CORDOBA",8,2747,2754,Mixto,2785
1,Capital,13H,PATRICIOS,"ESC MUNIC DR D LATELLA FRIAS - EUSTAQUI DIAZ VELEZ 2500,B° PATRICIOS ESTE - CORDOBA",6,2755,2760,Mixto,2086
1,Capital,13H,PATRICIOS,"CENTRO EDUC.UNION LATINOAMERICA - MADRE MARIA B PASTORINO 3579,B°PATRICIOS O CAPIT - CORDOBA",11,2761,2771,Mixto,3823
1,Capital,13I,SAN JORGE,"ESC MUNIC JORGE LUIS BORGES - BARRANCA DEL PARANA 3193,B° SAN JORGE - CORDOBA",7,2772,2778,Mixto,2368
1,Capital,13I,SAN JORGE,"ESC MUNIC DR ALFREDO ORGAZ - JULIAN LAGUNA 2600,B°PQUE SAN JORGE II - CORDOBA",7,2779,2785,Mixto,2361
1,Capital,13I,SAN JORGE,"IPEM N° 191 MONSEÑOR ANGELELLI - FEDERICO RAUCH 2790,ARTURO CAPDEVILA - CORDOBA",3,2786,2788,Mixto,1009
1,Capital,13J,VILLA AZALAIS,"ESC A CAPDEVILA/ DR. B HOUSEY - A CAPDEVILA 724,B° V AZALAIS CAPITAL - CORDOBA",8,2789,2796,Mixto,2795
1,Capital,13J,VILLA AZALAIS,"ESC CURA BROCHERO - JAMAICA 967,B°RESID AMERICA CAP - CORDOBA",8,2797,2804,Mixto,2797
1,Capital,13J,VILLA AZALAIS,"ESC GDOR H DEL CASTILLO - GELLY Y OBES 3110,B° V.AZALAIS CAPITAL - CORDOBA",8,2805,2812,Mixto,2798
1,Capital,13J,VILLA AZALAIS,"ESC PARROQUIAL L STUCCHI BAUDO - PAYSANDU 860,B°RESID AMERICA CAP - CORDOBA",8,2813,2820,Mixto,2792
1,Capital,13J,VILLA AZALAIS,"ESC JUSTO PAEZ MOLINA - J MONTAÑO 1350,B°V.AZALAIZ CAPITAL - CORDOBA",9,2821,2829,Mixto,3146
1,Capital,13J,VILLA AZALAIS,"ESC MUNIC J A PAREDES - FCO DEL PRADO 3900,B°V.AZALAIS CAPITAL - CORDOBA",8,2830,2837,Mixto,2785
1,Capital,13J,VILLA AZALAIS,"IPEM N°169 RAFAEL M ESCUTI - PEDRO NAON ,MANZANA 116 LOTE 2,CIUDAD JUAN PABLO II - CORDOBA",8,2838,2845,Mixto,2784
1,Capital,13J,VILLA AZALAIS,"ESC PADRE MUJICA - PEDRO NAON 1120,CIUDAD JUAN PABLO II ANEXO 2 - CORDOBA",8,2846,2853,Mixto,2779
1,Capital,13J,VILLA AZALAIS,"I.P.E.T N° 70 PROF DR HUMBERO DIONISI - AV JUAN B JUSTO 4350,B° V AZALAIS OESTE - CORDOBA",8,2854,2861,Mixto,2789
1,Capital,13J,VILLA AZALAIS,IPEM N°196 ALICIA MOREAU DE JUSTO - JOSE PODESTA 3770 - CORDOBA,6,2862,2867,Mixto,2093
1,Capital,13J,VILLA AZALAIS,"INST AMERICA - FRANCISCO DEL PRADO 2662,VILLA AZALAIS - CORDOBA",6,2868,2873,Mixto,2089
1,Capital,13J,VILLA AZALAIS,"IPEM N°301 MALVINA ROSA QUIROGA - JAMAICA 901,RESIDENCIAL AMERICA - CORDOBA",7,2874,2880,Mixto,2437
1,Capital,13K,VILLA ESQUIU,"IPEM N° 192 DR JOSE RAMON IBAÑEZ - CAPDEVILLA KM 9 1/2 ,B°V.ESQUIU CAPITAL - CORDOBA",8,2881,2888,Mixto,2658
1,Capital,13L,VILLA GRAN PARQUE,"IPEM N° 182 JORGE WASHINGTON ABALOS - AV JUAN B JUSTO RUTA 9 NORTE 8500,CAPITAL - CORDOBA",2,2889,2890,Mixto,456
1,Capital,13M,CAMINO A COLONIA TIROLESA,"ESC OLEGARIO V ANDRADE - CNO SGO DEL ESTERO KM 7 1/2 ,VILLA RETIRO CAPITAL - CORDOBA",2,2891,2892,Mixto,526
1,Capital,13N,YOFRE,"ESC DR ANTONIO NORES - JULIO DE VEDIA 2353,B° STA CLARA DE ASIS - CORDOBA",8,2893,2900,Mixto,2783
1,Capital,13N,YOFRE,"ESC MATEO J LUQUE - JACINTO DE ALTOLAGUIRRE 2089,B°YOFRE NORTE CAP - CORDOBA",8,2901,2908,Mixto,2794
1,Capital,13N,YOFRE,"ESC SOR MARIA A DE PAZ Y FIGUE - ALTOLAGUIRRE E ISASMENDI 2862,B°YOFRE NORTE - CORDOBA",5,2909,2913,Mixto,1742
1,Capital,13O,CHACHAPOYAS,"ESC. CARLOS TAGLE ACHAVAL - CALLE PUBLICA S/N MANZANA 22 ,B°C.DE LOS CUARTETOS - CORDOBA",5,2914,2918,Mixto,1635
1,Capital,14,ARGUELLO,"ESC LA SALLE - AV MARTINOLI 6602,B°ARGUELLO CAPITAL - CORDOBA",8,2919,2926,Mixto,2796
1,Capital,14,ARGUELLO,"ESC ALEMAN - RECTA MARTINOLI Y NEPPER- ,ARGUELLO-CAPITAL - CORDOBA",7,2927,2933,Mixto,2448
1,Capital,14,ARGUELLO,"ESC DEL CARMEN - LA SALLE 6316,B°ARGUELLO CAPITAL - CORDOBA",6,2934,2939,Mixto,2091
1,Capital,14A,ARGUELLO NORTE,"ESC BRIG SAN MARTIN - DOMINGO MARIMON/GABRIEL ORTEGA ,B° AUTODROMO CAPITAL - CORDOBA",9,2940,2948,Mixto,3157
1,Capital,14A,ARGUELLO NORTE,"ESC RICARDO NASSIF - MARTIN FERMIN 7400,B°ARGUELLO NORTE CAP - CORDOBA",8,2949,2956,Mixto,2803
1,Capital,14A,ARGUELLO NORTE,"ESC HUGO LEONELLI - ALBERTO FAGE/JULIO BEJANELE ,B°ARGUELLO LOURDES - CORDOBA",8,2957,2964,Mixto,2807
1,Capital,14A,ARGUELLO NORTE,"ESC MARTHA A SALOTTI - JULIO BEJANELLE 6200,B° ARGUELLO NORTE - CORDOBA",9,2965,2973,Mixto,3158
1,Capital,14A,ARGUELLO NORTE,"IPEM N°18 FEDERICO ANIBAL CUMAR - CALLE PUBLIA S/N,GRANJA DE FUNES II - CORDOBA",8,2974,2981,Mixto,2800
1,Capital,14A,ARGUELLO NORTE,"ESC JAVIER VILLAFAÑE - MANUEL CALVIÑO ESQ MARIMON ,B° AUTODROMO - CORDOBA",8,2982,2989,Mixto,2796
1,Capital,14A,ARGUELLO NORTE,"ESC JORGE RECALDE - CALLE 3 SOL NACIENTE S/N,SOL NACIENTE ARGUELLO - CORDOBA",7,2990,2996,Mixto,2449
1,Capital,14B,ARGUELLO PRIMERO,"ESC MARTIN DE GÜEMES - MONTUFAR Y CORONADO 7126,B°QTAS DE ARGUELLO - CORDOBA",8,2997,3004,Mixto,2708
1,Capital,14B,ARGUELLO PRIMERO,"ESC MUNIC RAUL V MARTINEZ - NILO PECANHA 7750,B°QUINTAS ARGUELLO - CORDOBA",8,3005,3012,Mixto,2707
1,Capital,14B,ARGUELLO PRIMERO,"ESC ELISA KOPSTEIN DE LIVACK - CUIMAN 6543,B°LA SALLE CAPITAL - CORDOBA",5,3013,3017,Mixto,1692
1,Capital,14C,ARGUELLO SEGUNDO,"INST LA INMACULADA - LEON XIII 8626,QUISQUISACATE - CORDOBA",9,3018,3026,Mixto,3139
1,Capital,14C,ARGUELLO SEGUNDO,"ESC ROSARITO VERA PEÑALOZA - VIRACOCHA 6933,EL REFUGIO - CORDOBA",6,3027,3032,Mixto,2095
1,Capital,14D,CERRO DE LAS ROSAS,"IPEM N°162 INGENIERO VICTOR REE - FDO FADER 3821,B°CERRO DE LAS ROSAS - CORDOBA",6,3033,3038,Mixto,1998
1,Capital,14D,CERRO DE LAS ROSAS,"ESC JUAN ZORRILLA DE SAN MARTIN - JOSE E BUSTOS 1875,B°C.DE LAS ROSAS CAP - CORDOBA",6,3039,3044,Mixto,1996
1,Capital,14D,CERRO DE LAS ROSAS,"ESC MADRES ESCOLAPIAS - HUGO WAST 4455,B°C.DE LAS ROSAS CAP - CORDOBA",6,3045,3050,Mixto,1991
1,Capital,14E,CERRO NORTE,"ESC MODESTA RODRIGUEZ - MALALCO 7261,B°UOCRA CAPITAL - CORDOBA",6,3051,3056,Mixto,2016
1,Capital,14E,CERRO NORTE,"ESC NIÑAS DE AYOHUMA - VALERIO BETA 7300,B°ARGUELLO N. CAP - CORDOBA",8,3057,3064,Mixto,2685
1,Capital,14E,CERRO NORTE,"ESC GERONIMO GRAGERA - MOLLEYACO/PAYEN ,B°CERRO NORTE CAP - CORDOBA",6,3065,3070,Mixto,2011
1,Capital,14F,GRANJA DE FUNES,"ESC DR ALEJANDRO GALLARDO - AGUSTIN ALCAIN 6032,B°GRANJA DE FUNES - CORDOBA",11,3071,3081,Mixto,3769
1,Capital,14F,GRANJA DE FUNES,"ESC JAVIER LAZCANO COLODRERO - RAIMUNDO CAPARROZ 7309,B°GRANJA FUNES - CORDOBA",9,3082,3090,Mixto,3076
1,Capital,14G,LOS BOULEVARES,"ESC MUNIC ING MASJOAN - SANTA CATALINA Y LOS SICILIANOS ,B°LOS BOULEVARES CAP - CORDOBA",8,3091,3098,Mixto,2725
1,Capital,14G,LOS BOULEVARES,"ESC JUAN MARIA GUTIERREZ - BV LOS ALEMANES 4180,B° LOS BOULEVARES - CORDOBA",8,3099,3106,Mixto,2725
1,Capital,14G,LOS BOULEVARES,"IPEM N°202 DR LUIS FEDERICO LELOIR - LOS POLACOS 6072,B°VILLA CLARET - CORDOBA",8,3107,3114,Mixto,2722
1,Capital,14G,LOS BOULEVARES,"INST TECNICO INDUSTRIAL ZONA NORTE - BV DE LOS ITALIANOS 6150,LOS BOULEVARES - CORDOBA",5,3115,3119,Mixto,1702
1,Capital,14H,MERCANTIL,"ESC ARTEMIO ARAN - JACINTO YABEN 6500,MERCANTIL/COOP 2 MAY - CORDOBA",10,3120,3129,Mixto,3334
1,Capital,14H,MERCANTIL,"ESC MUNIC MAESTRO M OLIVA - GABRIEL TOMASSINI 6951,B°MERCANTIL CAPITAL - CORDOBA",8,3130,3137,Mixto,2655
1,Capital,14I,SANTA CECILIA,"ESC MAESTROS PUNTANOS - JULIO VIGGIANO ESSAIN 4590,B°A POETA LUGONES - CORDOBA",6,3138,3143,Mixto,2039
1,Capital,14I,SANTA CECILIA,"ESC MUNIC ARSENIO MURUGARREN - PIZARRO Y GRASS ,B°SANTA CECILIA CAP - CORDOBA",6,3144,3149,Mixto,2039
1,Capital,14I,SANTA CECILIA,"ESC PADRE CLARET - AV LA CORDILLERA 4950,B°LA TABLADA CAP - CORDOBA",6,3150,3155,Mixto,2040
1,Capital,14J,URCA,"ESC REPUBLICA DE PANAMA - MARIANO MANSILLA 1025,B° COL DEL CERRO - CORDOBA",7,3156,3162,Mixto,2418
1,Capital,14J,URCA,"ESC REPUBLICA DEL LIBANO - IGARZABAL 1250,B°URCA CAPITAL - CORDOBA",8,3163,3170,Mixto,2754
1,Capital,14J,URCA,"INST SEC REPUBLICA DE ITALIA - DONACIANO DEL CAMPILLO 851,B°URCA AMPLIACION - CORDOBA",7,3171,3177,Mixto,2408
1,Capital,14K,VILLA ALLENDE PARQUE,"ESC MUNIC DR RAUL FERNANDEZ - CRUZ ALTA 8500,B° PQUE V ALLENDE - CORDOBA",6,3178,3183,Mixto,2018
1,Capital,14K,VILLA ALLENDE PARQUE,"ESC RDO PADRE GASTON VERGONGEANNE - LEANDRO N ALEM 111,VILLA ALLENDE PARQUE - CORDOBA",5,3184,3188,Mixto,1678
1,Capital,14L,VILLA BELGRANO,"ESC NUEVA JUAN MANTOVANI - AVOGADRO Y GAUSS 5725,B° V. BELGRANO CAP - CORDOBA",8,3189,3196,Mixto,2643
1,Capital,14L,VILLA BELGRANO,"ESC RICARDO PALMA - D ALEMBERT Y GAUSS ,B° V.BELGRANO CAP - CORDOBA",7,3197,3203,Mixto,2310
1,Capital,14M,VILLA CENTENARIO,"INST SAUL TABORDA - OB MOSCOSO Y PERALTA 2772,B° ALTO PALERMO - CORDOBA",8,3204,3211,Mixto,2794
1,Capital,14M,VILLA CENTENARIO,"ESC PRIMERA JUNTA - C DE ARREDONDO 4446,B°PARQUE COREMA - CORDOBA",8,3212,3219,Mixto,2780
1,Capital,14M,VILLA CENTENARIO,"ESC LUZ VIEIRA MENDEZ - OB MOSCOSO Y PERALRA 2772,ALTO PALERMO CAPITAL - CORDOBA",4,3220,3223,Mixto,1393
1,Capital,14M,VILLA CENTENARIO,IPEM N°206 FERNANDO FADER - GREGORIO DE LAFERRERE 2435 - CORDOBA,6,3224,3229,Mixto,2091
1,Capital,14N,VILLA CORNU,"ESC MUNIC DR HORACIO GARCIA - TABACUE 9162,B° V. CORNU CAPITAL - CORDOBA",8,3230,3237,Mixto,2688
1,Capital,14N,VILLA CORNU,"IPEM N°16 MA.SALEME DE BURNICHON - TABACUE 9242,B°VILLA CORNU - CORDOBA",5,3238,3242,Mixto,1685
1,Capital,14O,VILLA 9 DE JULIO,"INST LEON XIII - AV BODEREAU 7850,B° VILLA R INDARTE - CORDOBA",6,3243,3248,Mixto,2029
1,Capital,14O,VILLA 9 DE JULIO,"ESC MUNIC SAUL TABORDA - COQUENA 7985,B°VILLA 9 DE JULIO - CORDOBA",6,3249,3254,Mixto,2031
1,Capital,14O,VILLA 9 DE JULIO,"ESC MARIA SANCHEZ MENDEVILLE - E.BODEREAU 7720,VILLA RIVERA INDARTE - CORDOBA",6,3255,3260,Mixto,2030
1,Capital,14O,VILLA 9 DE JULIO,"IPEM N°92 ANTONIO BERNI - AV RICARDO ROJAS 8176,_QUISQUISACATE - CORDOBA",6,3261,3266,Mixto,2024
1,Capital,14P,VILLA RIVERA INDARTE,"ESC MUNIC DR JORGE ORGAZ - LAGUNA LARGA/R LUNA ,B°V.R.INDARTE CAP - CORDOBA",7,3267,3273,Mixto,2339
1,Capital,14P,VILLA RIVERA INDARTE,"IPEM N° 17 PAULO FREIRE - LAGUNA LARGA ESQ.RINCON DE LUNA 8900,B° VILLA R INDARTE - CORDOBA",4,3274,3277,Mixto,1334
1,Capital,14Q,VILLA WARCALDE,"INST. TEC. ISAAC NEWTON - MOLINO DE TORRES 6635,B° VILLA WARCALDE - CORDOBA",5,3278,3282,Mixto,1407
2,Calamuchita,15,AMBOY,ESC PROV D VELEZ SARSFIELD - AYLLU S/N - AMBOY,2,3283,3284,Mixto,372
2,Calamuchita,15A,VILLA AMANCAY,ESC.PROV.R.SAENZ PEÑA - CALLE 6 S/N - VILLA AMANCAY,3,3285,3287,Mixto,884
2,Calamuchita,16,ATHOS PAMPA,ESC PROV. M.BELGRANO - PUBLICA S/N - ATOS PAMPA,1,3288,3288,Mixto,229
2,Calamuchita,16A,VILLA LA MERCED,ESC INGENIERO JUAN EUGENIO MAGGI - VILLA LA MERCED S/N - SOLAR DE LOS MOLINOS                                 Mixtos,1,3289,3289,Extr y Nac. Mixtos,146
2,Calamuchita,16B,CHAMPAQUI,ESC.PROV. F.AMEGHINO - CALLE S/N - CERRO CHAMPAQUI,1,3290,3290,Mixto,18
2,Calamuchita,16C,VILLA BERNA,ESC. JOAQUIN V. GONZALEZ - PUBLICA S/N - VILLA BERNA,1,3291,3291,Mixto,128
2,Calamuchita,17,EMBALSE,IPEAY T N° 347 DR ALEJANDRO DEGENARO - J LUIS DE CABRERA ESQ ACONCAGUA S/N - EMBALSE,8,3292,3299,Mixto,2694
2,Calamuchita,17,EMBALSE,ESC B. ROLDAN - TUCUMAN 121 - EMBALSE,8,3300,3307,Mixto,2689
2,Calamuchita,17,EMBALSE,ESC R. OBLIGADO - CAMINO A HOTELES DE U.T.E. PUBLICA S/N - EMBALSE,6,3308,3313,Mixto,2016
2,Calamuchita,17,EMBALSE,ESC R. OBLIGADO - CAMINO A HOTELES DE U.T.E. PUBLICA S/N - EMBALSE                                             Mixtos,1,3314,3314,Extr y Nac. Mixtos,338
2,Calamuchita,18,LA CRUZ,ESC PROV DOMINGO F SARMIENTO - SARMIENTO 376 - LA CRUZ,3,3315,3317,Mixto,973
2,Calamuchita,18,LA CRUZ,INST DR D VELEZ SARSFIELD - SARMIENTO 236 - LA CRUZ,2,3318,3319,Mixto,648
2,Calamuchita,18A,LUTTI,ESC. PROV. L. LUGONES - PUBLICA S/N - LUTTI,1,3320,3320,Mixto,149
2,Calamuchita,18B,CALERAS DE CALAMUCHITA,ESC PROV-FRANCISCO ORTIZ DE OCAMPO - CALERAS DE CALAMUCHITA S/N - LAS CALERAS,1,3321,3321,Mixto,264
2,Calamuchita,18C,VILLA CAÑADA DEL SAUCE,ESC.PROV. A.ALSINA - FRANCISCO CESAR S/N - CAÑADA DEL SAUCE,1,3322,3322,Mixto,150
2,Calamuchita,18D,VILLA QUILLINZO,ESC.PROV.PADRE FELIX ENRIQUE - VILLA QUILLINZO S/N - VILLA QUILLINZO,2,3323,3324,Mixto,496
2,Calamuchita,19,LOS CONDORES,ESC BALDOMERO E FERNANDEZ M - SARMIENTO 528 - LOS CONDORES,6,3325,3330,Mixto,2066
2,Calamuchita,19,LOS CONDORES,ESC SAGRADO CORAZON - AV DON BOSCO 101 - LOS CONDORES,3,3331,3333,Mixto,1034
2,Calamuchita,20,LOS REARTES,ESC PROV PEDRO B PALACIOS - MANUEL BELGRANO S/N - LOS REARTES,7,3334,3340,Mixto,2403
2,Calamuchita,20A,VILLA GENERAL BELGRANO,ESC.GRAL J. DE SAN MARTIN - AV NICARAGUA 566 - VILLA GENERAL BELGRANO,7,3341,3347,Mixto,2393
2,Calamuchita,20A,VILLA GENERAL BELGRANO,ESC. DE COM. D. DE ROJAS - CUBA 75 - VILLA GENERAL BELGRANO,7,3348,3354,Mixto,2400
2,Calamuchita,20A,VILLA GENERAL BELGRANO,ESC ARGENTINO GERMANO - LOS INCAS 131 - VILLA GENERAL BELGRANO,7,3355,3361,Mixto,2392
2,Calamuchita,20A,VILLA GENERAL BELGRANO,ESC SAGRADO CORAZON - SELVA NEGRA 127 - VILLA GENERAL BELGRANO,7,3362,3368,Mixto,2387
2,Calamuchita,20A,VILLA GENERAL BELGRANO,ESC SAGRADO CORAZON - SELVA NEGRA 127 - VILLA GENERAL BELGRANO                                                  Mixtos,1,3369,3369,Extr y Nac. Mixtos,399
2,Calamuchita,20B,VI.CIUD.PQUE.LOS REARTES,ESC DR R LUTI EX ELOY GOMEZ - SAN LUIS S/N - VILLA CIUDAD PARQUE LOS REARTES,7,3370,3376,Mixto,2092
2,Calamuchita,21,LAS BAJADAS,"ESC. DR. JUAN M. ALBARENQUE - PUBLICA S/N,B°MONSALVO - LAS BAJADAS",1,3377,3377,Mixto,305
2,Calamuchita,22,RIO DE LOS SAUCES,ESC. PROV. D.F. SARMIENTO - SARMIENTO S/N - RIO DE LOS SAUCES,4,3378,3381,Mixto,1396
2,Calamuchita,23,VILLA YACANTO,IPEM N° 390 - TUCUMAN S/N - VILLA YACANTO,8,3382,3389,Mixto,2571
2,Calamuchita,24,RUMIPAL,ESC PROV PRIMERA JUNTA - AMADEO SABATTINI 143 - VILLA RUMIPAL,5,3390,3394,Mixto,1721
2,Calamuchita,24,RUMIPAL,IPET N°76 GUSTAVO RIEMANN - ARTURO H ILLIA 524 - VILLA RUMIPAL,4,3395,3398,Mixto,1379
2,Calamuchita,24,RUMIPAL,IPET N°76 GUSTAVO RIEMANN - ARTURO H ILLIA 524 - VILLA RUMIPAL                                                   Mixtos,1,3399,3399,Extr y Nac. Mixtos,346
2,Calamuchita,24A,VILLA DEL DIQUE,ESC.PROV.ALMIRANTE BROWN - SARMIENTO 259 - VILLA DEL DIQUE,7,3400,3406,Mixto,2300
2,Calamuchita,24A,VILLA DEL DIQUE,ESC FRAY MAMERTO ESQUIU - SARMIENTO 343 - VILLA DEL DIQUE,5,3407,3411,Mixto,1632
2,Calamuchita,24A,VILLA DEL DIQUE,ESC FRAY MAMERTO ESQUIU - SARMIENTO 343 - VILLA DEL DIQUE                                                Mixtos,1,3412,3412,Extr y Nac. Mixtos,328
2,Calamuchita,25,SAN AGUSTIN,ESC. PROV.GRAL. SAN MARTIN - R SAENZ PEÑA 118 - SAN AGUSTIN,5,3413,3417,Mixto,1729
2,Calamuchita,25,SAN AGUSTIN,ESC SAN JOSE - VILLAFAÑE 1084 - SAN AGUSTIN,5,3418,3422,Mixto,1722
2,Calamuchita,25A,CALMAYO,ESC.PROV.M.GUEMES - PUBLICA S/N - PARQUE CALMAYO,1,3423,3423,Mixto,178
2,Calamuchita,25B,LOS MOLINOS,ESC PROV JUAN LARREA - PUBLICA S/N - LOS MOLINOS,2,3424,3425,Mixto,362
2,Calamuchita,26,SANTA ROSA,INST PARR SAN JUAN DIEGO - AV INT ANGEL LLANOS,9,3426,3434,Mixto,3086
2,Calamuchita,320,SANTA ROSA DE CALAMUCHITA,ESC. PROV.M. MORENO - LIBERTAD 470 - SANTA ROSA DE CALAMUCHITA,9,3435,3443,Mixto,3082
2,Calamuchita,320,SANTA ROSA DE CALAMUCHITA,IPEM N°271 DR.DALMASO VELEZ SARSFIELD - DR DEL ACUA 300 - SANTA ROSA DE CALAMUCHITA,6,3444,3449,Mixto,2052
2,Calamuchita,320,SANTA ROSA DE CALAMUCHITA,ESC LUIS MARIA DRAGO - CALLE 5 S/N - SANTA ROSA DE CALAMUCHITA,9,3450,3458,Mixto,3077
2,Calamuchita,320,SANTA ROSA DE CALAMUCHITA,"ESC SAN FRANCISCO DE ASIS - CALLE 5 ESQ 8 S/N,B° RIO SANTA ROSA - SANTA ROSA DE CALAMUCHITA",9,3459,3467,Mixto,3082
2,Calamuchita,320,SANTA ROSA DE CALAMUCHITA,"ESC SAN FRANCISCO DE ASIS - CALLE 5 ESQ 8 S/N,B° RIO SANTA ROSA - SANTA ROSA DE                          Mixtos CALAMUCHITA",1,3468,3468,Extr y Nac. Mixtos,343
2,Calamuchita,26A,SEGUNDA USINA,ESC RITA AUDELINA ZABALA DEL SALGADO - SEGUNDA USINA S/N - SEGUNDA USINA,1,3469,3469,Mixto,295
2,Calamuchita,26B,SAN IGNACIO,ESC.PROV.DEAN FUNES - SAN IGNACIO S/N - SAN IGNACIO (LOTEO SAN JAVIER),1,3470,3470,Mixto,235
2,Calamuchita,328A,LA CUMBRECITA,ESC BARTOLOME MITRE - PUBLICA S/N - LA CUMBRECITA,3,3471,3473,Mixto,957
3,Colón,27,ASCOCHINGA,ESC DR. PABLO RUEDA - LA GRANJA S/N - ASCOCHINGA,7,3474,3480,Mixto,2253
3,Colón,27,ASCOCHINGA,ESC ING ALBERTO R MASCIAS - PUBLICA S/N - ASCOCHINGA,4,3481,3484,Mixto,1289
3,Colón,27,ASCOCHINGA,ESC ING ALBERTO R MASCIAS - PUBLICA S/N - ASCOCHINGA                                                         Mixtos,1,3485,3485,Extr y Nac. Mixtos,327
3,Colón,28,CALERA,ESC ELADIO DIEZ - ALVEAR ESQ SARMIENTO S/N - LA CALERA,8,3486,3493,Mixto,2767
3,Colón,28,CALERA,IPEM N° 73 MARGARITA WEILD - REP DE CHILE ESQ GRAL CABRERA 796 - LA CALERA,9,3494,3502,Mixto,3121
3,Colón,28,CALERA,ESC JUAN MINETTI - ENTRE RIOS S/N - LA CALERA,8,3503,3510,Mixto,2766
3,Colón,28,CALERA,INST D.F.SARMIENTO - BELGRANO 711 - LA CALERA,12,3511,3522,Mixto,4151
3,Colón,28,CALERA,ESC PROV.J.J.PASO-CENMA - AV SAN MARTIN 772 - LA CALERA,10,3523,3532,Mixto,3458
3,Colón,28,CALERA,INST JESUS MARIA - BELGRANO 611 - LA CALERA,10,3533,3542,Mixto,3452
3,Colón,28,CALERA,"ESC PROA SECUNDARIO - RIO RECONQUISTA Y REPUBLICA DEL URUGUAY S/N,B° 9 DE JULIO - LA CALERA",5,3543,3547,Mixto,1729
3,Colón,28,CALERA,"ESC PROA SECUNDARIO - RIO RECONQUISTA Y REPUBLICA DEL URUGUAY S/N,B° 9 DE JULIO - LA                       Mixtos CALERA",1,3548,3548,Extr y Nac. Mixtos,347
3,Colón,28A,CALERA CENTRAL,JARDIN DE INFANTES TTE CNEL IBARZABAL - RONDEAU 814 - LA CALERA,3,3549,3551,Mixto,1033
3,Colón,28A,CALERA CENTRAL,"ESC.TTE. J.R. IBARZABAL - JOSE HERNANDEZ 99,CALERA CENTRAL - LA CALERA",11,3552,3562,Mixto,3786
3,Colón,28A,CALERA CENTRAL,"CENTRO EDUCATIVO GRAL SAN MART - JUAN RAMON GIMENEZ ESQ SUCRE ,CALERA CENTRAL - LA CALERA",9,3563,3571,Mixto,3101
3,Colón,28A,CALERA CENTRAL,IPEM N°379 ALFREDO BENOIT MOLET - AVELLANEDA,10,3572,3581,Mixto,3439
3,Colón,685,CALERA CENTRAL,"ESC MANUEL BELGRANO - LAS ANEMONAS 2231,CUESTA COLORADA - CALERA CENTRAL",4,3582,3585,Mixto,1372
3,Colón,685,CALERA CENTRAL,"IPEM N°302 INGENIERO DUMESNIL - CHUBUT 750,DUMESNIL - CALERA CENTRAL",8,3586,3593,Mixto,2746
3,Colón,29,COLONIA CAROYA,ESC PIO LEON - AV 28 DE JULIO 345 - COLONIA CAROYA,9,3594,3602,Mixto,3146
3,Colón,29,COLONIA CAROYA,ESC.PROV. M. BELGRANO - COSEANI SUR 701 - COLONIA CAROYA,8,3603,3610,Mixto,2793
3,Colón,29,COLONIA CAROYA,ESC. PROV. GRAL SAN MARTIN - MAESTRA OLGA PROSDOCIMO 3580 - COLONIA CAROYA,8,3611,3618,Mixto,2794
3,Colón,29,COLONIA CAROYA,ESC. PRESBITERO BONORIS - AV SAN MARTIN 3782 - COLONIA CAROYA,8,3619,3626,Mixto,2791
3,Colón,29,COLONIA CAROYA,ESC M. MORENO - JUSTINIANO CELIZ HEREDIA 650 - COLONIA CAROYA,8,3627,3634,Mixto,2793
3,Colón,29,COLONIA CAROYA,IPEM N°349 GIOVANNI BOSCO - GORIZIA SUR 198 - COLONIA CAROYA,7,3635,3641,Mixto,2444
3,Colón,29,COLONIA CAROYA,ESC REPUBLICA DE ITALIA - CALLE 40 ESQ JOSE ROMANUTTI S/N - COLONIA CAROYA,5,3642,3646,Mixto,1744
3,Colón,29,COLONIA CAROYA,ESC REPUBLICA DE ITALIA - CALLE 40 ESQ JOSE ROMANUTTI S/N - COLONIA CAROYA                                    Mixtos,1,3647,3647,Extr y Nac. Mixtos,351
3,Colón,29A,TINOCO,ESC.PROV.B.RIVADAVIA - PUBLICA S/N - TINOCO,2,3648,3649,Mixto,371
3,Colón,30,COLONIA TIROLESA,IPET N° 83 RENE FAVALORO - CATALINA MEDEOT ESQ FRANCISCO LAURET S/N - COLONIA TIROLESA,10,3650,3659,Mixto,3394
3,Colón,30,COLONIA TIROLESA,ESC PROV DR PABLO RUEDA - PUBLICA S/N - COLONIA TIROLESA,8,3660,3667,Mixto,2713
3,Colón,30,COLONIA TIROLESA,ESC GR DE ARTILLERIA AEROTR.4 - PUBLICA S/N - COLONIA TIROLESA,6,3668,3673,Mixto,2035
3,Colón,30,COLONIA TIROLESA,ESC GR DE ARTILLERIA AEROTR.4 - PUBLICA S/N - COLONIA TIROLESA                                                  Mixtos,1,3674,3674,Extr y Nac. Mixtos,343
3,Colón,31,EL MANZANO,ESC.PROV.A.ARGENTINA - EL MANZANO SOBRE RUTA E 53 S/N - EL MANZANO,5,3675,3679,Mixto,1408
3,Colón,31A,AGUA DE ORO,ESC.PROV.V.MERCANTE - AGUA DE ORO S/N - AGUA DE ORO,5,3680,3684,Mixto,1595
3,Colón,31A,AGUA DE ORO,INST SECUNDARIO AGUA DE ORO - AV BELGRANO S/N - AGUA DE ORO,3,3685,3687,Mixto,957
3,Colón,31A,AGUA DE ORO,INST SECUNDARIO AGUA DE ORO - AV BELGRANO S/N - AGUA DE ORO                                                 Mixtos,1,3688,3688,Extr y Nac. Mixtos,319
3,Colón,31B,VILLA CERRO AZUL,LOCAL COMUNAL - VILLA CERRO AZUL S/N - VILLA CERRO AZUL,1,3689,3689,Mixto,264
3,Colón,31B,VILLA CERRO AZUL,LOCAL COMUNAL - VILLA CERRO AZUL S/N - VILLA CERRO AZUL                                                    Mixtos,1,3690,3690,Extr y Nac. Mixtos,266
3,Colón,32,GENERAL PAZ,ESC PROV GRAL JOSE MARIA PAZ - BUENOS AIRES Y CORDOBA S/N - GENERAL PAZ,6,3691,3696,Mixto,2073
3,Colón,33,JESUS MARIA,ESC PTE DOMINGO F SARMIENTO - CORDOBA (PARALELA-( JUAN B JUSTO) 1050 - JESUS MARIA,9,3697,3705,Mixto,3132
3,Colón,33,JESUS MARIA,I.P.E.T.N° 69 JUANA MANSO DE NORONHA - PERU,8,3706,3713,Mixto,2780
3,Colón,212,JESUS MARIA,ESC.DR. J.M.ESTRADA N° 221 - CATAMARCA Y ESTRADA S/N - JESUS MARIA,8,3714,3721,Mixto,2778
3,Colón,212,JESUS MARIA,ESC.PROV.1ER.TTE.MORANDINI - CHILE -SAN JOSE OBRERO 222 - JESUS MARIA,8,3722,3729,Mixto,2776
3,Colón,212,JESUS MARIA,ESC.PROVC.F.O. DE OCAMPO - AV. DR. FRANCISCO N. DE LAPRIDA 649 - JESUS MARIA,8,3730,3737,Mixto,2771
3,Colón,212,JESUS MARIA,ESC .NTA.SRA. DEL HUERTO - VTE AGUERO 23 - JESUS MARIA,6,3738,3743,Mixto,2081
3,Colón,212,JESUS MARIA,"ESC,N°21 GENDARMERIA NACIONAL - 25 DE MAYO 125,B° V AGUERO - JESUS MARIA",8,3744,3751,Mixto,2774
3,Colón,212,JESUS MARIA,INST NUESTRA SEÑORA DEL ROSARIO DEL MILAGRO - PEDRO OÑATE S/N - JESUS MARIA,8,3752,3759,Mixto,2775
3,Colón,212,JESUS MARIA,IPEM N°294 JESUS MARIA - FRENCH 1193 - JESUS MARIA,8,3760,3767,Mixto,2773
3,Colón,212,JESUS MARIA,IPEM N°361 JOSE GABRIEL BROCHERO - SIERRA DE POCHO 254 - JESUS MARIA,8,3768,3775,Mixto,2776
3,Colón,212,JESUS MARIA,INST SUPERIOR ZARELA MOYANO DE TOLEDO - GENERAL BUSTOS 1336 - JESUS MARIA,6,3776,3781,Mixto,2079
3,Colón,212,JESUS MARIA,INST SUPERIOR ZARELA MOYANO DE TOLEDO - GENERAL BUSTOS 1336 - JESUS MARIA                              Mixtos,1,3782,3782,Extr y Nac. Mixtos,348
3,Colón,33A,COLONIA VICENTE AGÜERO,ESC PROV VICENTE AGUERO - LOTE XVII S/N - COLONIA VICENTE AGUERO,1,3783,3783,Mixto,303
3,Colón,34,JUAREZ CELMAN,ESC PROV LEOPOLDO LUGONES - VILLA LOS LLANOS,9,3784,3792,Mixto,3106
3,Colón,225,JUAREZ CELMAN,ESC.COMODORO R. SILIONI - AV. ACONCAGUA S/N - JUAREZ CELMAN,8,3793,3800,Mixto,2759
3,Colón,225,JUAREZ CELMAN,"ESC.ATAHUALPA YUPANQUI - 9 DE JULIO ESQ ATAHULPA YUPAMQUI S/N,JUAREZ CELMAN NORTE - JUAREZ CELMAN",8,3801,3808,Mixto,2756
3,Colón,225,JUAREZ CELMAN,"IPET N°333 JULIO SALUSSO - LOS CLAVELES 196,B° VILLA LOS LLANOS - JUAREZ CELMAN",7,3809,3815,Mixto,2411
3,Colón,225,JUAREZ CELMAN,IPET N° 386 CIUDAD DE LOS NIÑOS - MANZANA 42 LOTE 5 -CIUDAD DE LOS NIÑOS S/N - JUAREZ CELMAN,6,3816,3821,Mixto,2067
3,Colón,225,JUAREZ CELMAN,IPET N° 386 CIUDAD DE LOS NIÑOS - MANZANA 42 LOTE 5 -CIUDAD DE LOS NIÑOS S/N - JUAREZ                       Mixtos CELMAN,1,3822,3822,Extr y Nac. Mixtos,352
3,Colón,35,MALVINAS ARGENTINAS,ESC.CAP.LUIS C.CANDELARIA - MALVINAS ARGENTINAS S/N - MALVINAS ARGENTINAS,9,3823,3831,Mixto,3121
3,Colón,35,MALVINAS ARGENTINAS,"ESC CIUDAD DE MALVINAS ARGENT. - AV SAN MARTIN 600,B°M ARGENTINAS 2° SEC - MALVINAS ARGENTINAS",8,3832,3839,Mixto,2781
3,Colón,35,MALVINAS ARGENTINAS,I.P.E.M. N° 24 - JUJUY ESQ. SARMIENTO S/N - MALVINAS ARGENTINAS,9,3840,3848,Mixto,3118
3,Colón,35,MALVINAS ARGENTINAS,IPET N° 378 - AV GAUCHO RIVERO 401 - MALVINAS ARGENTINAS,9,3849,3857,Mixto,3115
3,Colón,35,MALVINAS ARGENTINAS,INST HECTOR VALDIVIELSO - HERMANOS DE LASALLE,8,3858,3865,Mixto,2771
3,Colón,35A,MI GRANJA,ESC SIN NOMBRE - JESUS IGLESIAS S/N - MI GRANJA,4,3866,3869,Mixto,1132
3,Colón,35A,MI GRANJA,ESC SIN NOMBRE - JESUS IGLESIAS S/N - MI GRANJA                                                         Mixtos,1,3870,3870,Extr y Nac. Mixtos,291
3,Colón,36,LA PUERTA,ESC PROV SARGENTO CABRAL - PUBLICA S/N - LA PUERTA,1,3871,3871,Mixto,302
3,Colón,37,RIO CEBALLOS,IPEM N° 352 ALFREDO CAVALOTTI - NICANOR CEBALLOS S/N - RIO CEBALLOS,12,3872,3883,Mixto,4178
3,Colón,37,RIO CEBALLOS,ESC.PROV.M.FRAGUEIRO - AVENIDA SAN MARTIN 4519 - RIO CEBALLOS,10,3884,3893,Mixto,3483
3,Colón,37,RIO CEBALLOS,I.P.E.M. N°144-MARIANO MORENO - SALTA 191 - RIO CEBALLOS,11,3894,3904,Mixto,3828
3,Colón,37,RIO CEBALLOS,INST DEL ESPIRITU SANTO - AV. SAN MARTIN 5109 - RIO CEBALLOS,11,3905,3915,Mixto,3834
3,Colón,37,RIO CEBALLOS,"ESC.CONSTANCIO C. VIGIL - PRIMERO DE MAYO 112,B°MAREYRA R CEBALLOS - RIO CEBALLOS",7,3916,3922,Mixto,2432
3,Colón,37,RIO CEBALLOS,"ESC BARTOLOME MITRE - MALVINA ARGENTINAS 65,B° ÑU PORA - RIO CEBALLOS",4,3923,3926,Mixto,1385
3,Colón,37,RIO CEBALLOS,ESC DOMINGO F SARMIENTO - MANUEL DORREGO S/N - RIO CEBALLOS,6,3927,3932,Mixto,2079
3,Colón,37,RIO CEBALLOS,"ESC ESPECIAL JUANA MANSO ANEXO - CALLE PUBLICA( POLO EDUCATIVO) S/N,LOZA - RIO CEBALLOS",1,3933,3933,Mixto,347
3,Colón,37,RIO CEBALLOS,"ESC ESPECIAL JUANA MANSO ANEXO - CALLE PUBLICA( POLO EDUCATIVO) S/N,LOZA - RIO                        Mixtos CEBALLOS",1,3934,3934,Extr y Nac. Mixtos,351
3,Colón,38,SALSIPUEDES,JARDIN LA RECONQUISTA - RIVADAVIA S/N - SALSIPUEDES,1,3935,3935,Mixto,348
3,Colón,38,SALSIPUEDES,INST SECUNDARIO SALSIPUEDES - AV BELGRANO 178 - SALSIPUEDES,8,3936,3943,Mixto,2779
3,Colón,38,SALSIPUEDES,ESC.PROV. J.MALDONADO - DESIDERIO TORRES 360 - SALSIPUEDES,9,3944,3952,Mixto,3121
3,Colón,38,SALSIPUEDES,ESC RECONQUISTA - CERRITO S/N - SALSIPUEDES,8,3953,3960,Mixto,2783
3,Colón,38,SALSIPUEDES,IPEM N° 61 GENERAL MANUEL SAVIO - CHACABUCO ESQ URQUIZA S/N - SALSIPUEDES,8,3961,3968,Mixto,2767
3,Colón,38,SALSIPUEDES,IPEM N° 61 GENERAL MANUEL SAVIO - CHACABUCO ESQ URQUIZA S/N - SALSIPUEDES                                     Mixtos,1,3969,3969,Extr y Nac. Mixtos,348
3,Colón,39,SANTA TERESA,ESC.PROV. FRAY M.ESQUIU - PUBLICA S/N - SANTA TERESA,1,3970,3970,Mixto,54
3,Colón,40,UNQUILLO,INST.NTA.SRA.DE LAS MERCEDES - AZOPARDO 200 - UNQUILLO,8,3971,3978,Mixto,2759
3,Colón,40,UNQUILLO,ESC.PROV. D.V.SARSFIELD - SARMIENTO Y VELEZ SARSFIELD S/N - UNQUILLO,8,3979,3986,Mixto,2763
3,Colón,40,UNQUILLO,I.P.E.M. N° 23 LINO ENEA SPILIMBERGO - SPILIMBERGO 869 - UNQUILLO,8,3987,3994,Mixto,2763
3,Colón,40,UNQUILLO,I.P.E.M. N° 78 - COSTANERA LOS CIGARRALES 750 - UNQUILLO,9,3995,4003,Mixto,3107
3,Colón,40,UNQUILLO,INST.PARROQ.NTA.SRA DE LOURDES - JUAN MILICH S/N - UNQUILLO,9,4004,4012,Mixto,3101
3,Colón,40,UNQUILLO,ESC JORGE NEWBERY - LAVALLE 461 - UNQUILLO,10,4013,4022,Mixto,3441
3,Colón,40,UNQUILLO,"INST NUEVO MILENIO - CRUCERO GENERAL BELGRANO 3126,LOS TALITAS - UNQUILLO",6,4023,4028,Mixto,2071
3,Colón,40,UNQUILLO,"INST NUEVO MILENIO - CRUCERO GENERAL BELGRANO 3126,LOS TALITAS - UNQUILLO                                       Mixtos",1,4029,4029,Extr y Nac. Mixtos,349
3,Colón,40A,MENDIOLAZA,ESC.PIAS DE MENDIOLAZA - RUTA PROVINCIAL INTERMUNICIPAL E 57 S/N - MENDIOLAZA,18,4030,4047,Mixto,6265
3,Colón,40A,MENDIOLAZA,ESC.PROV. D.F.SARMIENTO - MALVINAS ARGENTINAS Y SARMIENTO S/N - MENDIOLAZA,10,4048,4057,Mixto,3474
3,Colón,40A,MENDIOLAZA,I.P.E.M.N° 317 SAN JOSE DE CALASANZ - AV MALVINAS ARGENTIAS 1104 - MENDIOLAZA,11,4058,4068,Mixto,3821
3,Colón,40A,MENDIOLAZA,I.P.E.M.N° 317 SAN JOSE DE CALASANZ - AV MALVINAS ARGENTIAS 1104 - MENDIOLAZA                              Mixtos,1,4069,4069,Extr y Nac. Mixtos,348
3,Colón,41,VILLA ALLENDE,ESC MARYLAND - GUEMES ESQ ALBERTI S/N - VILLA ALLENDE,8,4070,4077,Mixto,2778
3,Colón,41,VILLA ALLENDE,ESC.PROV. J.DE SAN MARTIN - GOYCOECHEA 150 - VILLA ALLENDE,8,4078,4085,Mixto,2775
3,Colón,41,VILLA ALLENDE,ESC SAN JOSE - JUSTO JOSE DE URQUIZA 465 - VILLA ALLENDE,8,4086,4093,Mixto,2771
3,Colón,41,VILLA ALLENDE,INST PAULA A.DE SARMIENTO - LAPRIDA ESQ GONZALEZ 72 - VILLA ALLENDE,8,4094,4101,Mixto,2779
3,Colón,41,VILLA ALLENDE,INST GRAL S.MARTIN/17 DE AGOSTO - 25 DE MAYO ESQ. TABLADA S/N - VILLA ALLENDE,9,4102,4110,Mixto,3126
3,Colón,41,VILLA ALLENDE,INST NTA.SRA. DE LUJAN - AV.SAN MARTIN 1070 - VILLA ALLENDE,8,4111,4118,Mixto,2778
3,Colón,41,VILLA ALLENDE,"IPEM N°130 RAUL DEL LLANO - DERQUI 635,B° CONDOR BAJO - VILLA ALLENDE",8,4119,4126,Mixto,2777
3,Colón,41,VILLA ALLENDE,IPEM N° 410 - NUEVA ZELANDA 999 - VILLA ALLENDE,7,4127,4133,Mixto,2431
3,Colón,41,VILLA ALLENDE,INST MILENIO VILLA ALLENDE - ALBERDI 250 - VILLA ALLENDE,8,4134,4141,Mixto,2775
3,Colón,41,VILLA ALLENDE,ESC 5 RIOS - ACCESO A PADRE LUCHESSE KM 2 S/N - VILLA ALLENDE,8,4142,4149,Mixto,2777
3,Colón,41,VILLA ALLENDE,IPEM N° 350 ERNESTO SABAT - AV DEL NIAGARA 437 - VILLA ALLENDE,8,4150,4157,Mixto,2777
3,Colón,41,VILLA ALLENDE,ESC ATAHUALPA YUPANQUI - AV DEL NIAGARA ESQ BARCELONA S/N - VILLA ALLENDE,6,4158,4163,Mixto,2077
3,Colón,41,VILLA ALLENDE,ESC ATAHUALPA YUPANQUI - AV DEL NIAGARA ESQ BARCELONA S/N - VILLA ALLENDE                                     Mixtos,1,4164,4164,Extr y Nac. Mixtos,362
3,Colón,41A,SALDAN,ESC NOGAL HISTORICO - JOSE ACCASTELLI 252 - SALDAN,10,4165,4174,Mixto,3471
3,Colón,41A,SALDAN,IPEM N°193 JOSE MARIA PAZ - VELEZ SARSFIELD,11,4175,4185,Mixto,3813
3,Colón,647,SALDAN,ESC PRIMARIA DANDELION - 9 DE JULIO 362 - SALDAN,7,4186,4192,Mixto,2421
3,Colón,647,SALDAN,ESC SECUNDARIA DANDELION - INCHIN 69 - SALDAN,3,4193,4195,Mixto,1040
3,Colón,647,SALDAN,"ESC PRIMARIA SIN NOMBRE - SAN JERONIMO 650,B°LUIS DE TEJEDA - SALDAN",9,4196,4204,Mixto,3112
3,Colón,647,SALDAN,"ESC PRIMARIA SIN NOMBRE - SAN JERONIMO 650,B°LUIS DE TEJEDA - SALDAN                                     Mixtos",1,4205,4205,Extr y Nac. Mixtos,351
4,Cruz del Eje,42,BAÑADO DE SOTO,ESC PROV.M. MORENO - PUBLICA S/N - BAÑADO DE SOTO,3,4206,4208,Mixto,736
4,Cruz del Eje,43,CANDELARIA,ESC PROV PATRICIAS ARGENTINA - CALLE PUBLICA S/N - LA CANDELARIA,1,4209,4209,Mixto,25
4,Cruz del Eje,43A,LAS CAÑADAS,"ESC.GRAL FRANCISO O DE OCAMPO - CALLE PUBLICA S/N,LA RINCONADA - LAS CAÑADAS",1,4210,4210,Mixto,210
4,Cruz del Eje,43B,CRUZ DE CAÑA,ESC PROV JUAN B ALBERDI - PUBLICA S/N - CRUZ DE CAÑA,2,4211,4212,Mixto,242
4,Cruz del Eje,44,CRUZ DEL EJE,IPEM N° 253 PTE JUAN DOMINGO PERON - ALEM ESQ DOMINGO MATEU S/N - CRUZ DEL EJE,10,4213,4222,Mixto,3493
4,Cruz del Eje,44,CRUZ DEL EJE,ESC NTA.SRA.DEL VALLE - SARMIENTO 121 - CRUZ DEL EJE,6,4223,4228,Mixto,2097
4,Cruz del Eje,44,CRUZ DEL EJE,ESC.PROV.D.F.SARMIENTO - YRIGOYEN 247 - CRUZ DEL EJE,8,4229,4236,Mixto,2795
4,Cruz del Eje,44,CRUZ DEL EJE,ESC.E. BAVIO - PELLEGRINI 150 - CRUZ DEL EJE,8,4237,4244,Mixto,2793
4,Cruz del Eje,44,CRUZ DEL EJE,ESC NORMAL REPUBLICA DEL PERU - SARMIENTO 1155 - CRUZ DEL EJE,11,4245,4255,Mixto,3840
4,Cruz del Eje,44,CRUZ DEL EJE,ESC.PABLO A.PIZZURNO - SOLDADO ROMERO 1139 - CRUZ DEL EJE,7,4256,4262,Mixto,2435
4,Cruz del Eje,44,CRUZ DEL EJE,IPEM N°273 M. BELGRANO - PELLEGRINI 445 - CRUZ DEL EJE,8,4263,4270,Mixto,2790
4,Cruz del Eje,44,CRUZ DEL EJE,INST SUPERIOR PROF JOSE MANUEL ESTRADA - SARMIENTO 121 - CRUZ DEL EJE,6,4271,4276,Mixto,2087
4,Cruz del Eje,44,CRUZ DEL EJE,ESC JOSE INGENIEROS - ARTURO ILLIA 2211 - CRUZ DEL EJE,8,4277,4284,Mixto,2786
4,Cruz del Eje,44,CRUZ DEL EJE,ESC MARCOS SASTRE - MORENO 1565 - CRUZ DEL EJE,7,4285,4291,Mixto,2440
4,Cruz del Eje,44A,LAS PLAYAS,ESC.PROV.PCIA.DE LA RIOJA - RUTA PROVINCIAL,3,4292,4294,Mixto,904
4,Cruz del Eje,45,EL BRETE,ESC PROV MANUEL BELGRANO - CAMINO VIEJO S/N - EL BRETE,5,4295,4299,Mixto,1581
4,Cruz del Eje,46,GUANACO MUERTO,ESC PROV GRAL SAN MARTIN - PUBLICA S/N - GUANACO MUERTO,3,4300,4302,Mixto,730
4,Cruz del Eje,46B,ALTO DE LOS QUEBRACHOS,ESC PROVINCIAL JUAN MANTOVANI - TUCUMAN 170 - ALTO DE LOS QUEBRACHOS,1,4303,4303,Mixto,310
4,Cruz del Eje,47,IGLESIA VIEJA,ESC PROV JOSE MARIA PAZ - PUBLICA S/N - IGLESIA VIEJA,1,4304,4304,Mixto,114
4,Cruz del Eje,48,LA HIGUERA,ESC PROV GRAL SAN MARTIN - RUTA PROVINCIAL N°15 S/N - LA HIGUERA,2,4305,4306,Mixto,577
4,Cruz del Eje,49,LOS SAUCES,ESC.PROV.M.MORENO - RUTA PROVINCIAL 92 CAMINO S M SIERRA S/N - LOS SAUCES,1,4307,4307,Mixto,124
4,Cruz del Eje,50,MEDIA NARANJA,ESC M. GUEMES - CALLE PUBLICA RUTA PROV A 175 S/N - MEDIA NARANJA,5,4308,4312,Mixto,1450
4,Cruz del Eje,50A,LOS CHAÑARITOS,ESC DOMINGO F SARMIENTO - PUBLICA S/N - LOS CHAÑARITOS,3,4313,4315,Mixto,705
4,Cruz del Eje,51,PASO VIEJO,I.P.E.A. N° 306 DR A SABATTINI - TUPAC AMARU S/N - PASO VIEJO,5,4316,4320,Mixto,1495
4,Cruz del Eje,51A,SANTA ANA,ESC.PROV.J.M.PAZ - CALLE PUBLICA - CAMINO A TOSNO S/N - SANTA ANA,1,4321,4321,Mixto,76
4,Cruz del Eje,52,PICHANAS,ESC.PROV.J.V.GONZALEZ - CALLE PUBLICA S/N - PICHANAS,1,4322,4322,Mixto,107
4,Cruz del Eje,53,SAN ANTONIO,ESC.PROV. BME. MITRE - PUBLICA S/N - SAN ANTONIO,1,4323,4323,Mixto,33
4,Cruz del Eje,53A,LOS LEONES,ESC. R.S. DE CALDELARI - CALLE PUBLICA S/N - LOS LEONES,1,4324,4324,Mixto,54
4,Cruz del Eje,53B,EL ABRA,ESC N°395(MANUEL LUCERO) - CALLE PUBLICA S/N - EL ABRA,1,4325,4325,Mixto,38
4,Cruz del Eje,54,SAN MARCOS SIERRAS,ESC PROV PTE ROQUE SAENZ PEÑA - LIBERTAD 1043 - SAN MARCOS SIERRA,6,4326,4331,Mixto,1969
4,Cruz del Eje,54,SAN MARCOS SIERRAS,IPEM N°45 DR ERNESTO MOLINARI ROMERO - REINA MORA 600 - SAN MARCOS SIERRA,3,4332,4334,Mixto,981
4,Cruz del Eje,54,SAN MARCOS SIERRAS,IPEM N°45 DR ERNESTO MOLINARI ROMERO - REINA MORA 600 - SAN MARCOS SIERRA                                      Mixtos,1,4335,4335,Extr y Nac. Mixtos,328
4,Cruz del Eje,54A,CANTERAS QUILPO,ESC JUANA PAULA MANSO - CALLE PUBLICA S/N - CANTERAS DE QUILPO,1,4336,4336,Mixto,39
4,Cruz del Eje,55,SERREZUELA,ESC.PROV.B.RIVADAVIA - AV. MALVINAS ARGENTINAS S/N - SERREZUELA,6,4337,4342,Mixto,2015
4,Cruz del Eje,55,SERREZUELA,"ESC ANGEL ESTRADA - ARTURO CAPDEVILA S/N,VIRGEN DEL ROSARIO - SERREZUELA",3,4343,4345,Mixto,1003
4,Cruz del Eje,55A,LA BATEA,ESC.PROV.DEAN G.FUNES - CALLE PUBLICA S/N - LA BATEA,1,4346,4346,Mixto,178
4,Cruz del Eje,56,SOTO,ESC.PADRE B.DE LAS CASAS - 25 DE MAYO 31 - VILLA DE SOTO,9,4347,4355,Mixto,3091
4,Cruz del Eje,56,SOTO,INST SANTO DOMINGO - JOSE IGNACIO PERALTA 249 - VILLA DE SOTO,4,4356,4359,Mixto,1370
4,Cruz del Eje,56,SOTO,IPET N° 254 T DE TEJEDA-EX ENET N°1 - JUAN BAUTISTA ALBERDI 2200 - VILLA DE SOTO,5,4360,4364,Mixto,1716
4,Cruz del Eje,56,SOTO,"ESC NICOLAS AVELLANEDA - DEAN FUNES ESQ CORRIENTES S/N,B° ESTACION SOTO - VILLA DE SOTO",6,4365,4370,Mixto,2053
4,Cruz del Eje,57,TUCLAME,ESC.PROV.J.J.CASTELLI - CALLE PUBLICA S/N - TUCLAME,5,4371,4375,Mixto,1448
5,General Roca,58,BRUZONE,ESC.PROV. J.J. PASO - MARIANO MORENO S/N - NICOLAS BRUZZONE,2,4376,4377,Mixto,424
5,General Roca,59,BUCHARDO,ESC PROV JOSE MARIA PAZ - AV MANNY S/N - HIPOLITO BUCHARDO,6,4378,4383,Mixto,1811
5,General Roca,60,DEL CAMPILLO,ESC J.M.PAZ - JOSE MARIA PAZ 444 - DEL CAMPILLO,7,4384,4390,Mixto,2309
5,General Roca,60,DEL CAMPILLO,I.P.E.M. N° 219 ENRIQUE COOK - CARLOS GARDEL,3,4391,4393,Mixto,989
5,General Roca,61,HUINCA RENANCO,"ESC.PROV. D.F. SARMIENTO - PTE. JUAN D.PERON S/N,B° VILLA TORROBA - HUINCA RENANCO",9,4394,4402,Mixto,3046
5,General Roca,61,HUINCA RENANCO,ESC.PASO DE LOS ANDES - GARAY VILLA PACIFICO,6,4403,4408,Mixto,2024
5,General Roca,121,HUINCA RENANCO,"ESC NAC. L.V.MANSILLA - SAN MARTIN 650,B° V CRESPO - HUINCA RENANCO",7,4409,4415,Mixto,2358
5,General Roca,121,HUINCA RENANCO,"ESC NAC. L.V.MANSILLA - SAN MARTIN 650,B° V CRESPO - HUINCA RENANCO                                           Mixtos",1,4416,4416,Extr y Nac. Mixtos,347
5,General Roca,62,ITALO,ESC DR BENJAMIN DUPONT - LAVALLE 186 - ITALO,3,4417,4419,Mixto,841
5,General Roca,62,ITALO,ESC DR BENJAMIN DUPONT - LAVALLE 186 - ITALO,1,4420,4420,Extr y Nac. Mixtos,282
5,General Roca,63,JOVITA,ESC.PROV.D.F. SARMIENTO - GENERAL PAZ 249 - JOVITA,7,4421,4427,Mixto,2297
5,General Roca,63,JOVITA,IPEA YM N°221 SAN CARLOS - REMIGIO GARCIA 55 - JOVITA,7,4428,4434,Mixto,2294
5,General Roca,65,LECUEDER,ESC PROV MANUEL BELGRANO - PUBLICA S/N - ESTACION LECUEDER,1,4435,4435,Mixto,12
5,General Roca,66,MATTALDI,ESC.PROV. SAN LUIS - TUCUMAN 225 - MATTALDI,5,4436,4440,Mixto,1579
5,General Roca,67,ONAGOITY,ESC.PROV.PROFESOR VICTOR MERCANTE - PUBLICA S/N - ONAGOITY,1,4441,4441,Mixto,47
5,General Roca,68,PINCEN,ESC. ING.A.EBELOT - FELIPA ROSALES 0 - PINCEN,1,4442,4442,Extr y Nac. Mixtos,246
5,General Roca,69,RANQUELES,ESC.PROV.F.N.LAPRIDA - PUBLICA S/N - RANQUELES,1,4443,4443,Mixto,41
5,General Roca,70,VILLA HUIDOBRO,INST. DE LOS SAGRADOS CORAZONES - SANTA MARIA JOSEFA ROSSELLO 250 - VILLA HUIDOBRO,8,4444,4451,Mixto,2785
5,General Roca,70,VILLA HUIDOBRO,ESC.PROV.M.BELGRANO - PASCO 327 - VILLA HUIDOBRO,7,4452,4458,Mixto,2439
5,General Roca,71,VILLA SARMIENTO,ESC.PROV. D.F.SARMIENTO - LIBERTAD 250 - VILLA SARMIENTO,1,4459,4459,Mixto,336
5,General Roca,72,VILLA VALERIA,ESC.PROV.J.CROTTO - SAN JOSE DE CALASANZ S/N - VILLA VALERIA,8,4460,4467,Mixto,2572
5,General Roca,72,VILLA VALERIA,JARDIN DE INFANTES JOSE CROTTO - OSVALDO DEPINO 1091 - VILLA VALERIA,1,4468,4468,Mixto,321
6,General San Martín,73,ARROYO ALGODON,ESC.PROV. A.ARGENTINA - CORDOBA 301 - ARROYO ALGODON,6,4469,4474,Mixto,1757
6,General San Martín,74,ARROYO CABRAL,INST. PRIVADO DIOCESANO SAN JOSE - BV BAUTISTA BOIRO 718 - ARROYO CABRAL,5,4475,4479,Mixto,1730
6,General San Martín,74,ARROYO CABRAL,ESC.PROV.D.V.SARSFIELD - RIVADAVIA 410 - ARROYO CABRAL,4,4480,4483,Mixto,1385
6,General San Martín,75,AUSONIA,ESC.PROV.GRAL SAN MARTIN - 25 DE MAYO 551 - AUSONIA,3,4484,4486,Mixto,819
6,General San Martín,75,AUSONIA,ESC.PROV.GRAL SAN MARTIN - 25 DE MAYO 551 - AUSONIA                                                           Mixtos,1,4487,4487,Extr y Nac. Mixtos,275
6,General San Martín,76,CHAZON,ESC PROV M R DE LA TORRE - CALLE 16 582 - CHAZON,4,4488,4491,Mixto,1084
6,General San Martín,77,ETRURIA,INST SEC. GRAL PAZ - BV.SRMIENTO Y S.NICOLA,5,4492,4496,Mixto,1723
6,General San Martín,390,ETRURIA,ESC.PROV. 12 DE OCTUBRE - SARMIENTO 320 - ETRURIA,5,4497,4501,Mixto,1727
6,General San Martín,390,ETRURIA,ESC.PROV. 12 DE OCTUBRE - SARMIENTO 320 - ETRURIA                                                           Mixtos,1,4502,4502,Extr y Nac. Mixtos,365
6,General San Martín,78,LA LAGUNA,ESC ESTEBAN ECHEVERRIA - GENERAL PAZ 556 - LA LAGUNA,5,4503,4507,Mixto,1435
6,General San Martín,79,LA PLAYOSA,ESC.PROV. 25 DE MAYO - LA RIOJA 226 - LA PLAYOSA,8,4508,4515,Mixto,2781
6,General San Martín,79,LA PLAYOSA,J DE INFANTES 25 DE MAYO - CORDOBA ESQ BELGRANO S/N - LA PLAYOSA,1,4516,4516,Mixto,346
6,General San Martín,80,LUCA,ESC.PROV.J.V.GONZALEZ - 9 DE JULIO 350 - LUCA,2,4517,4518,Mixto,638
6,General San Martín,81,MOJARRAS,ESC.PROV. ISLAS MALVINAS - RUTA PROV N 158 S/N - LAS MOJARRAS,1,4519,4519,Mixto,62
6,General San Martín,82,PALESTINA,ESC PROV CMTE L PIEDRABUENA - FELIPE LORENZATTI 875 - LA PALESTINA,2,4520,4521,Mixto,626
6,General San Martín,83,PASCO,ESC.PROV.D.F.SARMIENTO - SARMIENTO 370 - PASCO,5,4522,4526,Mixto,1507
6,General San Martín,84,SANABRIA,ESC PROV JOSE DE SAN MARTIN - PUBLICA S/N - SANABRIA,1,4527,4527,Mixto,59
6,General San Martín,86,SILVIO PELLICO,ESC.PROV.M.GUEMES - ANTONIO CONRERO 24 - SILVIO PELLICO,3,4528,4530,Mixto,744
6,General San Martín,87,TICINO,ESC. A. CAPDEVILA - MENDOZA 315 - TICINO,4,4531,4534,Mixto,1234
6,General San Martín,87,TICINO,IPEM N°180 RAFAEL OBLIGADO - MENDOZA 249 - TICINO,3,4535,4537,Mixto,923
6,General San Martín,88,TIO PUJIO,ESC.R.DE ESCALADA - 25 DE MAYO 84 - TIO PUJIO,6,4538,4543,Mixto,2089
6,General San Martín,88,TIO PUJIO,IPEM N°172 JOSE HERNANDEZ - BV PERON (EX ENTRE RIOS) 66 - TIO PUJIO,6,4544,4549,Mixto,1138
6,General San Martín,88,TIO PUJIO,IPEM N°172 JOSE HERNANDEZ - BV PERON (EX ENTRE RIOS) 66 - TIO PUJIO                                               Mixtos,1,4547,4547,Extr y Nac. Mixtos,348
6,General San Martín,89,VILLA MARIA,"ESC AGUSTIN ALVAREZ - AGUSTIN ALVAREZ 2012,PARQUE NORTE - VILLA MARIA",8,4550,4557,Mixto,2788
6,General San Martín,89,VILLA MARIA,ESC J.MARMOL - NAC. UNIDAS 385 - VILLA MARIA,9,4558,4566,Mixto,3142
6,General San Martín,89,VILLA MARIA,"ESC PADRE HUGO SALVATO - PERAZZOLO ESQ TUCUMAN S/N,B° SAN MARTIN - VILLA MARIA",8,4567,4574,Mixto,2791
6,General San Martín,89,VILLA MARIA,ESC.DR. J.BIANCO - BELGRANO 302 - VILLA MARIA,8,4575,4582,Mixto,2788
6,General San Martín,89,VILLA MARIA,"INST EL CAMINANTE - DEAN FUNES 1720,PARQUE NORTE - VILLA MARIA",8,4583,4590,Mixto,2790
6,General San Martín,89,VILLA MARIA,ESC.REP.DEL PARAGUAY - CHILE 565 - VILLA MARIA,8,4591,4598,Mixto,2790
6,General San Martín,89,VILLA MARIA,INST DEL ROSARIO - BV.ALVEAR 68 - VILLA MARIA,11,4599,4609,Mixto,3836
6,General San Martín,89,VILLA MARIA,INST.LA SANTISIMA TRINIDAD - SARSFIELD 1072 - VILLA MARIA,11,4610,4620,Mixto,3836
6,General San Martín,89,VILLA MARIA,ESC.N.AVELLANEDA - BS.AS.E INT.MACIEL 2314 - VILLA MARIA,8,4621,4628,Mixto,2792
6,General San Martín,89,VILLA MARIA,ESC.N.V.MERCANTE - SOBRAL 378 - VILLA MARIA,11,4629,4639,Mixto,3842
6,General San Martín,89,VILLA MARIA,IPEM N°275 EX COLEGIO NACIONAL - S.DEL ESTERO,10,4640,4649,Mixto,3493
6,General San Martín,618,VILLA MARIA,ESC BILINGUE BICULTURAL DANTE ALIGHIERI - GOVERNADOR SABATTINI 191 - VILLA MARIA,10,4650,4659,Mixto,3488
6,General San Martín,618,VILLA MARIA,ESC.COM.A.OCAMPO - CATAMARCA 650 - VILLA MARIA,8,4660,4667,Mixto,2790
6,General San Martín,618,VILLA MARIA,I.P.E.T.N°49 DOMINGO FAUSTINO SARMIENTO (EX N°2) - J.MULLER 651 - VILLA MARIA,9,4668,4676,Mixto,3140
6,General San Martín,618,VILLA MARIA,ESC.J.INGENIEROS - SANTA FE 1271 - VILLA MARIA,8,4677,4684,Mixto,2791
6,General San Martín,618,VILLA MARIA,ESC JUSTO JOSE DE URQUIZA - PUERTO MONTT 1152 - VILLA MARIA,9,4685,4693,Mixto,3129
6,General San Martín,618,VILLA MARIA,"ESC DR ARTURO M BAS - ARTURO M BAS 210,B° LAS PLAYAS - VILLA MARIA",8,4694,4701,Mixto,2785
6,General San Martín,618,VILLA MARIA,CENMA N° 96 - SANTA FE 643 - VILLA MARIA,8,4702,4709,Mixto,2783
6,General San Martín,618,VILLA MARIA,"INST SAN ANTONIO - AV GOBERNADOR SABATTINI 141,B° CENTRO SUD - VILLA MARIA",8,4710,4717,Mixto,2781
6,General San Martín,618,VILLA MARIA,INST SEC. M.BELGRANO - M.A.OCAMPO 1836 - VILLA MARIA,8,4718,4725,Mixto,2784
6,General San Martín,618,VILLA MARIA,INST JUAN B ALBERDI - CARLOS PELLEGRINI 415 - VILLA MARIA,8,4726,4733,Mixto,2780
6,General San Martín,618,VILLA MARIA,IPEM N° 56-ABRAHAM JUAREZ - FORMOSA ESQ AYACUCHO S/N - VILLA MARIA,8,4734,4741,Mixto,2781
6,General San Martín,618,VILLA MARIA,ESC INTEGRAL DE LECHERIA (FUNESIL) - GUILLERMO RAWSON 1899 - VILLA MARIA,13,4742,4754,Mixto,4528
6,General San Martín,618,VILLA MARIA,ESC JOSE DE SAN MARTIN - CARLOS PELEGRINI 1050 - VILLA MARIA,6,4755,4760,Mixto,2090
6,General San Martín,618,VILLA MARIA,ESC JOSE DE SAN MARTIN - CARLOS PELEGRINI 1050 - VILLA MARIA                                                 Mixtos,1,4761,4761,Extr y Nac. Mixtos,365
6,General San Martín,90,VILLA NUEVA,ESC.BME.MITRE - MITRE 1147 - VILLA NUEVA,8,4762,4769,Mixto,2799
6,General San Martín,90,VILLA NUEVA,IPET N°322 MANUEL BELGRANO - LIMA Y RIVADAVIA S/N - VILLA NUEVA,10,4770,4779,Mixto,3502
6,General San Martín,90,VILLA NUEVA,ESC PABLO VI - DEAN FUNES 757 - VILLA NUEVA,8,4780,4787,Mixto,2802
6,General San Martín,90,VILLA NUEVA,INST INMAC.CONCEPCION - CABANILLAS 416 - VILLA NUEVA,8,4788,4795,Mixto,2800
6,General San Martín,90,VILLA NUEVA,ESC.M.BELGRANO - 9 DE JULIO 960 - VILLA NUEVA,9,4796,4804,Mixto,3149
6,General San Martín,90,VILLA NUEVA,ESC.REP.DE BOLIVIA - DEAN FUNES 1250 - VILLA NUEVA,7,4805,4811,Mixto,2446
6,General San Martín,90,VILLA NUEVA,JAR.BME.MITRE - SAN MARTIN 355 - VILLA NUEVA,1,4812,4812,Mixto,349
6,General San Martín,90,VILLA NUEVA,CENMA VILLA NUEVA - Dean Funes 757 - VILLA NUEVA,8,4813,4820,Mixto,2795
6,General San Martín,90,VILLA NUEVA,"ESC PROA - PADRE HUGO SALVATTO ENTE RUTA NAC N°2 Y RIO NEGRO S/N,EL VALLECITO - VILLA NUEVA",3,4821,4823,Mixto,1048
6,General San Martín,90,VILLA NUEVA,"ESC PROA - PADRE HUGO SALVATTO ENTE RUTA NAC N°2 Y RIO NEGRO S/N,EL VALLECITO - VILLA NUEVA                Mixtos",1,4824,4824,Extr y Nac. Mixtos,354
7,Ischilín,91,AVELLANEDA,ESC.PROV.FRAY M. ESQUIU - PUBLICA S/N - AVELLANEDA,2,4825,4826,Mixto,536
7,Ischilín,91A,CANTERAS,ESC.PROV.J.V.RECLA - CANTERAS S/N - LA CANTERA,1,4827,4827,Mixto,28
7,Ischilín,91B,LOS POZOS,ESC LIB GRAL SAN MARTIN - PUBLICA S/N - LOS POZOS,1,4828,4828,Mixto,139
7,Ischilín,91C,VILLA GUTIERREZ,"ESC,PROV.M.MARTINEZ DE SUAREZ - PUBLICA S/N - VILLA GUTIERREZ",1,4829,4829,Mixto,328
7,Ischilín,92,CAÑADA DE RIO PINTO,ESC.PROV.H.VIEYTES - PUBLICA S/N - CAÑADA DE RIO PINTO,2,4830,4831,Mixto,487
7,Ischilín,93,COPACABANA,"ESC JUAN M DE PUEYRREDON - PUBLICA S/N,B°AGUA DEL MOLLE - COPACABANA",2,4832,4833,Mixto,395
7,Ischilín,94,CHUÑA,ESC PROV GRAL M GUEMES - PUBLICA S/N - CHUÑA,2,4834,4835,Mixto,687
7,Ischilín,95,DEAN FUNES,"INST PRIVADO SAGRADO CORAZON - OBISPO RAMON RIBARNE 182, ENTRE CALLE: SIN INFORMAR - DEAN FUNES",8,4836,4843,Mixto,2766
7,Ischilín,95,DEAN FUNES,ESC.PROV.GRAL SAN MARTIN - MAIPU 150 - DEAN FUNES,7,4844,4850,Mixto,2418
7,Ischilín,95,DEAN FUNES,"ESC.M.J.G.DE BELGRANO - JERONIMO L DE CABRERA 451,B° LOS ALGABBROBOS - DEAN FUNES",8,4851,4858,Mixto,2757
7,Ischilín,95,DEAN FUNES,ESC.PROV.J.M.PAZ - ALMIRANTE BROWN 355 - DEAN FUNES,5,4859,4863,Mixto,1723
7,Ischilín,95,DEAN FUNES,ESC.PEDRO N.ARIAS - CORDOBA 87 - DEAN FUNES,8,4864,4871,Mixto,2753
7,Ischilín,95,DEAN FUNES,ESC.PROV. M.MORENO - DORREGO OBRAS SANITARIAS,8,4872,4879,Mixto,2757
7,Ischilín,326,DEAN FUNES,ESC.A.M.SOBRAL - SANTIAGO DEL ESTERO Y LAS HERAS S/N - DEAN FUNES,8,4880,4887,Mixto,2758
7,Ischilín,326,DEAN FUNES,"ESC NORMAL SUPERIOR JUAN BAUTISTA ALBERDI - ESPAÑA 170,CENTRO - DEAN FUNES",6,4888,4893,Mixto,2067
7,Ischilín,326,DEAN FUNES,"ESC NORMAL SUPERIOR JUAN BAUTISTA         ALBERDI - ESPAÑA 170,CENTRO - DEAN FUNES                                     Mixtos",1,4894,4894,Extr y Nac. Mixtos,345
7,Ischilín,96A,OLIVARES SAN NICOLAS,ESC.PROV.GUIDO SPANO - PUBLICA S/N - OLIVARES DE SAN NICOLAS,2,4895,4896,Mixto,681
7,Ischilín,97,ISCHILIN,ESC FERNANDO FADER - PUBLICA S/N - ISCHILIN,1,4897,4897,Mixto,104
7,Ischilín,98,JAIME PETER,ESC FRAY GUILLERMO BUTLER - PUBLICA S/N - JAIME PETER,1,4898,4898,Mixto,69
7,Ischilín,99,QUILINO ESTACION,ESC.PROVINCIA DE BS.AIRES - MARIANO MORENO 220 - QUILINO,9,4899,4907,Mixto,2993
7,Ischilín,99,QUILINO ESTACION,ESC.PROV.M.BELGRANO - 25 DE MAYO 321 - QUILINO,6,4908,4913,Mixto,1990
7,Ischilín,100,QUILINO VILLA,ESC.PROV.D.V.SARSFIELD - VELEZ SARSFIELD S/N - VILLA QUILINO,3,4914,4916,Mixto,802
7,Ischilín,101,TOYOS,ESC PROV JOAQUIN V GONZALEZ - PUBLICA S/N - SAN PEDRO DE TOYOS,1,4917,4917,Mixto,83
8,Juárez Celman,102,ALEJANDRO,ESC.EL GRAN CAPITAN - SARMIENTO 25 - ALEJANDRO ROCA,6,4918,4923,Mixto,2001
8,Juárez Celman,102,ALEJANDRO,INST ALEJANDRO - NIEVES MARTIJENA 76 - ALEJANDRO ROCA,6,4924,4929,Mixto,1998
8,Juárez Celman,102,ALEJANDRO,ESC.MISIONEROS SALESIANOS - VELEZ SARSFIELD,5,4930,4934,Mixto,1659
8,Juárez Celman,103,ASSUNTA,ESC.PROV.D.F.SARMIENTO - PUBLICA S/N - ASSUNTA,1,4935,4935,Mixto,81
8,Juárez Celman,105,BENGOLEA,ESC.DR JUAN MANUEL PEREYRA - SAN MARTIN 626 - BENGOLEA,4,4936,4939,Mixto,1105
8,Juárez Celman,106,CABRERA,INST. SUPERIOR JERONIMO LUIS DE CABRERA - CABRERA S/N - GENERAL CABRERA,9,4940,4948,Mixto,3057
8,Juárez Celman,106,CABRERA,"ESC.PROV.J.M.PAZ - 25 DE MAYO 1183,B° LAS ROSAS - GENERAL CABRERA",8,4949,4956,Mixto,2723
8,Juárez Celman,106,CABRERA,"ESC.FRAY PIO BENTIVOGLIO - MAIPU 962,B°ARGENTINO - GENERAL CABRERA",7,4957,4963,Mixto,2381
8,Juárez Celman,106,CABRERA,"ESC,PROV.E.F.OLMOS - 20 DE SEPTIEMBRE 584 - GENERAL CABRERA",9,4964,4972,Mixto,3055
8,Juárez Celman,107,CARNERILLO,ESC SAN JOSE DE CALASANZ - PASTORA V DE AGUIRRE 13 - CARNERILLO,7,4973,4979,Mixto,2181
8,Juárez Celman,108,CHARRAS,ESC TTE CNEL J DUATE ARDOY - SARMIENTO 182 - CHARRAS,4,4980,4983,Mixto,1133
8,Juárez Celman,109,DEHEZA,ESC.ESPECIAL AMANECER - INTENDENTE JOSE FROUTE,6,4984,4989,Mixto,2084
8,Juárez Celman,1150,GENERAL DEHEZA,INST SEC. 25 DE MAYO - SAN MARTIN 136 - GENERAL DEHEZA,6,4990,4995,Mixto,2086
8,Juárez Celman,1150,GENERAL DEHEZA,ESC.PROV.GRAL SAN MARTIN - BV SAN MARTIN 251 - GENERAL DEHEZA,10,4996,5005,Mixto,3477
8,Juárez Celman,1150,GENERAL DEHEZA,INST.TEC.ADRIAN P. URQUIA - BV ALMIRANTE BROWN,8,5006,5013,Mixto,2773
8,Juárez Celman,110,EL RASTREADOR,ESC CARLOS MARIA DE ALVEAR - PUBLICA S/N - EL RASTREADOR,1,5014,5014,Mixto,105
8,Juárez Celman,110A,PACHECO DE MELO,"ESC,PROV.M.BELGRANO - 12 DE OCTUBRE S/N - PACHECO DE MELO",1,5015,5015,Mixto,123
8,Juárez Celman,111,HUANCHILLA,ESC PROV DOMINGO F SARMIENTO - CARLOS ALBERTO MAYOL S/N - HUANCHILLA,4,5016,5019,Mixto,1225
8,Juárez Celman,112,LA CARLOTA,INST.NTA.M.DE LAS MERCEDES - 9 DE JULIO 271 - LA CARLOTA,8,5020,5027,Mixto,2738
8,Juárez Celman,112,LA CARLOTA,ESC.NAC.DE COMERCIO - V.SARSFIELD 651 - LA CARLOTA,8,5028,5035,Mixto,2729
8,Juárez Celman,112,LA CARLOTA,ESC.FORTIN HEROICO - ACOSTA 673 - LA CARLOTA,9,5036,5044,Mixto,3071
8,Juárez Celman,112,LA CARLOTA,IPET N° 255 - MARIA ACOSTA 751 - LA CARLOTA,9,5045,5053,Mixto,3069
8,Juárez Celman,113,LOS CISNES,ESC DOMINGO F SARMIENTO - SRITA BERNARDINA BAIGORRI 229 - LOS CISNES,3,5054,5056,Mixto,895
8,Juárez Celman,114,OLAETA,ESC PROV.FRENCH Y BERUTTI - 25 DE MAYO 135 - OLAETA,3,5057,5059,Mixto,703
8,Juárez Celman,116,REDUCCION,ESC.CAP. F.D.ZARCO - MANUEL DE LA LASTRA 623 - VILLA REDUCCION,5,5060,5064,Mixto,1691
8,Juárez Celman,116A,PASO DEL DURAZNO,ESC.PROV.MARTIN DE ALVA - PASO DEL DURAZNO S/N - PASO DEL DURAZNO,1,5065,5065,Mixto,195
8,Juárez Celman,117,SANTA EUFEMIA,INST DR.M. BELGRANO - AV PERON 519 - SANTA EUFEMIA,7,5066,5072,Mixto,2201
8,Juárez Celman,118,UCACHA,ESC.PROV.J.B.ALBERDI - JOSE MARIA PAZ 72 - UCACHA,8,5073,5080,Mixto,2672
8,Juárez Celman,118,UCACHA,ESC.MARTIN GUERRICO - CORRIENTES Y LA RIOJA S/N - UCACHA,7,5081,5087,Mixto,2341
9,Marcos Juárez,119,ALEJO LEDESMA,INST DR ERASMO ELISEIRI - HIPILITO YRIGOYEN,4,5088,5091,Mixto,1302
9,Marcos Juárez,757,ALEJO LEDESMA,ESC N.AVELLANEDA - HIPOLITO YRIGOYEN 476 - ALEJO LEDESMA,2,5092,5093,Mixto,651
9,Marcos Juárez,757,ALEJO LEDESMA,ESC.PROV.D.F.SARMIENTO - LEANDRO N ALEM 574 - ALEJO LEDESMA,4,5094,5097,Mixto,1298
9,Marcos Juárez,120,ARIAS,ESC.R.ESCALADA DE SAN MARTIN - AV. ESPAÑA 779 - ARIAS,7,5098,5104,Mixto,2419
9,Marcos Juárez,120,ARIAS,ESC.PROV.SGTO.CABRAL - INTENDENTE MELQUIOT 922 - ARIAS,6,5105,5110,Mixto,2068
9,Marcos Juárez,120,ARIAS,"IPET N° 372 - BUENOS AIRES 1355,MATADEROS - ARIAS",6,5111,5116,Mixto,2061
9,Marcos Juárez,121,BALDISSERA,ESC JOSE MARIA PAZ - SARMIENTO 633 - GENERAL BALDISSERA,6,5117,5122,Mixto,2064
9,Marcos Juárez,122,BARGE,ESC PROV DOMINGO F SARMIENTO - PUBLICA S/N - COLONIA BARGE,2,5123,5124,Mixto,598
9,Marcos Juárez,123,CAMILO ALDAO,IPEM N°151 J URBIZU - BV JOSE M ALDAO 1160 - CAMILO ALDAO,7,5125,5131,Mixto,2317
9,Marcos Juárez,123,CAMILO ALDAO,ESC JUAN BAUTISTA ALBERDI - SAN MARTIN 650 - CAMILO ALDAO,4,5132,5135,Mixto,1322
9,Marcos Juárez,123,CAMILO ALDAO,ESC JUAN BAUTISTA ALBERDI - SAN MARTIN 650 - CAMILO ALDAO                                                      Mixtos,1,5136,5136,Extr y Nac. Mixtos,334
9,Marcos Juárez,124,CAVANAGH,ESC.SEC.TOMAS THOMAS - CORDOBA 138 - CAVANAGH,3,5137,5139,Mixto,841
9,Marcos Juárez,124,CAVANAGH,ESC.SEC.TOMAS THOMAS - CORDOBA 138 - CAVANAGH,1,5140,5140,Extr y Nac. Mixtos,281
9,Marcos Juárez,125,CORRAL DE BUSTOS,INST. SUP. JOSE MANUEL ESTRADA - SANTA FE 665 - CORRAL DE BUSTOS,6,5141,5146,Mixto,2028
9,Marcos Juárez,125,CORRAL DE BUSTOS,ESC R ESCALADA DE SAN MARTIN - ENTRE RIOS 313 - CORRAL DE BUSTOS,6,5147,5152,Mixto,2030
9,Marcos Juárez,125,CORRAL DE BUSTOS,ESC JUAN XXIII - SANTA FE 964 - CORRAL DE BUSTOS,6,5153,5158,Mixto,2029
9,Marcos Juárez,125,CORRAL DE BUSTOS,ESC NOR SUP MAESTROS ARGENTINO - 25 DE MAYO,5,5159,5163,Mixto,1691
9,Marcos Juárez,747,CORRAL DE BUSTOS,ESC HIPOLITO IRIGOYEN - AV FAUDA 278 - CORRAL DE BUSTOS,3,5164,5166,Mixto,1011
9,Marcos Juárez,126,CRUZ ALTA,ESC SANTA JUANA DE ARCO - RIVADAVIA 999 - CRUZ ALTA,7,5167,5173,Mixto,2410
9,Marcos Juárez,126,CRUZ ALTA,IPEM N° 276 DR L COLOCCINI (EX276 - SAN MARTIN,7,5174,5180,Mixto,2409
9,Marcos Juárez,1487,CRUZ ALTA,ESC LIB GRAL SAN MARTIN - RIVADAVIA 1252 - CRUZ ALTA,4,5181,5184,Mixto,1380
9,Marcos Juárez,127,GUATIMOZIN,ESC DALMACIO VELEZ SARSFIELD - AV CORDOBA 324 - GUATIMOZIN,6,5185,5190,Mixto,2055
9,Marcos Juárez,128,INRIVILLE,INST JOSE MARIA PAZ - URUGUAY 210 - INRIVILLE,5,5191,5195,Mixto,1727
9,Marcos Juárez,128,INRIVILLE,ESC MARIANO MORENO - LIBERTAD 725 - INRIVILLE,4,5196,5199,Mixto,1381
9,Marcos Juárez,128,INRIVILLE,ESC MARIANO MORENO - LIBERTAD 725 - INRIVILLE,1,5200,5200,Extr y Nac. Mixtos,352
9,Marcos Juárez,128A,SALADILLO,ESC.PROV.PAULA ALBARRACIN - AV 24 DE SEPTIEMBRE S/N - SALADILLO,1,5201,5201,Mixto,156
9,Marcos Juárez,129,ISLA VERDE,INST PARROQUIAL MONSEÑOR LUIS KLOSTER - LIBERTAD 446 - ISLA VERDE,8,5202,5209,Mixto,2772
9,Marcos Juárez,129,ISLA VERDE,ESC PROVINCIAL SANTIAGO DEL ESTERO - SARMIENTO,4,5210,5213,Mixto,1383
9,Marcos Juárez,130,LA ITALIANA,ESC.PROV.GRAL SAN MARTIN - ISLAS MALVINAS 219 - COLONIA ITALIANA,3,5214,5216,Mixto,756
9,Marcos Juárez,131,LEONES,ESC JOAQUIN V GONZALEZ - RAMON INFANTE 422 - LEONES,8,5217,5224,Mixto,2750
9,Marcos Juárez,131,LEONES,IPEM N°256-LIB GRAL SAN MARTIN - GENERAL ROCA,8,5225,5232,Mixto,2742
9,Marcos Juárez,724,LEONES,ESC DE COMERCIO Y BACHILLERATO - ALMIRANTE BROWN 551 - LEONES,8,5233,5240,Mixto,2746
9,Marcos Juárez,724,LEONES,ESC GENERAL JOSE MARIA PAZ - AV LIBERTADOR 836 - LEONES,4,5241,5244,Mixto,1371
9,Marcos Juárez,131A,VILLA ELISA,ESCUELA VICTORIA OCAMPO - MICAELA ARAYA OCAMPO LA REDENCION S/N - VILLA ELISA,1,5245,5245,Mixto,29
9,Marcos Juárez,132,LOS SURGENTES,ESC GENERAL SAN MARTIN - RIVADAVIA 324 - LOS SURGENTES,4,5246,5249,Mixto,1230
9,Marcos Juárez,132,LOS SURGENTES,"INS PRIVADO EMILIO CASTOLDI - PEDRO SAUBERAN 387,CENTRO - LOS SURGENTES",3,5250,5252,Mixto,922
9,Marcos Juárez,132,LOS SURGENTES,"INS PRIVADO EMILIO CASTOLDI - PEDRO SAUBERAN 387,CENTRO - LOS SURGENTES                                     Mixtos",1,5253,5253,Extr y Nac. Mixtos,309
9,Marcos Juárez,133,MARCOS JUAREZ,COLEGIO SAGRADO CORAZON - LARDIZABAL 545 - MARCOS JUAREZ,8,5254,5261,Mixto,2790
9,Marcos Juárez,133,MARCOS JUAREZ,ESC NORMAL SUP DR M BELGRANO - R SAENZ PEÑA Y S DEL ESTERO S/N - MARCOS JUAREZ,9,5262,5270,Mixto,3145
9,Marcos Juárez,133,MARCOS JUAREZ,ESC BERNARDINO RIVADAVIA - SAN MARTIN 694 - MARCOS JUAREZ,8,5271,5278,Mixto,2792
9,Marcos Juárez,133,MARCOS JUAREZ,IPEM N°51 NICOLAS AVELLANEDA - INTENDENTE DR JORGE LOINAS 996 - MARCOS JUAREZ,8,5279,5286,Mixto,2791
9,Marcos Juárez,133,MARCOS JUAREZ,ESC MARIANO MORENO - SAN JUAN SUR 1090 - MARCOS JUAREZ,8,5287,5294,Mixto,2790
9,Marcos Juárez,133,MARCOS JUAREZ,IPEM 93 REPUBLICA DE PERU - VELEZ SARSFIELD,8,5295,5302,Mixto,2791
9,Marcos Juárez,1300,MARCOS JUAREZ,ESCUELA BARTOLOME MITRE - HIPOLITO YRIGOYEN NOROESTE 1409 - MARCOS JUAREZ,7,5303,5309,Mixto,2441
9,Marcos Juárez,1300,MARCOS JUAREZ,INSTITUTO MARIA INMACULADA - HIPOLITO YRIGOYEN,7,5310,5316,Mixto,2441
9,Marcos Juárez,650,MARCOS JUAREZ,IPEM 277 ESTEBAN ECHEVERRIA - LARDIZABAL 1279 - MARCOS JUAREZ,6,5317,5322,Mixto,2089
9,Marcos Juárez,650,MARCOS JUAREZ,IPEM 277 ESTEBAN ECHEVERRIA - LARDIZABAL 1279 - MARCOS JUAREZ                                                Mixtos,1,5323,5323,Extr y Nac. Mixtos,350
9,Marcos Juárez,134,MONTE BUEY,ESC JOSE MANUEL ESTRADA - SARMIENTO 402 - MONTE BUEY,8,5324,5331,Mixto,2794
9,Marcos Juárez,134,MONTE BUEY,ESC MANUEL BELGRANO - 9 DE JULIO 351 - MONTE BUEY,6,5332,5337,Mixto,2089
9,Marcos Juárez,134,MONTE BUEY,INST.SEC.GRAL J.M.PAZ - MARIANO MORENO 480 - MONTE BUEY,3,5338,5340,Mixto,1042
9,Marcos Juárez,135,CAP.B.O HIGGINS,ESC.PROV.GRAL SAN MARTIN - AV ITALIA 323 - CAPITAN GENERAL BERNARDO O HIGGINS,1,5341,5341,Mixto,186
9,Marcos Juárez,135,CAP.B.O HIGGINS,ESC.PROV.GRAL SAN MARTIN - AV ITALIA 323 - CAPITAN GENERAL BERNARDO O HIGGINS                                 Mixtos,1,5342,5342,Extr y Nac. Mixtos,194
9,Marcos Juárez,136,ROCA,ESC ROQUE SAENZ PEÑA - SANTA ROSA 479 - GENERAL ROCA,5,5343,5347,Mixto,1746
9,Marcos Juárez,136,ROCA,ESC 9 DE JULIO - ALSINA SUR 517 - GENERAL ROCA,2,5348,5349,Mixto,694
9,Marcos Juárez,136,ROCA,ESC 9 DE JULIO - ALSINA SUR 517 - GENERAL ROCA,1,5350,5350,Extr y Nac. Mixtos,350
9,Marcos Juárez,137,SAIRA,INSTITUTO MANUEL BELGRANO - SAN MARTIN 629 - SAIRA,3,5351,5353,Mixto,759
10,Minas,138,CIENAGA DEL CORO,ESC PROV COMTE ROSENDO LEAL - CESAR MANUEL VERA S/N - CIENAGA DEL CORO,3,5354,5356,Mixto,793
10,Minas,138A,RUMIACO,ESC MIGUEL DE AZCUENAGA - CALLE PUBLICA S/N - RUMIACO,1,5357,5357,Mixto,15
10,Minas,138B,RUMIHUASI,ESC.PROV.FRAY M.ESQUIU - CALLE PUBLICA S/N - RUMI HUASI,1,5358,5358,Mixto,84
10,Minas,138C,ESTANCIA DE GUADALUPE,ESC PROV NIÑAS DE AYOHUMA - CALLE PUBLICA S/N - ESTANCIA DE GUADALUPE,2,5359,5360,Mixto,363
10,Minas,138D,TOSNO,ESC.PROV.MONS.R. LEAL - CALLE PUBLICA S/N - TOSNO,1,5361,5361,Mixto,167
10,Minas,139,GUASAPAMPA,ESC PROV JERONIMO CORTES - CALLE PUBLICA S/N - GUASAPAMPA,1,5362,5362,Mixto,292
10,Minas,139A,AGUA DE RAMON,ESC.PROV.R.VERA PEÑALOZA - CALLE PUBLICA S/N - AGUA DE RAMON,1,5363,5363,Mixto,71
10,Minas,139B,LA PLAYA,ESC PROV GRAJ J DE SAN MARTIN - CALLE PUBLICA S/N - LA PLAYA                                                    Mixtos,1,5364,5364,Extr y Nac. Mixtos,253
10,Minas,140,LA ARGENTINA,"ESC PROV GREGORIA PEREZ - PUBLICA S/N ,LA ARGENTINA - LA ARGENTINA",1,5365,5365,Mixto,159
10,Minas,140A,OJO DE AGUA DE TOTOX,ESC MARTIN MIGUEL DE GUEMES - CALLE PUBLICA S/N - OJO DE AGUA DE TOTOX,1,5366,5366,Mixto,73
10,Minas,141,PIEDRITA BLANCA,ESC PRIMARIA JORGE LUIS BORGES - CALLE PUBLICA S/N - PIEDRITA BLANCA,1,5367,5367,Mixto,50
10,Minas,141A,EL CHACHO,ESC PROV ANGEL V PEÑALOZA - CALLE PUBLICA S/N - EL CHACHO,1,5368,5368,Mixto,223
10,Minas,142,SAN CARLOS,IPEM N°109 JERONIMO LUIS DE CABRERA - RIVADAVIA E HIPOLITO YRIGOYEN S/N - SAN CARLOS MINAS,7,5369,5375,Mixto,2395
10,Minas,142A,TALAINI,ESC.PROV.J.J.CASTELLI. - CALLE PUBLICA S/N - TALAINI,1,5376,5376,Mixto,133
11,Pocho,144,CHANCANI,ESC PROV MARIANO MORENO - CALLE PUBLICA S/N - CHANCANI,3,5377,5379,Mixto,998
11,Pocho,144A,LAS JARILLAS,ESC.PROV.L.LUGONES - CALLE PUBLICA S/N - LAS JARILLAS,1,5380,5380,Mixto,74
11,Pocho,144B,EL MEDANITO,ESC R ESCALADA DE SAN MARTIN - CALLE PUBLICA S/N - EL MEDANITO,1,5381,5381,Mixto,52
11,Pocho,145,POCHO,ESC.PROV.D.FRENCH - CALLE PUBLICA S/N - VILLA DE POCHO,2,5382,5383,Mixto,551
11,Pocho,145A,LAS PALMAS,ESC N°157 - CALLE PUBLICA S/N - LAS PALMAS,1,5384,5384,Mixto,297
11,Pocho,146,SALSACATE,IPEM N°170 PADRE JOSE G BROCHERO - AV SAN MARTIN 350 - SALSACATE,7,5385,5391,Mixto,2196
11,Pocho,146A,TALA CAÑADA,ESC.PROV.M.BELGRANO - CALLE PUBLICA S/N - TALA CAÑADA,1,5392,5392,Mixto,349
11,Pocho,146B,SAN JERONIMO,ESC.PROV. E.ECHEVERRIA - CALLE PUBLICA S/N - SAN GERONIMO,1,5393,5393,Mixto,220
11,Pocho,146C,LOS TALARES,ESC ROQUE SAENZ PEÑA - CALLE PUBLICA S/N - LOS TALARES,1,5394,5394,Mixto,141
12,Punilla,147,BIALET MASSE,INST SERVILIANO DIAZ - SAN MARTIN 675 - BIALET MASSE,6,5395,5400,Mixto,2043
12,Punilla,147,BIALET MASSE,INST NTA SRA DEL ROSARIO - 9 DE JULIO 359 - BIALET MASSE,6,5401,5406,Mixto,2041
12,Punilla,147,BIALET MASSE,"ESC DR BIALET MASSE - ROQUE SAENZ PEÑA 91,B° CENTRO - BIALET MASSE",9,5407,5415,Mixto,3062
12,Punilla,147,BIALET MASSE,"INST THOMAS EDISON - RIO NEGRO 870,PLAYA DE ORO - BIALET MASSE",1,5416,5416,Mixto,338
12,Punilla,147,BIALET MASSE,"INST THOMAS EDISON - RIO NEGRO 870,PLAYA DE ORO - BIALET MASSE                                                Mixtos",1,5417,5417,Extr y Nac. Mixtos,341
12,Punilla,147A,SAN ROQUE,IPEM N°388 - CEFERINO NAMUNCURA Y EVA PERON S/N - SAN ROQUE,5,5418,5422,Mixto,1575
12,Punilla,147A,SAN ROQUE,IPEM N°388 - CEFERINO NAMUNCURA Y EVA PERON S/N - SAN ROQUE                                                   Mixtos,1,5423,5423,Extr y Nac. Mixtos,319
12,Punilla,147B,VILLA PARQUE SIQUIMAN,ESC DR JERONIMO J DEL BARCO - CALLE PUBLICA S/N - VILLA PARQUE SIQUIMAN,6,5424,5429,Mixto,1940
12,Punilla,147B,VILLA PARQUE SIQUIMAN,IPEM N° 406 - RUTA PROVINCIAL 38 S/N - VILLA PARQUE SIQUIMAN,4,5430,5433,Mixto,1294
12,Punilla,148,CAPILLA DEL MONTE,ESC GRAL JOSE DE SAN MARTIN - SARMIENTO 380 - CAPILLA DEL MONTE,8,5434,5441,Mixto,2752
12,Punilla,148,CAPILLA DEL MONTE,IPEM N° 279 MAESTRO LUCIANO BOUCAR - HIPOLITO YRIGOYEN 450 - CAPILLA DEL MONTE,10,5442,5451,Mixto,3441
12,Punilla,148,CAPILLA DEL MONTE,"ESC GRAL MANUEL BELGRANO - FADER Y LAVALLE S/N,B°BALUMBA - CAPILLA DEL MONTE",8,5452,5459,Mixto,2751
12,Punilla,148,CAPILLA DEL MONTE,ESC ESP JUAN MANUEL FERNANDEZ - AV PUEYRREDON,8,5460,5467,Mixto,2749
12,Punilla,149,CASA GRANDE,ESC GRAL JOSE DE SAN MARTIN - RUTA NACIONAL N°38 S/N - CASA GRANDE,2,5468,5469,Mixto,690
12,Punilla,149,CASA GRANDE,ESC GRAL JOSE DE SAN MARTIN - RUTA NACIONAL N°38 S/N - CASA GRANDE                                            Mixtos,1,5470,5470,Extr y Nac. Mixtos,348
12,Punilla,150,COSQUIN,ESC PARROQUIAL PIO XII - OBISPO BUSTOS 816 - COSQUIN,8,5471,5478,Mixto,2797
12,Punilla,150,COSQUIN,IPEM N°60 M MORENO(EX IPET 13) - PALEMON CARRANZA 1085 - COSQUIN,8,5479,5486,Mixto,2801
12,Punilla,150,COSQUIN,IPEM N°157-PTE SARMIENTO - P CARRANZA 940 - COSQUIN,9,5487,5495,Mixto,3148
12,Punilla,150,COSQUIN,ESC NORMAL SUP R SAENZ PEÑA - SAN MARTIN 394 - COSQUIN,7,5496,5502,Mixto,2450
12,Punilla,150,COSQUIN,ESC TTE GRAL JULIO A ROCA - SAN MARTIN Y SARMIENTO S/N - COSQUIN,8,5503,5510,Mixto,2802
12,Punilla,150,COSQUIN,"ESC ESP DR J REYES CONTRERAS - MONSEÑOR DE ANDREA 2300,B° S TERESITA - COSQUIN",7,5511,5517,Mixto,2446
12,Punilla,150,COSQUIN,ESC SAGRADA FAMILIA - PALERMO CARRANZA 548 - COSQUIN,10,5518,5527,Mixto,3499
12,Punilla,150,COSQUIN,ESC BRIGADER GENERAL JUAN BAUTISTA BUSTOS - SARMIENTO ESQ SAN JUAN 110 - COSQUIN,6,5528,5533,Mixto,2093
12,Punilla,150,COSQUIN,ESC BRIGADER GENERAL JUAN BAUTISTA BUSTOS - SARMIENTO ESQ SAN JUAN 110 - COSQUIN                          Mixtos,1,5534,5534,Extr y Nac. Mixtos,353
12,Punilla,151,CHARBONIER,ESC P ALBARRACIN DE SARMIENTO - CALLE PUBLICA S/N - CHARBONIER,3,5535,5537,Mixto,855
12,Punilla,152,HUERTA GRANDE,ESC BERNARDINO RIVADAVIA - NUESTRA SEÑORA DEL CARMEN 199 - HUERTA GRANDE,7,5538,5544,Mixto,2385
12,Punilla,152,HUERTA GRANDE,I.P.E.M N° 200 ING JOSE PALACIOS - ARRUBARRENA ESQ PROV UNIDAS S/N - HUERTA GRANDE,8,5545,5552,Mixto,2721
12,Punilla,152,HUERTA GRANDE,INST SUPERIOR PROF JORGE CAVANNA - SAN MARTIN,5,5553,5557,Mixto,1703
12,Punilla,152A,VILLA GIARDINO,IPEM N° 339 - LOS COCOS ESQ PEPERINA S/N - VILLA GIARDINO,7,5558,5564,Mixto,2356
12,Punilla,152A,VILLA GIARDINO,"ESC ESTEBAN ECHEVERRIA - CHILE 42,B° INDEPENDENCIA - VILLA GIARDINO",6,5565,5570,Mixto,2011
12,Punilla,152A,VILLA GIARDINO,ESC JUANA MICONO DE GIARDINO - AV SAN MARTIN,6,5571,5576,Mixto,2008
12,Punilla,153,LA CUMBRE,"ESC M E H DE GONZALEZ ELIZALDE - RIO NEGRO S/N,B°ARGENTINO - LA CUMBRE",6,5577,5582,Mixto,2061
12,Punilla,153,LA CUMBRE,"ESC NUESTRA SEÑORA DE LOURDES - LUCRECIA VILLALBA 258,SAN GERONIMO - LA CUMBRE",9,5583,5591,Mixto,3088
12,Punilla,153,LA CUMBRE,ESC JOSEFA MARIA BUSTOS - ALBERDI 277 - LA CUMBRE,7,5592,5598,Mixto,2393
12,Punilla,153,LA CUMBRE,ESC JOSEFA MARIA BUSTOS - ALBERDI 277 - LA CUMBRE                                                         Mixtos,1,5599,5599,Extr y Nac. Mixtos,348
12,Punilla,154,LA FALDA,"ESC JOSE MARIA PAZ - HIPOLITO YRIGOYEN 431,B° SAN JORGE - LA FALDA",7,5600,5606,Mixto,2402
12,Punilla,154,LA FALDA,"IPEM N°142 JOAQUIN V GONZALEZ - SAN GERONIMO Y LAS AMERICAS S/N ,LA FALDA - LA FALDA",9,5607,5615,Mixto,3084
12,Punilla,154,LA FALDA,ESC MATEO J MOLINA - AV EDEN 445 - LA FALDA,8,5616,5623,Mixto,2743
12,Punilla,154,LA FALDA,"ESC NICOLAS AVELLANEDA - PROGRESO 399,B° SANTA ROSA - LA FALDA",7,5624,5630,Mixto,2395
12,Punilla,154,LA FALDA,"ESC AERONAUTICA ARGENTINA - OCAMPO Y ROMAN DEHEZA S/N,B° LA LOMITA - LA FALDA",6,5631,5636,Mixto,2051
12,Punilla,154,LA FALDA,"INST DANTE ALIGHIERI - LEOPOLDO LUGONES 341,CENTRO - LA FALDA",5,5637,5641,Mixto,1713
12,Punilla,154,LA FALDA,"INST DANTE ALIGHIERI - LEOPOLDO LUGONES 341,CENTRO - LA FALDA                                          Mixtos",1,5642,5642,Extr y Nac. Mixtos,343
12,Punilla,155,SAN ESTEBAN,ESC INES MOYANO DE MOLINA - MANUEL MUJICA LAINEZ S/N - SAN ESTEBAN,3,5643,5645,Mixto,996
12,Punilla,155A,LOS COCOS,"IPEA N° 343 - LAS ACACIAS S/N,B° CENTRO - LOS COCOS",3,5646,5648,Mixto,888
12,Punilla,155A,LOS COCOS,"IPEA N° 343 - LAS ACACIAS S/N,B° CENTRO - LOS COCOS                                                          Mixtos",1,5649,5649,Extr y Nac. Mixtos,298
12,Punilla,156,VILLA CARLOS PAZ,ESC CARLOS NICANDRO PAZ - SAN MARTIN 255 - VILLA CARLOS PAZ,9,5650,5658,Mixto,3138
12,Punilla,156,VILLA CARLOS PAZ,"ESC PRESIDENTE SARMIENTO - LOS GIGANTES S/N,B° M.MUÑOZ - VILLA CARLOS PAZ",8,5659,5666,Mixto,2792
12,Punilla,156,VILLA CARLOS PAZ,"ESC ISLA DE LOS ESTADOS - LOS CEIBOS S/N,B°LA QUINTA - VILLA CARLOS PAZ",8,5667,5674,Mixto,2795
12,Punilla,156,VILLA CARLOS PAZ,"INST ALFONSINA STORNI(EX IESS) - SOLIS 283,B° VILLA DOMINGUEZ - VILLA CARLOS PAZ",10,5675,5684,Mixto,3488
12,Punilla,156,VILLA CARLOS PAZ,"INST BERNARDO D ELIA - ASUNCION 440,B°LA QUINTA - VILLA CARLOS PAZ",8,5685,5692,Mixto,2793
12,Punilla,156,VILLA CARLOS PAZ,"INST R ESCALADA DE SAN MARTIN - ESTRADA Y ANTARTIDA S/N,B° SAN ROQUE - VILLA CARLOS PAZ",9,5693,5701,Mixto,3141
12,Punilla,156,VILLA CARLOS PAZ,"INST INDUSTRIAL CRISTO OBRERO - FLORENCIO SANCHEZ S/N,B°LAS MALVINAS - VILLA CARLOS PAZ",8,5702,5709,Mixto,2792
12,Punilla,156,VILLA CARLOS PAZ,ESC JOSE DE SAN MARTIN - AMEGHINO Y BALCARCE S/N - VILLA CARLOS PAZ,7,5710,5716,Mixto,2443
12,Punilla,156,VILLA CARLOS PAZ,"IPEM N° 365-DR RENE FAVALORO - GOBERNADOR ALVAREZ 131,B° S R DEL LAGO - VILLA CARLOS PAZ",8,5717,5724,Mixto,2795
12,Punilla,156,VILLA CARLOS PAZ,INST BILINGUE DANTE ALIGHIERI - ALFONSINA STORNI Y LOS ALERCES S/N - VILLA CARLOS PAZ,8,5725,5732,Mixto,2788
12,Punilla,156,VILLA CARLOS PAZ,ESC BERNARDINO RIVADAVIA - ROMA 1100 - VILLA CARLOS PAZ,6,5733,5738,Mixto,2092
12,Punilla,156,VILLA CARLOS PAZ,"ESC JULIETA DELFINO - GOB ALCORTA 189,B°SANTA RITA - VILLA CARLOS PAZ",8,5739,5746,Mixto,2794
12,Punilla,156,VILLA CARLOS PAZ,"ESC RICARDO BERNABE FERNANDEZ - LAS MARGARITAS 255,B° VA INDEPENDENCIA - VILLA CARLOS PAZ",8,5747,5754,Mixto,2780
12,Punilla,156,VILLA CARLOS PAZ,"ESC JOSE A ALVAREZ CONDARCO - IGUALDAD 199,B°SAN IGNACIO - VILLA CARLOS PAZ",6,5755,5760,Mixto,2089
12,Punilla,156,VILLA CARLOS PAZ,"ESC INTENDENTE GRIMBERG - INT GRIMBERG S/N,B° LAS COLINAS - VILLA CARLOS PAZ",8,5761,5768,Mixto,2780
12,Punilla,156,VILLA CARLOS PAZ,"ESC COSTA AZUL - HUARPES Y COMECHINGONES S/N,B°COSTA AZUL - VILLA CARLOS PAZ",8,5769,5776,Mixto,2790
12,Punilla,156,VILLA CARLOS PAZ,"ESC MANUEL BELGRANO - JUAN S BACH 521,B° COSTA AZUL - VILLA CARLOS PAZ",4,5777,5780,Mixto,1393
12,Punilla,156,VILLA CARLOS PAZ,IPEM N°359 ARTURO HUMBERTO ILLIA - AZOPARDO ESQ IRAN S/N - VILLA CARLOS PAZ,9,5781,5789,Mixto,3132
12,Punilla,156,VILLA CARLOS PAZ,IPEM N° 382 MANUEL DIAZ MARIÑO - ROMA COLINAS II S/N - VILLA CARLOS PAZ,8,5790,5797,Mixto,2783
12,Punilla,156,VILLA CARLOS PAZ,"ESC NUEVA LATINOAMERICA - AV RAMON CARCANO 1900,LAS ROSAS - VILLA CARLOS PAZ",7,5798,5804,Mixto,2436
12,Punilla,156,VILLA CARLOS PAZ,IPEM N°316 EVA DUARTE PERON - ROMA COLINAS S/N - VILLA CARLOS PAZ,8,5805,5812,Mixto,2785
12,Punilla,156,VILLA CARLOS PAZ,INST DE ENSEÑANZA ESPECIAL MARIETTE LYDIS - CASSAFFOUSTH 85 - VILLA CARLOS PAZ,5,5813,5817,Mixto,1737
12,Punilla,156,VILLA CARLOS PAZ,INST DE ENSEÑANZA ESPECIAL MARIETTE LYDIS - CASSAFFOUSTH 85 - VILLA CARLOS PAZ                            Mixtos,1,5818,5818,Extr y Nac. Mixtos,355
12,Punilla,156A,YCHO CRUZ,ESC MERCEDES S M DE BALCARCE - GENERAL SAN MARTIN 50 - VILLA RIO ICHO CRUZ,6,5819,5824,Mixto,2038
12,Punilla,156A,YCHO CRUZ,ESC MERCEDES S M DE BALCARCE - GENERAL SAN MARTIN 50 - VILLA RIO ICHO CRUZ                               Mixtos,1,5825,5825,Extr y Nac. Mixtos,342
12,Punilla,156B,CUESTA BLANCA,IPEM N°117 DANTE BONETI - RUTA PROVINCIAL 14 S/N - CUESTA BLANCA,2,5826,5827,Mixto,485
12,Punilla,156B,CUESTA BLANCA,IPEM N°117 DANTE BONETI - RUTA PROVINCIAL 14 S/N - CUESTA BLANCA                                               Mixtos,1,5828,5828,Extr y Nac. Mixtos,244
12,Punilla,156C,MAYU SUMAJ,LOCAL COMUNAL - CALLE PUBLICA S/N - MAYU SUMAJ,4,5829,5832,Mixto,1237
12,Punilla,156C,MAYU SUMAJ,LOCAL COMUNAL - CALLE PUBLICA S/N - MAYU SUMAJ,1,5833,5833,Extr y Nac. Mixtos,311
12,Punilla,156D,SAN ANTONIO DE ARREDONDO,"ESC JUAN JOSE PASO - RUTA PROV. 14-KM.43 S/N,B° CENTRO - SAN ANTONIO DE ARREDONDO",8,5834,5841,Mixto,2736
12,Punilla,156D,SAN ANTONIO DE ARREDONDO,IPEM N°348 GABRIEL GARCIA MARQUEZ - RUTA 14 Y CNO A LAS JARILLAS S/N - SAN ANTONIO DE ARREDONDO,8,5842,5849,Mixto,2729
12,Punilla,156D,SAN ANTONIO DE ARREDONDO,"J DE INF JUAN JOSE PASO - PUBLICA S/N ,SAN A DE ARREDONDO - SAN ANTONIO DE ARREDONDO                           Mixtos",1,5850,5850,Extr y Nac. Mixtos,342
12,Punilla,156E,TALA HUASI,LOCAL COMUNAL - PUCARA ESQ CARREGA NUÑEZ S/N - TALA HUASI                                                        Mixtos,1,5851,5851,Extr y Nac. Mixtos,287
12,Punilla,157,SANTA MARIA,ESC SAN ROQUE - LAVALLE VILLA BUSTOS 2730 - SANTA MARIA DE PUNILLA,6,5852,5857,Mixto,2082
12,Punilla,157,SANTA MARIA,ESC BENJAMIN MATIENZO - DR.MIGUEL A. VOCOS S/N - SANTA MARIA DE PUNILLA,4,5858,5861,Mixto,1387
12,Punilla,157,SANTA MARIA,"ESC JUAN BAUTISTA AZOPARDO - SARMIENTO 59,B° V BUSTOS - SANTA MARIA DE PUNILLA",7,5862,5868,Mixto,2425
12,Punilla,157,SANTA MARIA,INST. SEC. ORIENTACION REGIONAL ISOR - VILLA BUSTOS S/N - SANTA MARIA DE PUNILLA,8,5869,5876,Mixto,2775
12,Punilla,157,SANTA MARIA,IPEM N°393 - ALMAFUERTE ESQ SANTA ANA S/N - SANTA MARIA DE PUNILLA,2,5877,5878,Mixto,694
12,Punilla,157,SANTA MARIA,IPEM N°393 - ALMAFUERTE ESQ SANTA ANA S/N - SANTA MARIA DE PUNILLA                                            Mixtos,1,5879,5879,Extr y Nac. Mixtos,350
12,Punilla,158,TANTI,"INST SAN JOSE - JUAN XXIII 39,EL DIQUESITO - TANTI",7,5880,5886,Mixto,2379
12,Punilla,158,TANTI,"ESC DOMINGO FAUSTINO SARMIENTO - MARIANO MORENO 597,B°VILLA NUEVA TANTI - TANTI",9,5887,5895,Mixto,3060
12,Punilla,158,TANTI,"IPEM N°84 J VOCOS LESCANO - SAN FRANCISCO 33,B°LA ESTANCIA - TANTI",8,5896,5903,Mixto,2720
12,Punilla,158,TANTI,"IPEM N°84 J VOCOS LESCANO - SAN FRANCISCO 33,B°LA ESTANCIA - TANTI                                          Mixtos",1,5904,5904,Extr y Nac. Mixtos,341
12,Punilla,158A,CABALANGO,ESC.PROV.D. FRENCH - EL CHAÑAR 69 - CABALANGO,3,5905,5907,Mixto,1032
12,Punilla,158B,ESTANCIA VIEJA,ESC PROV COSME ARGERICH ANEXO - CALLE SAN MARTIN S/N - ESTANCIA VIEJA,3,5908,5910,Mixto,1017
12,Punilla,158B,ESTANCIA VIEJA,J DE INFANTES COSME ARGERICH - SAN MARTIN S/N - ESTANCIA VIEJA,3,5911,5913,Mixto,1014
12,Punilla,158C,VILLA SANTA CRUZ DEL LAGO,ESC COSME ARGERICH - LAS AZUCENAS S/N - VILLA SANTA CRUZ DEL LAGO,5,5914,5918,Mixto,1735
12,Punilla,158C,VILLA SANTA CRUZ DEL LAGO,IPEM N° 332 DR RICARDO LUTI - LOS TALAS ESQ. LAS ROSAS S/N - VILLA SANTA CRUZ DEL LAGO,6,5919,5924,Mixto,2077
12,Punilla,159,VALLE HERMOSO,IPEM N° 335 LUIS ALBERTO SPINETTA - GOBERNADOR NUÑEZ 73 - VALLE HERMOSO,8,5925,5932,Mixto,2782
12,Punilla,159,VALLE HERMOSO,INST.NTA.SRA. DEL CALVARIO - SAN MARTIN 12 - VALLE HERMOSO,6,5933,5938,Mixto,2088
12,Punilla,159,VALLE HERMOSO,"ESC CAPITAN JUAN DE ZEBALLOS - GOB NUÑEZ S/N- B°SAN MARTIN ,VALLE HERMOSO - VALLE HERMOSO",4,5939,5942,Mixto,1390
12,Punilla,159,VALLE HERMOSO,"ESC CAPITAN JUAN DE ZEBALLOS - GOB NUÑEZ S/N- B°SAN MARTIN ,VALLE HERMOSO - VALLE HERMOSO                       Mixtos",1,5943,5943,Extr y Nac. Mixtos,348
13,Río Cuarto,160,ACHIRAS,ESC DOMINGO FAUSTINO SARMIENTO - SARMIENTO 425 - ACHIRAS,9,5944,5952,Mixto,2853
13,Río Cuarto,160A,LA CAROLINA,"ESC PROV DOMINGO F SARMIENTO - PUBLICA S/N,B° EL POTOSI - LA CAROLINA",1,5953,5953,Mixto,298
13,Río Cuarto,161,ADELIA MARIA,"INSTITUTO ADELIA MARIA - AV SAN MARTIN 1050,B° CENTRO - ADELIA MARIA",8,5954,5961,Mixto,2678
13,Río Cuarto,161,ADELIA MARIA,ESC BERNARDINO RIVADAVIA - JOSE HERNANDEZ NORTE 125 - ADELIA MARIA,6,5962,5967,Mixto,2012
13,Río Cuarto,161,ADELIA MARIA,"ESC GENERAL SAN MARTIN - SARMIENTO 98,B° CENTRO - ADELIA MARIA",5,5968,5972,Mixto,1670
13,Río Cuarto,161,ADELIA MARIA,"ESC GENERAL SAN MARTIN - SARMIENTO 98,B° CENTRO - ADELIA MARIA                                             Mixtos",1,5973,5973,Extr y Nac. Mixtos,334
13,Río Cuarto,162,ALCIRA,"ESC JOSE MARIA PAZ - GRAL ROCA 643,B° CENTRO - ALCIRA",6,5974,5979,Mixto,1979
13,Río Cuarto,162,ALCIRA,ESC PERITO FRANCISCO MORENO - DEAN FUNES Y HEROES ANONIMOS S/N - ALCIRA,6,5980,5985,Mixto,1977
13,Río Cuarto,162,ALCIRA,"ESC NORM SUP JOSE M ESTRADA - BV MORCILLO COOK Y RUTA NACIONAL 36 S/N,B° BELLA VISTA - ALCIRA",5,5986,5990,Mixto,1649
13,Río Cuarto,163,ALPA CORRAL,"IPEM N° 119 NESTOR ZARAZAGA - GOBERNADOR JULIO BORDA S/N,B° VILLA SANTA EUGENIA - ALPA CORRAL",5,5991,5995,Mixto,1573
13,Río Cuarto,164,BAIGORRIA,IPEM N°91 RITA ARGUELLO - MITRE 488 - CORONEL BAIGORRIA,4,5996,5999,Mixto,1241
13,Río Cuarto,164,BAIGORRIA,ESC PROV BERNARDINO RIVADAVIA - VELEZ SARSFIELD 50 - CORONEL BAIGORRIA,3,6000,6002,Mixto,929
13,Río Cuarto,165,BANDA NORTE,ESC ANGELES CUSTODIOS - ISABEL LA CATOLICA Y E JENNER S/N - BANDA NORTE,8,6003,6010,Mixto,2800
13,Río Cuarto,165,BANDA NORTE,"ESC DR ADOLFO ALSINA - AVENIDA GARIBALDI 740,BANDA NORTE - BANDA NORTE",8,6011,6018,Mixto,2793
13,Río Cuarto,165,BANDA NORTE,"ESC MERC DEL NIÑO JESUS/S FCO ASIS - VICTOR HUGO 885,CENTRO - BANDA NORTE",9,6019,6027,Mixto,3140
13,Río Cuarto,165,BANDA NORTE,"INST SUP RAMON MENENDEZ PIDAL - AV JOSE GARIBALDI 50,BANDA NORTE - RIO CUARTO",8,6028,6035,Mixto,2793
13,Río Cuarto,165,BANDA NORTE,"ESC PROVINCIA SANTA CRUZ - SANTA FE ESQ URUGUAY S/N ,BANDA NORTE - RIO CUARTO",8,6036,6043,Mixto,2787
13,Río Cuarto,165,BANDA NORTE,"ESC REPUBLICA DEL URUGUAY - SAN LUIS 342,BANDA NORTE - RIO CUARTO",6,6044,6049,Mixto,2092
13,Río Cuarto,165,BANDA NORTE,"IPEM N°95 M SANCHEZ DE THOMPSON - MANCO CAPAC 50,BANDA NORTE - RIO CUARTO",9,6050,6058,Mixto,3131
13,Río Cuarto,165,BANDA NORTE,"CNMA 24-ANEXO PCIA STA CRUZ (10 DE JUNIO) - EL SALVADOR 850,B°BALACO BANDA NORTE - RIO CUARTO",7,6059,6065,Mixto,2436
13,Río Cuarto,165,BANDA NORTE,"IPEM N°28 VILLA DE LA CONCEPCION - VENEZUELA 950,BANDA NORTE - RIO CUARTO",8,6066,6073,Mixto,2787
13,Río Cuarto,165,BANDA NORTE,ESC LEOPOLDO LUGONES - FRAY QUIRICO PORRECA,6,6074,6079,Mixto,2088
13,Río Cuarto,1310,BANDA NORTE,ESC HEBE SAN MARTIN DE DUPRAT - GRITO DE ALCORTA Y ARAUCANOS S/N - BANDA NORTE,8,6080,6087,Mixto,2784
13,Río Cuarto,1310,BANDA NORTE,ESC EDUCATIVO ATICA - ISABEL LA CATOLICA 755 - BANDA NORTE,6,6088,6093,Mixto,2087
13,Río Cuarto,1310,BANDA NORTE,ESC EDUCATIVO ATICA - ISABEL LA CATOLICA 755 - BANDA NORTE                                                             Mixtos,1,6094,6094,Extr y Nac. Mixtos,349
13,Río Cuarto,166,BERROTARAN,ESC VICTOR MERCANTE - FRAY MAMERTO ESQUIU 25 - BERROTARAN,8,6095,6102,Mixto,2707
13,Río Cuarto,166,BERROTARAN,ESC FCO ORTIZ DE OCAMPO - SARMIENTO NORTE 475 - BERROTARAN,6,6103,6108,Mixto,2033
13,Río Cuarto,166,BERROTARAN,INST PARROQUIAL BERROTARAN - AQUINO ARGUELLO ARDILES 207 - BERROTARAN,5,6109,6113,Mixto,1686
13,Río Cuarto,167,BULNES,ESC.FRAY M        ALVAREZ - SARMIENTO 187 - BULNES,4,6114,6117,Mixto,1061
13,Río Cuarto,168,CHAJAN,ESC PROV GRAL J DE SAN MARTIN - BV CORDOBA S/N - CHAJAN,3,6118,6120,Mixto,838
13,Río Cuarto,169,CHUCUL,ESC SUBTTE RODOLFO H BERDINA - AV SAN MARTIN S/N - CHUCUL,1,6121,6121,Mixto,248
13,Río Cuarto,169,CHUCUL,ESC SUBTTE RODOLFO H BERDINA - AV SAN MARTIN S/N - CHUCUL                                                       Mixtos,1,6122,6122,Extr y Nac. Mixtos,250
13,Río Cuarto,170,ELENA,INST SEC LA ASUNCION DE MARIA - PASAJE CURA BROCHERO 189 - ELENA,5,6123,6127,Mixto,1638
13,Río Cuarto,170,ELENA,ESC RICARDO GUTIERREZ - ALBERDI 377 - ELENA,4,6128,6131,Mixto,1313
13,Río Cuarto,171,ESPINILLO,ESC PROV JOSE DE SAN MARTIN - RUTA NACIONAL 36 KM 614 S/N - ESPINILLO,1,6132,6132,Mixto,144
13,Río Cuarto,172,HOLMBERG,"ESC.PROV.C.SAAVEDRA - AV GENERAL PAZ 263,B° CENTRO - SANTA CATALINA(EST.HOLMBERG)",7,6133,6139,Mixto,2335
13,Río Cuarto,172,HOLMBERG,ESC.S.R.DE ZAVALIA - INGENIERO MILITAR CARULLA S/N - SANTA CATALINA (EST. HOLMBERG),6,6140,6145,Mixto,2005
13,Río Cuarto,172,HOLMBERG,IPEA N°215 RAUL SCALABRINI ORTIZ - CALLE PUBLICA S/N - SANTA CATALINA (EST. HOLMBERG),6,6146,6151,Mixto,2001
13,Río Cuarto,174,LA CAUTIVA,ESC PROV JOSE DE SAN MARTIN - SAN MARTIN S/N - LA CAUTIVA,3,6153,6155,Mixto,859
13,Río Cuarto,175,LA GILDA,ESC PROV JOSE DE SAN MARTIN - CALLE PUBLICA S/N - LA GILDA,1,6156,6156,Mixto,61
13,Río Cuarto,176,LA INVERNADA,ESC R ESCALADA DE SAN MARTIN - CALLE PUBLICA S/N - LA INVERNADA,1,6157,6157,Mixto,61
13,Río Cuarto,177,LAS ACEQUIAS,ESC LEONILA DE LAS M LEMOS - MAIPU NORTE 535 - LAS ACEQUIAS,8,6158,6165,Mixto,2719
13,Río Cuarto,178,LAS CAÑITAS,ESC.PROV.J.DE SAN MARTIN - CALLE PUBLICA S/N - LAS TAPIAS,1,6166,6166,Mixto,52
13,Río Cuarto,178A,LAS ALBAHACAS,ESC.C.G. DE REZZANO - CALLE 11 S/N - LAS ALBAHACAS,2,6167,6168,Mixto,517
13,Río Cuarto,178B,VILLA EL CHACAY,ESC.ALBERGUE J.HERNANDEZ - CALLE PUBLICA S/N - VILLA EL CHACAY,1,6169,6169,Mixto,140
13,Río Cuarto,179,LAS HIGUERAS,ESC JORGE ALEJANDRO NEWBERY - ESPAÑA 36 - LAS HIGUERAS,8,6170,6177,Mixto,2770
13,Río Cuarto,179,LAS HIGUERAS,"J DE INFANTE JORGE ALEJANDRO NEWBERY - ESPAÑA 86,B°SAN MARTIN - LAS HIGUERAS",4,6178,6181,Mixto,1384
13,Río Cuarto,179,LAS HIGUERAS,"I.P.E.A Y T,N°186- CAPITAN LUIS D J CASTAGNARI - CARLOS GARDEL Y CAPITAN CASTAGNARI S/N - LAS HIGUERAS",5,6182,6186,Mixto,1730
13,Río Cuarto,179,LAS HIGUERAS,"IPET N°258 MAYOR ING FRANCISCO DE ARTEAGA - RUTA 158 KM 280 S/N,B° AREA MATERIAL - LAS HIGUERAS",7,6187,6193,Mixto,2420
13,Río Cuarto,179,LAS HIGUERAS,"IPET N°258 MAYOR ING FRANCISCO DE ARTEAGA - RUTA 158 KM 280 S/N,B° AREA MATERIAL - LAS                    Mixtos HIGUERAS",1,6194,6194,Extr y Nac. Mixtos,346
13,Río Cuarto,180,LAS PEÑAS,ESC.PROV.J.M.PAZ - AVDA. 22 DE OCTUBRE S/N - LAS PEÑAS,1,6195,6195,Mixto,192
13,Río Cuarto,181,LOS CUATRO VIENTOS,ESC ANTONIO SOBRAL - CALLE PUBLICA S/N - CUATRO VIENTOS,1,6196,6196,Mixto,174
13,Río Cuarto,182,LAS VERTIENTES,ESC CAP DE FRAGATA MOYANO - JULIANA GARCIA P,3,6197,6199,Mixto,1011
13,Río Cuarto,183,VICUÑA MACKENNA,ESC GRAL NAPOLEON URIBURU - LIB GENERAL SAN MARTIN 318 - VICUÑA MACKENNA,8,6220,6227,Mixto,2781
13,Río Cuarto,183,VICUÑA MACKENNA,"IPEM N° 65 JUAN DE MENA - ARTURO ILLIA 261,B° CENTRO - VICUÑA MACKENNA",6,6200,6205,Mixto,2082
13,Río Cuarto,183,VICUÑA MACKENNA,"INST JUAN PASCUAL PRINGLES - AV CARLOS S YDE 684,B° CENTRO - VICUÑA MACKENNA",8,6206,6213,Mixto,2779
13,Río Cuarto,183,VICUÑA MACKENNA,ESC GUIDO SPANO - SARMIENTO 672 - VICUÑA MACKENNA,6,6214,6219,Mixto,2085
13,Río Cuarto,184,MOLDES,ESC FRAY MARCOS DONATTI - 9 DE JULIO 626 - CORONEL MOLDES,7,6228,6234,Mixto,2390
13,Río Cuarto,184,MOLDES,IPEM N°94 DOLORES L DE LAVALLE - CALLE PUBLICA S/N - CORONEL MOLDES,8,6235,6242,Mixto,2717
13,Río Cuarto,184,MOLDES,ESC NICOLAS AVELLANEDA - MITRE 74 - CORONEL MOLDES,8,6243,6250,Mixto,2723
13,Río Cuarto,184,MOLDES,ESC CARLOS N VERGARA - JUAN JOSE PASO 8 ALBERDI S/N - CORONEL MOLDES,2,6251,6252,Mixto,680
13,Río Cuarto,184A,MONTE DE LOS GAUCHOS,ESC.PROV.M.BELGRANO - SARMIENTO S/N - MONTE DE LOS GAUCHOS,3,6253,6255,Mixto,830
13,Río Cuarto,186,PUEBLO ALBERDI,"ESC NICOLAS AVELLANEDA - VICENTE LOPEZ 538,PUEBLO ALBERDI - RIO CUARTO",9,6257,6265,Mixto,3130
13,Río Cuarto,186,PUEBLO ALBERDI,"IPEM N°26 JUAN FILLOY - BELISARIO ROLDAN 535,PUEBLO ALBERDI - RIO CUARTO",8,6266,6273,Mixto,2776
13,Río Cuarto,186,PUEBLO ALBERDI,"ESC MARIA BENITA ARIAS - MONTEVIDEO 751,PUEBLO ALBERDI - RIO CUARTO",8,6274,6281,Mixto,2783
13,Río Cuarto,186,PUEBLO ALBERDI,"ESC GRAL JUSTO S ANAYA - AZOPARDO FENIX 1270,PUEBLO ALBERDI - RIO CUARTO",10,6282,6291,Mixto,3472
13,Río Cuarto,186,PUEBLO ALBERDI,"ESCUELA MARIANO MORENO - MONTEVIDEO 528,B° PUEBLO ALBERDI - RIO CUARTO",6,6292,6297,Mixto,2086
13,Río Cuarto,186,PUEBLO ALBERDI,"INST LANTERIANO LA MERCED - BELISARIO ROLDAN 275,PUEBLO ALBERDI - RIO CUARTO",8,6298,6305,Mixto,2777
13,Río Cuarto,186,PUEBLO ALBERDI,"ESC ARZOBISPO ANTONIO ESPINOSA - OLEGARIO ANDRADE 1020,PUEBLO ALBERDI - RIO CUARTO",10,6306,6315,Mixto,3476
13,Río Cuarto,186,PUEBLO ALBERDI,"IPET 314- GRAL J DE SAN MARTIN - GUEMES 1600,B°PUEBLO ALBERDI - RIO CUARTO",7,6316,6322,Mixto,2429
13,Río Cuarto,186,PUEBLO ALBERDI,"ESC MARIA EVA DUARTE - ENTRE RIOS ESQ ANCHORENA S/N ,B° ALBERDI RIO IV - RIO CUARTO",6,6323,6328,Mixto,2083
13,Río Cuarto,186,PUEBLO ALBERDI,IPEM N°79 ING RENATO DE MARCO - LEANDRO ALEM,8,6329,6336,Mixto,2771
13,Río Cuarto,187,PUEYRREDON,ESC CAP DE NAV S ALBARRACIN - CALLE PUBLICA S/N - COLONIA PUEYRREDON,1,6337,6337,Mixto,97
13,Río Cuarto,188,RIO CUARTO,ESC.NORM.NAC.MIXTA - CONSTITUCION 1040 - RIO CUARTO,9,6338,6346,Mixto,3139
13,Río Cuarto,188,RIO CUARTO,IPEM N° 27 DR RENE FAVALORO - 11 DE NOVIEMBRE,7,6347,6353,Mixto,2440
13,Río Cuarto,1150,RIO CUARTO,INST SAN BUENAVENTURA - SAN MARTIN 250 - RIO CUARTO,8,6354,6361,Mixto,2793
13,Río Cuarto,1150,RIO CUARTO,IPEM N°362 JUAN POLITANO - PROVINCIA DE LA RIOJA 1615 - RIO CUARTO,8,6362,6369,Mixto,2787
13,Río Cuarto,1150,RIO CUARTO,ESC FLORENTINO AMEGHINO - 9 DE JULIO 314 - RIO CUARTO,8,6370,6377,Mixto,2786
13,Río Cuarto,1150,RIO CUARTO,ESC SANTA EUFRASIA - Maria Olguin 953 - RIO CUARTO,8,6378,6385,Mixto,2797
13,Río Cuarto,1150,RIO CUARTO,IPEM N°203 DR JUAN BAUTISTA DICHIARA - BOLIVAR Y ALBERDI 335 - RIO CUARTO,8,6386,6393,Mixto,2796
13,Río Cuarto,1150,RIO CUARTO,ESC GENERAL PAZ - MITRE 850 - RIO CUARTO,9,6394,6402,Mixto,3140
13,Río Cuarto,1150,RIO CUARTO,ESC NTRA SRA DEL CARMEN - BAIGORRIA 373 - RIO CUARTO,9,6403,6411,Mixto,3137
13,Río Cuarto,1150,RIO CUARTO,"ESC ALTE BROWN - RIO QUINTO 660,CENTRO - RIO CUARTO",7,6412,6418,Mixto,2441
13,Río Cuarto,1150,RIO CUARTO,ESC CRISTO REY - CONSTITUCION 400 - RIO CUARTO,8,6419,6426,Mixto,2791
13,Río Cuarto,1150,RIO CUARTO,"ESC GRAL ROCA - PASO 790,B°S ROSA - RIO CUARTO",9,6427,6435,Mixto,3140
13,Río Cuarto,1150,RIO CUARTO,"ESC BARTOLOME MITRE - LAVALLE 1452,CENTRO - RIO CUARTO",9,6436,6444,Mixto,3136
13,Río Cuarto,1150,RIO CUARTO,ESC 21 DE JULIO - BAIGORRIA 552 - RIO CUARTO,8,6445,6452,Mixto,2785
13,Río Cuarto,1150,RIO CUARTO,ESC MANUEL BELGRANO - SOBREMONTE 1333 - RIO CUARTO,8,6453,6460,Mixto,2787
13,Río Cuarto,1150,RIO CUARTO,"IPET N° 259 AMBROSIO OLMOS - BAIGORRIA 527,RIO CUARTO - RIO CUARTO",9,6461,6469,Mixto,3134
13,Río Cuarto,1150,RIO CUARTO,ESC.NORMAL COMERCIAL - BAIGORRIA 463 - RIO CUARTO,9,6470,6478,Mixto,3135
13,Río Cuarto,1150,RIO CUARTO,"ESC VELEZ SARSFIELD - MENDOZA 1502,CENTRO - RIO CUARTO",8,6479,6486,Mixto,2793
13,Río Cuarto,1150,RIO CUARTO,ESC PIAS - BV GRAL ROCA 701 - RIO CUARTO,7,6487,6493,Mixto,2439
13,Río Cuarto,1150,RIO CUARTO,ESC GALILEO GALILEI - ALVEAR 1040 - RIO CUARTO,8,6494,6501,Mixto,2783
13,Río Cuarto,1150,RIO CUARTO,INST LEONARDO DA VINCI - GODOY CRUZ 511 - RIO CUARTO,8,6502,6509,Mixto,2784
13,Río Cuarto,1150,RIO CUARTO,"ESC SAN JUAN DE LA CRUZ - PTE PERON (O) 1321,B°HIPODROMO - RIO CUARTO",8,6510,6517,Mixto,2783
13,Río Cuarto,1150,RIO CUARTO,"INST STA MARIA TERESA GORETTI - PASAJE SAENZ 2851,B°PIZARRO - RIO CUARTO",8,6518,6525,Mixto,2780
13,Río Cuarto,1150,RIO CUARTO,"ESC CONCORDIA - PEDRO VARGAS 260,B°INDUSTRIAL - RIO CUARTO",7,6526,6532,Mixto,2437
13,Río Cuarto,1150,RIO CUARTO,ESC HISPANO ARGENTINO - FOTHERINGHAM 68 - RIO CUARTO,6,6533,6538,Mixto,2089
13,Río Cuarto,1150,RIO CUARTO,"ESC AMADEO SABATTINI - MANSILLA 320,RIO CUARTO - RIO CUARTO",8,6539,6546,Mixto,2784
13,Río Cuarto,1150,RIO CUARTO,IPEM N° 128 DR M BELGRANO - SOBREMONTE 1357 - RIO CUARTO,6,6547,6552,Mixto,2090
13,Río Cuarto,1150,RIO CUARTO,"ESC LA MERCED - COLON 574,RIO CUARTO - RIO CUARTO",7,6553,6559,Mixto,2434
13,Río Cuarto,189,SAMPACHO,INST LA CONSOLATA - HIPOLITO IRIGOYEN 482 - SAMPACHO,7,6560,6566,Mixto,2433
13,Río Cuarto,189,SAMPACHO,ESC SAN MARTIN - DEAN FUNES 624 - SAMPACHO,7,6567,6573,Mixto,2424
13,Río Cuarto,189,SAMPACHO,INST   PABLO ANTONIO PIZZURNO - CALLE PUBLICA S/N - SAMPACHO,8,6574,6581,Mixto,2771
13,Río Cuarto,190,SAN AMBROSIO,"ESC.SAN JUAN BOSCO - CALLE PUBLICA S/N,SAN AMBROSIO - SAN AMBROSIO",1,6582,6582,Mixto,92
13,Río Cuarto,191,SAN BASILIO,INST JUAN BAUTISTA ALBERDI - BV LORENZO BERARDO NORTE 325 - SAN BASILIO,5,6583,6587,Mixto,1674
13,Río Cuarto,191,SAN BASILIO,"ESC JOSE DE SAN MARTIN - BELGRANO 121,B° CENTRO - SAN BASILIO",6,6588,6593,Mixto,2003
13,Río Cuarto,191A,MALENA,ESC.PROV.R.E.DE SAN MARTIN - REMEDIOS ESCALADA DE SAN MARTIN S/N - MALENA,1,6594,6594,Mixto,349
13,Río Cuarto,192,SUCO,ESC R ESCALADA DE SAN MARTIN - LIBERTAD S/N - SUCO,2,6595,6596,Mixto,465
13,Río Cuarto,193,TOSQUITA,ESC.PROV.J.M.ESTRADA - AVELLANEDA 181 - TOSQUITAS,2,6597,6598,Mixto,651
13,Río Cuarto,194,WASHINGTON,ESC-JUAN B ALBERDI - CALLE PUBLICA S/N - WASHINGTON,2,6599,6600,Mixto,600
14,Río Primero,195,ATAHONA,ESC.PROV.J.DE SAN MARTIN - CALLE PUBLICA S/N - ATAHONA,1,6601,6601,Mixto,169
14,Río Primero,196,CAÑADA DE MACHADO,ESC.PROV.M.MORENO - CALLE SALTA 175 - CAÑADA DE MACHADO,1,6602,6602,Mixto,202
14,Río Primero,197,LA POSTA,ESC PROV JOAQUIN V GONZALEZ - JOAQUIN V GONZALEZ S/N - LA POSTA,2,6603,6604,Mixto,375
14,Río Primero,198,CAPILLA DE REMEDIOS,ESC PROV MARTIN GUEMES - MARTIN GUEMES Y RAVADAVIA S/N - CAPILLA DE LOS REMEDIOS,3,6605,6607,Mixto,787
14,Río Primero,198,CAPILLA DE REMEDIOS,ESC PROV MARTIN GUEMES - MARTIN GUEMES Y RAVADAVIA S/N - CAPILLA DE LOS REMEDIOS                           Mixtos,1,6608,6608,Extr y Nac. Mixtos,262
14,Río Primero,199,CHALACEA,ESC N°315 ARTURO CAPDEVILA - MAESTRO MARIO S/N - CHALACEA,1,6609,6609,Mixto,255
14,Río Primero,200,DIEGO DE ROJAS,ESC M.C.CALDECOT DE ARGUELLO - FIGUEROA ALCORTA S/N - DIEGO DE ROJAS,1,6610,6610,Mixto,306
14,Río Primero,200,DIEGO DE ROJAS,ESC M.C.CALDECOT DE ARGUELLO - FIGUEROA ALCORTA S/N - DIEGO DE ROJAS                                      Mixtos,1,6611,6611,Extr y Nac. Mixtos,324
14,Río Primero,201,COLONIA LAS CUATRO ESQUINAS,"ESC JOSE MARIA PAZ - CALLE PUBLICA S/N,B° EL MANANTIAL - COLONIA LAS CUATRO ESQUINAS",1,6612,6612,Mixto,139
14,Río Primero,201A,LAS GRAMILLAS,ESC MAEST F BELLORA DE DAVILA - CALLE PUBLICA S/N - LAS GRAMILLAS,1,6613,6613,Mixto,167
14,Río Primero,202,ESQUINA,ESC PROV JOSE MANUEL ESTRADA - MALVINAS ARGENTINAS S/N - ESQUINA,2,6614,6615,Mixto,363
14,Río Primero,203,PEDRO E.VIVAS,ESC.R.E.DE SAN MARTIN - MARTIN MIGUEL DE GUEMEZ Y PEDRO VIVA S/N - PEDRO E. VIVAS,2,6616,6617,Mixto,387
14,Río Primero,204,LA PARA,ESC MARIANO FRAGUEIRO - MARIANO FRAGUEIRO 385 - LA PARA,5,6618,6622,Mixto,1656
14,Río Primero,204,LA PARA,"ESC DR D VELEZ SARSFIELD - MARIANO MORENO 1020,LA PARA ROSEDAL - LA PARA",7,6623,6629,Mixto,2316
14,Río Primero,205,LA PUERTA,ESC PROV FRAY MAMERTO ESQUIU - SAN LORENZO 698 - LA PUERTA,7,6630,6636,Mixto,2253
14,Río Primero,206,LAS HERAS,ESC RAUL AUGUSTO PEDERNERA-411 - LA CAÑADA S/N - LAS HERAS,1,6637,6637,Mixto,47
14,Río Primero,207,LAS SALADAS,ESC DALMIRA MURO(EX DEL CHACO) - AV NICASIO MARTINEZ S/N - LAS SALADAS,1,6638,6638,Mixto,251
14,Río Primero,208,COMECHINGONES,ESC ESCRIBANO FRANCISCO CORNAVACA - SARMIENTO Y 25 DE MAYO S/N - PUEBLO COMECHINGONES,1,6639,6639,Mixto,318
14,Río Primero,209,MAQUINISTA GALLINI,ESC.PROV.J.M.PAZ - PUBLICA S/N - MAQUINISTA GALLINI,1,6640,6640,Mixto,135
14,Río Primero,210,BLAS DE ROSALES,ESC DOMINGO F SARMIENTO - CALLE PUBLICA S/N - MEDIA LUNA SUR,1,6641,6641,Mixto,83
14,Río Primero,211,MONTE CRISTO,ESC MARGARITA V LUDUEÑA DE LAZO - SARMIENTO LAS MALVINAS 571 - MONTECRISTO,8,6642,6649,Mixto,2728
14,Río Primero,211,MONTE CRISTO,INST PQUIAL MONTE CRISTO - ROQUE SAENZ PEÑA,10,6650,6659,Mixto,3412
14,Río Primero,380,MONTECRISTO,ESC MAESTRO DOMINGO NOGAL - AV SAN MARTIN S/N - MONTECRISTO,7,6660,6666,Mixto,2391
14,Río Primero,380,MONTECRISTO,ESC 25 DE MAYO - LUIS F TAGLE 215 - MONTECRISTO,7,6667,6673,Mixto,2379
14,Río Primero,380,MONTECRISTO,ESC 25 DE MAYO - LUIS F TAGLE 215 - MONTECRISTO                                                    Mixtos,1,6674,6674,Extr y Nac. Mixtos,343
14,Río Primero,212,MONTE DEL ROSARIO,ESC.PROV.J.M.PAZ - PUBLICA S/N - MONTE DEL ROSARIO,1,6675,6675,Mixto,115
14,Río Primero,212B,EL CRISPIN,ESC PROV DOMINGO F SARMIENTO - PUBLICA S/N - EL CRISPIN,1,6676,6676,Mixto,275
14,Río Primero,213,OBISPO TREJO,ESC R.GUTIERREZ - GENERAL PAZ 788 - OBISPO TREJO,8,6677,6684,Mixto,2687
14,Río Primero,214,PIQUILLIN,ESC.PROV.D.F.SARMIENTO - AV.SARMIENTO 74 - PIQUILLIN,5,6685,6689,Mixto,1728
14,Río Primero,215,PLAZA DE MERCEDES,ESC.PROV.M.BELGRANO - CHACON DE CUESTAS S/N - PLAZA DE MERCEDES,1,6690,6690,Mixto,140
14,Río Primero,215A,LA QUINTA,ESC PROV JUAN JOSE PASO - PUBLICA S/N - LA QUINTA,1,6691,6691,Mixto,245
14,Río Primero,216,PUNTA DEL AGUA,ESC.PROV.GRAL SAN MARTIN - PUBLICA S/N - PUNTA DEL AGUA,1,6692,6692,Mixto,32
14,Río Primero,217,QUEBRACHO,ESC.PROV.1ER.GOBIERNO PATRIO - CALLE PUBLICA S/N - EL QUEBRACHO,1,6693,6693,Mixto,64
14,Río Primero,218,RIO PRIMERO,EX-ESCUELA N°279 - PABLO ROBERT 182 - RIO PRIMERO,6,6694,6699,Mixto,2049
14,Río Primero,218,RIO PRIMERO,ESC GRAL JOSE DE SAN MARTIN - CORRIENTES LUCHI,7,6700,6706,Mixto,2381
14,Río Primero,251,RIO PRIMERO,IPEM N° 164 ATALIVA HERRERA - AV CONTARDO FERRINI 365 - RIO PRIMERO,5,6707,6711,Mixto,1697
14,Río Primero,251,RIO PRIMERO,"INST CONTARDO FERRINI - AV CONTARDO FERRINI 96,B° CENTRO - RIO PRIMERO",3,6712,6714,Mixto,1021
14,Río Primero,251,RIO PRIMERO,"INST CONTARDO FERRINI - AV CONTARDO FERRINI 96,B° CENTRO - RIO PRIMERO                                     Mixtos",1,6715,6715,Extr y Nac. Mixtos,410
14,Río Primero,219,SAGRADA FAMILIA,ESC.JORGE NEWBERY - PUBLICA S/N - SAGRADA FAMILIA,1,6716,6716,Mixto,185
14,Río Primero,220,VILLA SANTA ROSA,INST DEL SANTISIMO ROSARIO - SAN MARTIN 756 - SANTA ROSA DE RIO PRIMERO,8,6717,6724,Mixto,2703
14,Río Primero,220,VILLA SANTA ROSA,ESC PBRO JOSE G BROCHERO - 9 DE JULIO 455 - SANTA ROSA DE RIO PRIMERO,7,6725,6731,Mixto,2367
14,Río Primero,220,VILLA SANTA ROSA,INST EL SALVADOR - BELGRANO 301 - SANTA ROSA DE RIO PRIMERO,7,6732,6738,Mixto,2365
14,Río Primero,220,VILLA SANTA ROSA,INST EL SALVADOR - BELGRANO 301 - SANTA ROSA DE RIO PRIMERO                                                 Mixtos,1,6739,6739,Extr y Nac. Mixtos,338
14,Río Primero,221,EL ALCALDE,"ESC PROV R SAENZ PEÑA - CALLE PUBLICA S/N,TALA - EL ALCALDE",1,6740,6740,Mixto,103
14,Río Primero,222,VILLA FONTANA,IPEM N°228-SAN ISIDRO LABRADOR - AV PEDRO J FONTANA 448 - VILLA FONTANA,2,6741,6742,Mixto,664
14,Río Primero,222,VILLA FONTANA,IPEM N°228-SAN ISIDRO LABRADOR - AV PEDRO J FONTANA 448 - VILLA FONTANA                                    Mixtos,1,6743,6743,Extr y Nac. Mixtos,337
15,Río Seco,223,CANDELARIA NORTE,ESC.PROV.C.SAAVEDRA - PUBLICA S/N - VILLA CANDELARIA NORTE,3,6744,6746,Mixto,832
15,Río Seco,224,ENCRUCIJADA,ESC PROV PRIMERA JUNTA - CALLE PUBLICA S/N - LA ENCRUCIJADA,1,6747,6747,Mixto,36
15,Río Seco,225,GUTEMBERG,ESC GRAL SAN MARTIN - SARMIENTO 400 - GUTEMBERG,3,6748,6750,Mixto,1027
15,Río Seco,225A,LA CAÑADA,ESC PROV GENERAL PAZ - PUBLICA S/N - LA CAÑADA,1,6751,6751,Mixto,67
15,Río Seco,226,LOS HOYOS,ESC PRO MARTIN GUEMES - PUBLICA S/N - LOS HOYOS,2,6752,6753,Mixto,448
15,Río Seco,226A,PUESTO DE CASTRO,ESC.PROV.D.F.SARMIENTO - DOMINGO FAUSTINO SARMIENTO S/N - PUESTO DE CASTRO,2,6754,6755,Mixto,429
15,Río Seco,227,RAYO CORTADO,ESC.PROV.CNEL.F.DE BEDOYA - CALLE PUBLICA S/N - RAYO CORTADO,3,6756,6758,Mixto,810
15,Río Seco,227A,RINCONADA,ESC PROV GUILLERMO BROWN - PUBLICA S/N - LA RINCONADA,2,6759,6760,Mixto,461
15,Río Seco,227B,CERRO COLORADO,ESC PROV LUCIANO ARGUELLO - CALLE PUBLICA S/N - CERRO COLORADO,2,6761,6762,Mixto,369
15,Río Seco,227C,CHAÑAR VIEJO,ESC PROV G MARTINEZ PIZARRO - PUBLICA S/N - CHAÑAR VIEJO                                                  Mixtos,1,6763,6763,Extr y Nac. Mixtos,189
15,Río Seco,227D,SANTA ELENA,ESC PROV ING FEDERICO NEHER - PUBLICA S/N - SANTA ELENA,2,6764,6765,Mixto,410
15,Río Seco,228,SEBASTIAN ELCANO,ESC.CNEL ARTURO HORACIO CARPANI COSTA - MAESTRO PIÑA 279 - SEBASTIAN ELCANO,9,6766,6774,Mixto,2975
15,Río Seco,229,VILLA DE MARIA,ESC JOSE DE SAN MARTIN - RIVADAVIA 768 - VILLA DE MARIA,8,6775,6782,Mixto,2767
15,Río Seco,229,VILLA DE MARIA,IPEM N° 224-LEOPOLDO LUGONES - INGENIERO CANO S/N - VILLA DE MARIA,8,6783,6790,Mixto,2764
15,Río Seco,229A,EUFRASIO LOZA,ESC PROV LEOPOLDO LUGONES - SANTIAGO DEL ESTERO S/N - EUFRASIO LOZA,1,6791,6791,Mixto,186
16,Río Segundo,230,CALCHIN,IPEM N° 284 DOMINGO F SARMIENTO - SANTA TERESA,7,6792,6798,Mixto,2321
16,Río Segundo,230A,CALCHIN OESTE,ESC.PROV.M.BELGRANO - JOSE HERNANDEZ 40 - CALCHIN OESTE,3,6799,6801,Mixto,722
16,Río Segundo,231,CAPILLA DEL CARMEN,ESC NARCISO LAPRIDA - GRAL JOSE DE SAN MARTIN S/N - CAPILLA DEL CARMEN,2,6802,6803,Mixto,464
16,Río Segundo,232,CARRILOBO,ESC PROV PTE JULIO ROCA - MARIANO MORENO 815 - CARRILOBO,6,6804,6809,Mixto,1748
16,Río Segundo,233,COLAZO,ESC PROV SEMANA DE MAYO - ADALGISA 427 - COLAZO,4,6810,6813,Mixto,1360
16,Río Segundo,234,COSTA SACATE,ESC LIB GRAL SAN MARTIN - 25 DE MAYO 160 - COSTA SACATE,5,6814,6818,Mixto,1466
16,Río Segundo,235,LAGUNA LARGA,ESC BERNARDINO RIVADAVIA - RIVADAVIA 66 - LAGUNA LARGA,8,6819,6826,Mixto,2776
16,Río Segundo,235,LAGUNA LARGA,"ESC NARCISO LAPRIDA - NARCISO LAPRIDA S/N ,LAGUNA LARGA - LAGUNA LARGA",7,6827,6833,Mixto,2429
16,Río Segundo,235,LAGUNA LARGA,INST GRAL JOSE MARIA PAZ - BV RIO CUARTO 599 - LAGUNA LARGA,5,6834,6838,Mixto,1732
16,Río Segundo,236,LAS JUNTURAS,I.P.E.A.(IPEM N° 231 INT DELMO EDUARDO SEBASTIAN TORASSO - ESPAÑA 337 - LAS JUNTURAS,5,6839,6843,Mixto,1650
16,Río Segundo,236A,COLONIA VIDELA,ESC.PROV.D.F.SARMIENTO - PUBLICA S/N - COLONIA VIDELA,1,6844,6844,Mixto,65
16,Río Segundo,237,LUQUE,IPEM N° 300 PLAZA MINETTI - SAN JUAN 871 - LUQUE,5,6845,6849,Mixto,1685
16,Río Segundo,237,LUQUE,ESC DOLORES MOYANO DIAZ - 25 DE MAYO 582 - LUQUE,8,6850,6857,Mixto,2689
16,Río Segundo,237,LUQUE,ESC GRAL JOSE DE SAN MARTIN - CORDOBA 649 - LUQUE,5,6858,6862,Mixto,1682
16,Río Segundo,237A,MANFREDI,ESC RAFAELA       SANCHEZ - ENTRE RIOS 111 - MANFREDI,3,6863,6865,Mixto,1042
16,Río Segundo,237B,PUEBLO LUDUEÑA,"ESC PROV JERONIMO L DE CABRERA - SAN MARTIN S/N,PUEBLO LUDUEÑA - IMPIRA",1,6866,6866,Mixto,224
16,Río Segundo,238,MATORRALES,ESC.PROV.D.F.SARMIENTO - SARMIENTO 218 - MATORRALES,3,6867,6869,Mixto,1026
16,Río Segundo,239,ONCATIVO,ESC JOSE MARIA PAZ - 25 DE MAYO 700 - ONCATIVO,8,6870,6877,Mixto,2725
16,Río Segundo,239,ONCATIVO,ESC DE COM L LUGONES(IPEM 158) - BELGRANO 1400 - ONCATIVO,7,6878,6884,Mixto,2386
16,Río Segundo,239,ONCATIVO,ESC EMILIO F OLMOS - RIVADAVIA 745 - ONCATIVO,6,6885,6890,Mixto,2042
16,Río Segundo,239,ONCATIVO,INST SUPERIOR ONCATIVO - RIVADAVIA 549 - ONCATIVO,8,6891,6898,Mixto,2719
16,Río Segundo,239,ONCATIVO,IPEM N°54 J E MULLER - 25 DE MAYO 1400 - ONCATIVO,6,6899,6904,Mixto,2040
16,Río Segundo,239,ONCATIVO,IPEM N°54 J E MULLER - 25 DE MAYO 1400 - ONCATIVO                                                          Mixtos,1,6905,6905,Extr y Nac. Mixtos,343
16,Río Segundo,240,PILAR,ESC ZENON LOPEZ - RAFAEL NUÑEZ 1058 - PILAR,10,6906,6915,Mixto,3456
16,Río Segundo,240,PILAR,ESC JUAN BAUTISTA BUSTOS - 9 DE JULIO NORTE S/N - PILAR,7,6916,6922,Mixto,2421
16,Río Segundo,240,PILAR,ESC MARIA J GONZALEZ CASEROS - 25 DE MAYO 1325 - PILAR,8,6923,6930,Mixto,2769
16,Río Segundo,240,PILAR,INST CARLOS PELLEGRINI - RAFAEL NUÑEZ 827 - PILAR,9,6931,6939,Mixto,3113
16,Río Segundo,240,PILAR,INS NUESTRA SEÑORA DEL PILAR - NESTOR KICHNER S/N - PILAR,7,6940,6946,Mixto,2422
16,Río Segundo,240,PILAR,INS NUESTRA SEÑORA DEL PILAR - NESTOR KICHNER S/N - PILAR                                                       Mixtos,1,6947,6947,Extr y Nac. Mixtos,347
16,Río Segundo,241,POZO DEL MOLLE,ESC GENERAL SAN MARTIN - BELGRANO 225 - POZO DEL MOLLE,6,6948,6953,Mixto,2057
16,Río Segundo,241,POZO DEL MOLLE,ESC FRANCISCO MALBRAN - DIAGONAL PRESIDENTE PERON 512 - POZO DEL MOLLE,6,6954,6959,Mixto,2051
16,Río Segundo,241,POZO DEL MOLLE,IPEM N° 399 HEROES DE MALVINAS - AVELLANEDA ESQ LIBERTAD S/N - POZO DEL MOLLE,5,6960,6964,Mixto,1711
16,Río Segundo,242,RINCON,ESC PROV NICOLAS AVELLANEDA - 9 DE JULIO S/N - RINCON,2,6965,6966,Mixto,544
16,Río Segundo,243,RIO SEGUNDO,C.E.N.M.A. N° 161 - SAN MARTIN ESQ ALEM S/N - RIO SEGUNDO,5,6968,6972,Mixto,1729
16,Río Segundo,243,RIO SEGUNDO,IPEM N°108-C G DE REZZANO - LEANDRO N ALEN Y MISIONES S/N - RIO SEGUNDO,8,6973,6980,Mixto,2765
16,Río Segundo,243,RIO SEGUNDO,ESC PRIMER GOBIERNO PATRIO - RIVADAVIA 915 - RIO SEGUNDO,8,6981,6988,Mixto,2766
16,Río Segundo,243,RIO SEGUNDO,ESC VICTOR MERCANTE - MARCONI 591 - RIO SEGUNDO,8,6989,6996,Mixto,2767
16,Río Segundo,243,RIO SEGUNDO,ESC CONGRESO DE TUCUMAN - SAN MARTIN 1176 - RIO SEGUNDO,7,6997,7003,Mixto,2423
16,Río Segundo,243,RIO SEGUNDO,ESC PARRQUIAL SAN LUIS GONZAGA - MEXICO Y URUGUAY S/N - RIO SEGUNDO,7,7004,7010,Mixto,2424
16,Río Segundo,243,RIO SEGUNDO,IPEM N°156 JOSE M ESTRADA - BELGRANO 1420 - RIO SEGUNDO,6,7011,7016,Mixto,2076
16,Río Segundo,243,RIO SEGUNDO,"ESC MANUEL BELGRANO - CORDOBA 1445,B° FLORESTA - RIO SEGUNDO",5,7017,7021,Mixto,1729
16,Río Segundo,243,RIO SEGUNDO,"ESC MANUEL BELGRANO - CORDOBA 1445,B° FLORESTA - RIO SEGUNDO                                                 Mixtos",1,7022,7022,Extr y Nac. Mixtos,347
16,Río Segundo,244,SANTIAGO TEMPLE,ESC CORONEL PRINGLES - GUILLERMO CID S/N - SANTIAGO TEMPLE,8,7023,7030,Mixto,2574
16,Río Segundo,244A,LOS CHAÑARITOS,ESC PROV ESTANISLAO DEL CAMPO - CARLOS PLAZENOTTI 44 - LOS CHAÑARITOS,2,7031,7032,Mixto,425
16,Río Segundo,245,VILLA DEL ROSARIO,"IPEM N° 55 - COLON 150,CENTRO - VILLA DEL ROSARIO",8,7066,7073,Mixto,2791
16,Río Segundo,245,VILLA DEL ROSARIO,ESC RECONQUISTA - CORDOBA 851 - VILLA DEL ROSARIO,8,7033,7040,Mixto,2793
16,Río Segundo,245,VILLA DEL ROSARIO,ESC MARQUES DE SOBREMONTE - INDEPENDENCIA 485 - VILLA DEL ROSARIO,9,7041,7049,Mixto,3141
16,Río Segundo,245,VILLA DEL ROSARIO,IPEM N° 148 - JOSE M PAZ - CORRIENTES 852 - VILLA DEL ROSARIO,7,7050,7056,Mixto,2441
16,Río Segundo,245,VILLA DEL ROSARIO,ESC SAN JOSE - SAN MARTIN 485 - VILLA DEL ROSARIO,9,7057,7065,Mixto,3147
17,Pte. Roque Sáenz Peña,248,LABOULAYE,"ESC MANUEL BELGRANO - GUILLERMO GRANT 198,B° PUYRREDON - LABOULAYE",8,7074,7081,Mixto,2737
17,Pte. Roque Sáenz Peña,248,LABOULAYE,IPEM N°.278-M.ARGENTINAS - AV INDEPENDENCIA,8,7082,7089,Mixto,2745
17,Pte. Roque Sáenz Peña,475,LABOULAYE,"ESC GRAL CONRADO VILLEGAS - INTENDENTE FENOGLIO 344,B° S RITA - LABOULAYE",8,7090,7097,Mixto,2734
17,Pte. Roque Sáenz Peña,475,LABOULAYE,"ESC MARGARITA SILLI DE CARABALLO - CRESPI 120,17 DE OCTUBRE - LABOULAYE",5,7098,7102,Mixto,1711
17,Pte. Roque Sáenz Peña,475,LABOULAYE,"IPEM N° 257 DR RENE FAVALORO - AV INDEPENDENCIA 512,B°TERMINAL - LABOULAYE",7,7103,7109,Mixto,2400
17,Pte. Roque Sáenz Peña,475,LABOULAYE,"ESC JUAN PASCUAL PRINGLES - AV INDEPENDENCIA 284,B° SUR - LABOULAYE",7,7110,7116,Mixto,2398
17,Pte. Roque Sáenz Peña,475,LABOULAYE,"ESC PRESIDENTE R SAENZ PEÑA - AV QUINTANA 126,B°BELGRANO - LABOULAYE",7,7117,7123,Mixto,2396
17,Pte. Roque Sáenz Peña,475,LABOULAYE,"IPEM N°90 JUANA MANUELA GORRITI - VIYTES BELGRANO S/N,LABOULAYE - LABOULAYE",4,7124,7127,Mixto,1363
17,Pte. Roque Sáenz Peña,475,LABOULAYE,"IPEM N°90 JUANA MANUELA GORRITI - VIYTES BELGRANO S/N,LABOULAYE - LABOULAYE                                Mixtos",1,7128,7128,Extr y Nac. Mixtos,345
17,Pte. Roque Sáenz Peña,249,LA CESIRA,ESC VICTORIANO RODRIGUEZ - ALVEAR 220 - LA CESIRA,4,7129,7132,Mixto,1192
17,Pte. Roque Sáenz Peña,249,LA CESIRA,ESC VICTORIANO RODRIGUEZ - ALVEAR 220 - LA CESIRA                                                            Mixtos,1,7133,7133,Extr y Nac. Mixtos,304
17,Pte. Roque Sáenz Peña,251,LEGUIZAMON,ESC N°78-PINTOR JUAN M BLANES - NILDA BONETTO S/N - LEGUIZAMON,1,7134,7134,Mixto,99
17,Pte. Roque Sáenz Peña,252,LEVALLE,"ESC GRAL NICOLAS LEVALLE - BERNARDINO ANCE 601,B° NORTE - GENERAL LEVALLE",5,7135,7139,Mixto,1748
17,Pte. Roque Sáenz Peña,252,LEVALLE,"ESC DR VIRGILIO BARBALATO - CARLOS PELLEGRINI 331,B° SUR - GENERAL LEVALLE",5,7140,7144,Mixto,1736
17,Pte. Roque Sáenz Peña,252,LEVALLE,"IPEM N°239 HECTOR MC REYNAL - RAMON J CARCANO 800,B° NORTE - GENERAL LEVALLE",5,7145,7149,Mixto,1729
17,Pte. Roque Sáenz Peña,253,MELO,ESC.PROV.L.PASTEUR - 25 MAYO S/N - MELO,3,7150,7152,Mixto,862
17,Pte. Roque Sáenz Peña,253,MELO,ESC.PROV.L.PASTEUR - 25 MAYO S/N - MELO,1,7153,7153,Extr y Nac. Mixtos,289
17,Pte. Roque Sáenz Peña,254,RIO BAMBA,ESC RAUL SOULE(EX NAC N°241) - JOSEFA GORLERO S/N - RIO BAMBA,1,7154,7154,Mixto,126
17,Pte. Roque Sáenz Peña,255,ROSALES,ESC.PROV.P.B.PALACIOS - CORRIENTES S/N - ROSALES,2,7155,7156,Mixto,534
17,Pte. Roque Sáenz Peña,256,SAN JOAQUIN,ESC.PROV.GRAL SAN MARTIN - CALLE PUBLICA S/N - SAN JOAQUIN,1,7157,7157,Mixto,175
17,Pte. Roque Sáenz Peña,257,SERRANO,INS SAN ALBERTO Y SAN ENRIQUE - AV OOSTENDORP,6,7158,7163,Mixto,1986
17,Pte. Roque Sáenz Peña,281,SERRANO,"ESC LA SAGRADA FAMILIA - JOSE MANUEL ESTRADA 362,CENTRO - SERRANO",3,7164,7166,Mixto,991
17,Pte. Roque Sáenz Peña,281,SERRANO,"ESC LA SAGRADA FAMILIA - JOSE MANUEL ESTRADA 362,CENTRO - SERRANO                                          Mixtos",1,7167,7167,Extr y Nac. Mixtos,335
17,Pte. Roque Sáenz Peña,258,VILLA ROSSI,ESC N°105(JOSE RUBIROLA) - DR LUIS ROSSI S/N - VILLA ROSSI,2,7168,7169,Mixto,601
18,San Alberto,259,ALTAUTINA,ESC.PROV.M.DE AZCUENAGA - PUBLICA S/N - ALTAUTINA,1,7170,7170,Mixto,23
18,San Alberto,260,AMBUL,ESC.PROV.FRAY J.M.NOGAL - DOMINGO F SARMIENTO S/N - AMBUL,4,7171,7174,Mixto,1071
18,San Alberto,260A,EL VOLCAN,ESC PROV JUAN P PRINGLES - PUBLICA S/N - EL VOLCAN,1,7175,7175,Mixto,30
18,San Alberto,261,BROCHERO,"IPEM N° 344 PROFESOR VICTOR DOMINGUEZ - RUTA PROVI N 1 S/N,B°CORTADERO - VILLA CURA BROCHERO",5,7176,7180,Mixto,1715
18,San Alberto,261,BROCHERO,ESC JOSE GABRIEL BROCHERO - MARIANO MORENO 291 - VILLA CURA BROCHERO,5,7181,7185,Mixto,1711
18,San Alberto,261,BROCHERO,INST TRANSITO DE MARIA - IRINEO ALTAMIRANO 60 - VILLA CURA BROCHERO,5,7186,7190,Mixto,1714
18,San Alberto,261,BROCHERO,"INST TECNICO CRISTO OBRERO - HIPOLITO YRIGOYEN 80,CENTRO - VILLA CURA BROCHERO",5,7191,7195,Mixto,1710
18,San Alberto,261A,SAN LORENZO,ESC PROV JUAN MARTIN RECALDE - PUBLICA S/N - SAN LORENZO,4,7196,7199,Mixto,1384
18,San Alberto,261B,VILLA BENEGAS,ESC.PROV.GUIDO SPANO - PUBLICA S/N - VILLA RAFAEL BENEGAS,1,7200,7200,Mixto,33
18,San Alberto,262,MINA CLAVERO,ESC GRAL JOSE DE SAN MARTIN - AV MITRE 1251 - MINA CLAVERO,10,7201,7210,Mixto,3418
18,San Alberto,262,MINA CLAVERO,"ESC MAESTRO D F SARMIENTO - AV HERNAN CORTEZ 1060,B°MAYTHE - MINA CLAVERO",6,7211,7216,Mixto,2048
18,San Alberto,262,MINA CLAVERO,"IPEM N° 285-J G BROCHERO - LOS FUNDADORES S/N,B°SANTA ANA - MINA CLAVERO",7,7217,7223,Mixto,2396
18,San Alberto,262,MINA CLAVERO,ESC POLICIA FEDERAL ARGENTINA - LA CALERA ESQ LOS CEIBOS S/N - MINA CLAVERO,5,7224,7228,Mixto,1711
18,San Alberto,262,MINA CLAVERO,ESC POLICIA FEDERAL ARGENTINA - LA CALERA ESQ LOS CEIBOS S/N - MINA CLAVERO                                    Mixtos,1,7229,7229,Extr y Nac. Mixtos,351
18,San Alberto,263,NONO,ESC.PROV.D.F.SARMIENTO - SARMIENTO 223 - NONO,5,7230,7234,Mixto,1722
18,San Alberto,263,NONO,IPEM N°135-DON JOSE F RECALDE - AV LOS PORTEÑOS S/N - NONO,3,7235,7237,Mixto,1032
18,San Alberto,263A,PAMPA DE ACHALA,ESC 20 DE JUNIO - PUBLICA S/N - PAMPA DE ACHALA,1,7238,7238,Mixto,124
18,San Alberto,263B,LOS CERROS,ESC PROV CEFERINO NAMUNCURA - PUBLICA S/N - LOS CERROS,1,7239,7239,Mixto,15
18,San Alberto,263C,ARROYO DE LOS PATOS,ESC J V LOPEZ(EX-NAC N°493) - RUTA N°14 Y ESMERALDA S/N - ARROYO DE LOS PATOS,2,7240,7241,Mixto,593
18,San Alberto,263C,ARROYO DE LOS PATOS,ESC J V LOPEZ(EX-NAC N°493) - RUTA N°14 Y ESMERALDA S/N - ARROYO DE LOS PATOS                              Mixtos,1,7242,7242,Extr y Nac. Mixtos,304
18,San Alberto,263D,LAS CALLES,"ESC.PROV.M.A DE CARRANZA PREGOT - CALLE PUBLICA S/N,LAS CALLES - LAS CALLES",2,7243,7244,Mixto,649
18,San Alberto,263E,LAS RABONAS,ESC.PROV.M.BELGRANO - RUTA NAC 14 S/N - LAS RABONAS,3,7245,7247,Mixto,900
18,San Alberto,264,PANAHOLMA,ESC.P.PIZZURNO - PUBLICA S/N - PANAHOLMA,2,7248,7249,Mixto,511
18,San Alberto,264A,LOS ESPINILLOS,ESC TOMAS DE IRIARTE - CALLE PUBLICA S/N - LOS ESPINILLOS,1,7250,7250,Mixto,230
18,San Alberto,265,SAN PEDRO,ESC CNEL OLMEDO - CECILIA FUNES 140 - SAN PEDRO,9,7251,7259,Mixto,3011
18,San Alberto,265,SAN PEDRO,"INST. AGROTECNICO STELLA MARIS - JUAN PABLO II-RUTA CNO CHANCANI ,SAN PEDRO - SAN PEDRO",6,7260,7265,Mixto,2006
18,San Alberto,265A,VILLA SARMIENTO,ESC CNEL AGUSTIN A OLMEDO - LIBERTAD 270 - VILLA SARMIENTO,10,7266,7275,Mixto,3309
18,San Alberto,265A,VILLA SARMIENTO,"IPEA N°307 PASO DEL LEON - LIBERTAD 250,VILLA SARMIENTO - VILLA SARMIENTO",6,7276,7281,Mixto,1984
18,San Alberto,265B,LA CORTADERA,ESC PROV MARIO REMORINO - PUBLICA S/N - LA CORTADERA,1,7282,7282,Mixto,62
18,San Alberto,265C,SAUCE ARRIBA,ESC.PROV.FRAY L.BELTRAN - PUBLICA S/N - SAUCE ARRIBA,3,7283,7285,Mixto,890
18,San Alberto,266,SAN VICENTE,ESC MAESTRO H GALABURRI - MONSEÑOR FARINA S/N - SAN VICENTE,5,7286,7290,Mixto,1648
18,San Alberto,266A,SAN RAFAEL,ESC MARCELO T DE ALVEAR - CALLE PUBLICA S/N - SAN RAFAEL,1,7291,7291,Mixto,146
19,San Javier,267,CONLARA,ESC PROV FRANCISCO NARCISO    LAPRIDA - PUBLICA S/N - CONLARA,2,7292,7293,Mixto,532
19,San Javier,268,DOLORES,"ESC MARIANO MORENO - PRESIDENTE PERON 565,B° JARDIN - VILLA DOLORES",8,7294,7301,Mixto,2780
19,San Javier,268,DOLORES,INST PBRO J V BRIZUELA - SARMIENTO 270 - VILLA DOLORES,8,7302,7309,Mixto,2774
19,San Javier,268,DOLORES,ESC UNION PANAMERICANA - SAN MARTIN S/N - VILLA DOLORES,8,7310,7317,Mixto,2769
19,San Javier,268,DOLORES,ESC.NORMAL SARSFIELD - AV.S.MARTIN 271 - VILLA DOLORES,10,7318,7327,Mixto,3468
19,San Javier,268,DOLORES,ESC GENERAL SAN MARTIN - EDISON 130 - VILLA DOLORES,10,7328,7337,Mixto,3470
19,San Javier,268,DOLORES,"ESC MANUEL BELGRANO - AV BELGRANO 1399,B° FATIMA - VILLA DOLORES",6,7338,7343,Mixto,2087
19,San Javier,268,DOLORES,"ESC SAGRADO CORAZON - HORMAECHE 375,B° JARDIN - VILLA DOLORES",7,7344,7350,Mixto,2431
19,San Javier,268,DOLORES,ESC C CENTENARIO-IPEM N° 146 - PEDRO C MOLINA,7,7351,7357,Mixto,2425
19,San Javier,145,VILLA DOLORES,ESC DOLORES AGUIRRE DE FUNES - PEDRO C MOLINA S/N - VILLA DOLORES,8,7358,7365,Mixto,2774
19,San Javier,145,VILLA DOLORES,ESC SOLDADO HERMINDO LUNA - INDEPENDENCIA 790 - VILLA DOLORES,8,7366,7373,Mixto,2768
19,San Javier,145,VILLA DOLORES,ESC MERCEDES DE SAN MARTIN - AV ARTURO ILLIA,5,7374,7378,Mixto,1731
19,San Javier,269,LA PAZ,INST JUAN BAUTISTA ALBERDI - 12 DE OCTUBRE 30 - LA PAZ,4,7379,7382,Mixto,1360
19,San Javier,269,LA PAZ,ESC PROV JOSE M PAZ - VELEZ SARSFIELD Y BRAULIO FUNES S/N - LA PAZ,6,7383,7388,Mixto,2044
19,San Javier,269,LA PAZ,ESC PROV JOSE M PAZ - VELEZ SARSFIELD Y BRAULIO FUNES S/N - LA PAZ                                          Mixtos,1,7389,7389,Extr y Nac. Mixtos,342
19,San Javier,269A,QUEBRACHO LADEADO,ESC.PROV.J.M.ESTRADA - PUBLICA S/N - QUEBRACHO LADEADO,2,7390,7391,Mixto,631
19,San Javier,269B,EL MANANTIAL,ESC PROV JUAN JOSE PASO - RUTA NACIONAL 148 S/N - EL MANANTIAL,1,7392,7392,Mixto,34
19,San Javier,270,LAS ROSAS,ESC MAGDALENA T DE CHARLES - CHAMPAQUI 283 - VILLA DE LAS ROSAS,9,7393,7401,Mixto,3095
19,San Javier,270,LAS ROSAS,INST. VILLA DE LAS ROSAS - AV BELGRANO 350 - VILLA DE LAS ROSAS,5,7402,7406,Mixto,1722
19,San Javier,270,LAS ROSAS,"ESC ESTEBAN ECHEVERRIA - AV ANTIUAN 1628,LAS CHACRAS - VILLA DE LAS ROSAS",2,7407,7408,Mixto,686
19,San Javier,270,LAS ROSAS,"ESC ESTEBAN ECHEVERRIA - AV ANTIUAN 1628,LAS CHACRAS - VILLA DE LAS ROSAS                                      Mixtos",1,7409,7409,Extr y Nac. Mixtos,344
19,San Javier,271,LAS TAPIAS,ESC LEOPOLDO LUGONES - CALLE PUBLICA S/N - LAS TAPIAS,5,7410,7414,Mixto,1639
19,San Javier,271,LAS TAPIAS,ESC LEOPOLDO LUGONES - CALLE PUBLICA S/N - LAS TAPIAS                                                            Mixtos,1,7415,7415,Extr y Nac. Mixtos,363
19,San Javier,272,LOS HORNILLOS,"ESC JOSE DE SAN MARTIN - GRAL SAN MARTIN S/N,LOS HORNILLOS - LOS HORNILLOS",4,7416,7419,Mixto,1171
19,San Javier,272,LOS HORNILLOS,"ESC JOSE DE SAN MARTIN - GRAL SAN MARTIN S/N,LOS HORNILLOS - LOS HORNILLOS                                 Mixtos",1,7420,7420,Extr y Nac. Mixtos,295
19,San Javier,273,LUYABA,ESC.PROV.EMILIO F.OLMOS - CALLE PUBLICA S/N - LUYABA,5,7421,7425,Mixto,1564
19,San Javier,274,SAN JAVIER,ESC GENERAL SAN MARTIN - JUAN ESTEBAN ARIAS CABRERA S/N - SAN JAVIER,3,7426,7428,Mixto,1051
19,San Javier,274A,LA POBLACION,ESC MANUEL CABRAL DE TERZAGA - RUTA PROVINCIAL 14 S/N - LA POBLACION,2,7429,7430,Mixto,579
19,San Javier,275,SAN JOSE,ESC EMILIO FELIPE OLMOS - AV SAN MARTIN S/N - SAN JOSE,7,7431,7437,Mixto,2257
19,San Javier,275A,LOS CERRILLOS,ESC GENERAL BARTOLOME MITRE - AV JUAN PERON S/N - LOS CERRILLOS,8,7438,7445,Mixto,2589
19,San Javier,276,YACANTO,ESC GENERAL SAN MARTIN - CALLE PUBLICA-RUTA NACINAL 14 S/N - YACANTO,5,7446,7450,Mixto,1528
20,San Justo,277,ALICIA,ESC JOSE MANUEL ESTRADA - LA RIOJA 527 - ALICIA,4,7451,7454,Mixto,1326
20,San Justo,277,ALICIA,ESC FRAY CAYETANO RODRIGUEZ - MITRE 718 - ALICIA,5,7455,7459,Mixto,1658
20,San Justo,278,ALTOS DE CHIPION,ESC.PROV.RECONQUISTA - SARMIENTO 543 - ALTOS DE CHIPION,6,7460,7465,Mixto,1898
20,San Justo,279,ARROYITO,ESC MANUEL BELGRANO - RIVADAVIA 473 - ARROYITO,8,7466,7473,Mixto,2788
20,San Justo,279,ARROYITO,ESC JOSE MARIA PAZ - VELEZ SARSFIELD 1049 - ARROYITO,7,7474,7480,Mixto,2440
20,San Justo,279,ARROYITO,INST DR D VELEZ SARSFIELD - BERNARDO ERB 320 - ARROYITO,8,7481,7488,Mixto,2786
20,San Justo,279,ARROYITO,ESC N°198(ESC GIMENEZ LAGO - FALUCHO 1118 - ARROYITO,8,7489,7496,Mixto,2778
20,San Justo,279,ARROYITO,ESC CERVELLON/NTRA S DE LA MERCED - 9 DE JULIO,7,7497,7503,Mixto,2437
20,San Justo,465,ARROYITO,"IPEM N° 329 - ALFONSINA STORNI 1650,B° SANTA TERESITA - ARROYITO",7,7504,7510,Mixto,2436
20,San Justo,465,ARROYITO,ESC MARIA TERESA NAVARRO - AV JOSE M VAUDAGNA,9,7511,7519,Mixto,3136
20,San Justo,923,ARROYITO,ESC CLAUDIO CESAR JUAREZ - FALUCHO 476 - ARROYITO,7,7520,7526,Mixto,2435
20,San Justo,923,ARROYITO,ESC CLAUDIO CESAR JUAREZ - FALUCHO 476 - ARROYITO                                                          Mixtos,1,7527,7527,Extr y Nac. Mixtos,348
20,San Justo,279A,EL FUERTECITO,ESC PROV ALTE GUILLERMO BROWN - ALICIA ROSSI,2,7528,7529,Mixto,353
20,San Justo,280,BALNEARIA,"ESC VICENTE LOPEZ Y PLANES - 25 DE MAYO 271,B°IPV - BALNEARIA",6,7530,7535,Mixto,1999
20,San Justo,280,BALNEARIA,"ESC PABLO JULIO RODRIGUEZ - GENERAL LAVALLE 150,B°IPV NORTE - BALNEARIA",7,7536,7542,Mixto,2321
20,San Justo,280,BALNEARIA,INST JUAN BAUTISTA ALBERDI - SAN JOSE 66 - BALNEARIA,4,7543,7546,Mixto,1331
20,San Justo,280,BALNEARIA,INST JUAN BAUTISTA ALBERDI - SAN JOSE 66 - BALNEARIA                                                         Mixtos,1,7547,7547,Extr y Nac. Mixtos,335
20,San Justo,281,BEIRO,ESC N°349(ESC JUAN BEIRO) - CALLE PUBLICA S/N - COLONIA BEIRO,1,7548,7548,Mixto,153
20,San Justo,282,BRINKMANN,"ESC MANUEL BELGRANO - AV SEEBER 317,B°M BELGRANO - BRINKMANN",6,7549,7554,Mixto,2081
20,San Justo,282,BRINKMANN,ESC 25 DE MAYO - 25 DE MAYO 975 - BRINKMANN,8,7555,7562,Mixto,2780
20,San Justo,282,BRINKMANN,"IPEM N° 262 BELISARIO ROLDAN - DR PITT FUNES 547,B°BERTOSSI - BRINKMANN",8,7563,7570,Mixto,2777
20,San Justo,282,BRINKMANN,"ESC DOÑA ANITA G DE SACAVINO - SARMIENTO 1903,B° JARDIN - BRINKMANN",5,7571,7575,Mixto,1732
20,San Justo,283,CONCEPCION,ESC.PROV.M.MORENO - TUCUMAN 483 - VILLA CONCEPCION DEL TIO,6,7576,7581,Mixto,1966
20,San Justo,283A,COLONIA PICHANAS,ESC CONGRESO DE TUCUMAN - CALLE PUBLICA S/N - COLONIA LAS PICHANAS,1,7582,7582,Mixto,190
20,San Justo,285,DEVOTO,ESC CARLOS J FLORIT - ALMIRANTE BROWN 83 - DEVOTO,9,7583,7591,Mixto,3089
20,San Justo,285,DEVOTO,ESC DOMINGO F SARMIENTO - SARMIENTO 325 - DEVOTO,8,7592,7599,Mixto,2747
20,San Justo,286,DIEZ DE JULIO,ESC PROV DOMINGO F SARMIENTO - PUBLICA S/N - COLONIA 10 DE JULIO,1,7600,7600,Mixto,154
20,San Justo,287,DOS HERMANOS,ESC PROV L DE LA TORRE - PUBLICA S/N - COLONIA DOS HERMANOS,1,7601,7601,Mixto,137
20,San Justo,288,EL ARAÑADO,ESC PROV CHACABUCO - 25 DE MAYO 381 - EL ARAÑADO,7,7602,7608,Mixto,2164
20,San Justo,288A,VILLA SAN ESTEBAN,ESC PROV. ANTONIO SOBRAL - PUBLICA S/N - VILLA SAN ESTEBAN,1,7609,7609,Mixto,343
20,San Justo,289,EL FORTIN,ESC PROV DOMINGO F SARMIENTO - MATEO OLIVERO,4,7610,7613,Mixto,1225
20,San Justo,290,EL TIO,ESC PROV JOSE MARIA PAZ - 15 DE OCTUBRE 588 - EL TIO,3,7614,7616,Mixto,1025
20,San Justo,290,EL TIO,IPEM N°166 CAP G DEL VALLE - CAPITAN GABRIEL DEL VALLE 152 - EL TIO,3,7617,7619,Mixto,1028
20,San Justo,291,FREYRE,ESC STA TERESITA DEL N JESUS - BV 12 DE OCTUBRE 681 - FREYRE,6,7620,7625,Mixto,2037
20,San Justo,291,FREYRE,ESC FLORENTINO AMEGHINO - AV BELGRANO 169 - FREYRE,7,7626,7632,Mixto,2373
20,San Justo,291,FREYRE,IPEM N°326 MARIANO MORENO - ALBERDI 283 - FREYRE,6,7633,7638,Mixto,2030
20,San Justo,291A,COLONIA ANITA,ESC PROV RAMON J CARCANO - PUBLICA S/N - COLONIA ANITA,1,7639,7639,Mixto,76
20,San Justo,292,ITURRASPE,ESC THOMAS ALVA EDISON - CALLE PUBLICA S/N - COLONIA ITURRASPE,1,7640,7640,Mixto,108
20,San Justo,293,LA FRANCIA,INST COM SEC LA FRANCIA - 24 DE SEPTIEMBRE 493 - LA FRANCIA,5,7641,7645,Mixto,1681
20,San Justo,293,LA FRANCIA,ESC PROV DAMAS PATRICIAS - BV CORDOBA 101 - LA FRANCIA,6,7646,7651,Mixto,2012
20,San Justo,294,LA PAQUITA,ESC PROV MARIANO MORENO - ALMIRANTE BROWN 231 - LA PAQUITA,4,7652,7655,Mixto,1072
20,San Justo,294A,COLONIA VALTELINA,J DE INFANTES   NICOLAS AVELLANEDA - SARMIENTO S/N - COLONIA VALTELINA,1,7656,7656,Mixto,192
20,San Justo,295,LA TORDILLA,ESC MARGARITA LA TORRE MERCADO - 8 DE SEPTIEMBRE 107 - LA TORDILLA,4,7657,7660,Mixto,1375
20,San Justo,295,LA TORDILLA,ESC MARGARITA LA TORRE MERCADO - 8 DE SEPTIEMBRE 107 - LA TORDILLA                                      Mixtos,1,7661,7661,Extr y Nac. Mixtos,346
20,San Justo,295A,TORO PUJIO,ESC.PROV.J.M.ESTRADA - AV LOS PINARES S/N - TORO PUJIO,1,7662,7662,Mixto,300
20,San Justo,296,LASPIUR,IPEM N°287-L LUGONES - RIVADAVIA 91 - SATURNINO MARIA LASPIUR,5,7663,7667,Mixto,1542
20,San Justo,296,LASPIUR,ESC PROV D VELEZ SARSFIELD - CORRIENTES 348 - SATURNINO MARIA LASPIUR,3,7668,7670,Mixto,925
20,San Justo,297,LAS VARAS,ESC PROV MARIANO MORENO - GABRIELA MISTRAL 318 - LAS VARAS,4,7671,7674,Mixto,1255
20,San Justo,298,LAS VARILLAS,ESC NORM SUP D VELEZ SARSFIELD - ESCRIBANO LUIS MORELLI 188 - LAS VARILLAS,9,7675,7683,Mixto,3137
20,San Justo,298,LAS VARILLAS,ESC GRAL PAZ - BUENOS AIRES 460 - LAS VARILLAS,6,7684,7689,Mixto,2089
20,San Justo,298,LAS VARILLAS,INST G MARTINEZ ZUVIRIA - TOMAS LUQUE 127 - LAS VARILLAS,8,7690,7697,Mixto,2785
20,San Justo,298,LAS VARILLAS,ESC BERNARDINO RIVADAVIA - INDEPENDENCIA 294 - LAS VARILLAS,8,7698,7705,Mixto,2778
20,San Justo,298,LAS VARILLAS,ESC BARTOLOME MITRE - SGTO CABRAL 521 - LAS VARILLAS,7,7706,7712,Mixto,2430
20,San Justo,298,LAS VARILLAS,ESC MARIA INMACULADA - LUQUE 201 - LAS VARILLAS,7,7713,7719,Mixto,2433
20,San Justo,299,LUXARDO,ESC CONSTANCIO LUXARDO - PUBLICA S/N - ESTACION LUXARDO,2,7720,7721,Mixto,454
20,San Justo,300,MARINA,INST SEC MANUEL DORREGO - SARMIENTO 295 - COLONIA MARINA,4,7722,7725,Mixto,1285
20,San Justo,301,MARULL,ESC.REP DEL PARAGUAY - 25 DE MAYO 299 - MARULL,6,7726,7731,Mixto,1917
20,San Justo,302,MAUNIER,ESC PROV GRAL SAN MARTIN - PUBLICA S/N - COLONIA MAUNIER CENTRO,1,7732,7732,Mixto,119
20,San Justo,303,MIRAMAR,ESC.PROV.J.L.DE CABRERA - INDEPENDENCIA 288 - MIRAMAR,7,7733,7739,Mixto,2435
20,San Justo,304,MORTEROS,ESC    NACIONAL MIXTO - DORREGO 859 - MORTEROS,9,7740,7748,Mixto,3139
20,San Justo,304,MORTEROS,ESC D VELEZ SARSFIELD - EMILIO F OLMOS 375 - MORTEROS,8,7749,7756,Mixto,2783
20,San Justo,304,MORTEROS,ESC CRISTO REY - BV 9 DE JULIO 1008 - MORTEROS,8,7757,7764,Mixto,2790
20,San Justo,304,MORTEROS,"INST ALBERTO IN AEBNIT - SERAFIN RESTA 223,B°NEWBERY - MORTEROS",6,7765,7770,Mixto,2090
20,San Justo,304,MORTEROS,ESC BERNARDINO RIVADAVIA - SARMIENTO 208 - MORTEROS,7,7771,7777,Mixto,2441
20,San Justo,304,MORTEROS,ESC DR EDUARDO PIO CARRILLO - E. GALLO S/N - MORTEROS,8,7778,7785,Mixto,2789
20,San Justo,304,MORTEROS,INST PRIVADO 9 DE JULIO - BLV HIPOLITO YRIGOYEN 1560 - MORTEROS,6,7786,7791,Mixto,2087
20,San Justo,305,PORTEÑA,"INST NTRA SRA DE LOURDES - INTENDETE PITA 514,CENTRO - PORTEÑA",9,7792,7800,Mixto,3049
20,San Justo,305,PORTEÑA,ESC PROV 9 DE JULIO - AV CORDOBA 117 - PORTEÑA,7,7801,7807,Mixto,2364
20,San Justo,306,PROSPERIDAD,ESC PROV SANTIAGO DERQUI - JUAREZ CELMAN 357 - COLONIA PROSPERIDAD,2,7808,7809,Mixto,610
20,San Justo,307,QUEBRACHO HERRADO,ESC.PROV.AYACUCHO - SARMIENTO S/N - QUEBRACHO HERRADO,2,7810,7811,Mixto,658
20,San Justo,308,SACANTA,INST MANUEL BELGRANO - BELGRANO 960 - SACANTA,4,7812,7815,Mixto,1354
20,San Justo,308,SACANTA,ESC ITUZAINGO - ITUZAINGO 251 - SACANTA,5,7816,7820,Mixto,1693
20,San Justo,309,SAN BARTOLOME,ESC PROV PRIMERA JUNTA - 9 DE JULIO 576 - COLONIA SAN BARTOLOME,8,7821,7828,Mixto,2742
20,San Justo,310,SAN FRANCISCO SECC. SUR,"ESC EMILIO F OLMOS (IPEM N°50) - RIVADAVIA 679,SAN FCO SECC.SUR - SAN FRANCISCO",9,7829,7837,Mixto,3125
20,San Justo,310,SAN FRANCISCO SECC. SUR,"ESC GENERAL MITRE - SANTA FE 538,SAN FCO.SECC.SUR - SAN FRANCISCO",8,7838,7845,Mixto,2781
20,San Justo,310,SAN FRANCISCO SECC. SUR,"ESC SUP SAN MARTIN - PJE CHAMPAGNAT (SUR) 57,SAN FCO.SECC.SUR - SAN FRANCISCO",8,7846,7853,Mixto,2772
20,San Justo,310,SAN FRANCISCO SECC. SUR,"ESC 2 DE ABRIL - FALUCHO Y PEATONAL LARREA N S/N ,SAN FCO.SECC.SUR - SAN FRANCISCO",8,7854,7861,Mixto,2776
20,San Justo,310,SAN FRANCISCO SECC. SUR,"ESC RIO NEGRO - CASEROS 518,B°LA CONSOLATA - SAN FRANCISCO",8,7862,7869,Mixto,2769
20,San Justo,310,SAN FRANCISCO SECC. SUR,"ESC N AVELLANEDA - RIVADAVIA 648,SAN FCO.SECC.SUR - SAN FRANCISCO",9,7870,7878,Mixto,3107
20,San Justo,310,SAN FRANCISCO SECC. SUR,"ESC RAFAEL NUÑEZ - PARAGUAY 1776,B°CATEDRAL - SAN FRANCISCO",7,7879,7885,Mixto,2425
20,San Justo,310,SAN FRANCISCO SECC. SUR,"ESC INMACULADA CONCEPCION - SAENZ PEÑA 1151,SAN FRANCISCO - SAN FRANCISCO",8,7886,7893,Mixto,2777
20,San Justo,310,SAN FRANCISCO SECC. SUR,"INST PABLO IV - LIBERTAD 2859,B°CONSOLATA - SAN FRANCISCO",8,7894,7901,Mixto,2767
20,San Justo,310,SAN FRANCISCO SECC. SUR,ESC TENIENTE GENERAL JULIO ARGENTINO ROCA - BV ROQUE SAENZ PEÑA 183 - SAN FRANCISCO,7,7902,7908,Mixto,2420
20,San Justo,310,SAN FRANCISCO SECC. SUR,ESC TENIENTE GENERAL JULIO ARGENTINO ROCA - BV ROQUE SAENZ PEÑA 183 - SAN FRANCISCO                               Mixtos,1,7909,7909,Extr y Nac. Mixtos,348
20,San Justo,310A,SAN FRANCISCO SECC. NORTE,"ESC JOSE BERNARDO ITURRASPE - CABRERA 1736,B°GRAL ROCA - SAN FRANCISCO",8,7910,7917,Mixto,2783
20,San Justo,310A,SAN FRANCISCO SECC. NORTE,"ESC DOMINGO F SARMIENTO - ALMAFUERTE 104,B°ROCA.SECC.NORTE - SAN FRANCISCO",8,7918,7925,Mixto,2780
20,San Justo,310A,SAN FRANCISCO SECC. NORTE,"ESC SAN FCO DE ASIS - JUAN JOSE PASO 1650,B°VELEZ SARSFIELD - SAN FRANCISCO",8,7926,7933,Mixto,2787
20,San Justo,310A,SAN FRANCISCO SECC. NORTE,"ESC SAGRADO CORAZON - 25 DE MAYO 1414,B°ITURRASPE NORTE - SAN FRANCISCO",8,7934,7941,Mixto,2774
20,San Justo,310A,SAN FRANCISCO SECC. NORTE,"ESC PRIMERA JUNTA - ENTRE RIOS 2505,B°GRAL ROCA S NORTE - SAN FRANCISCO",8,7942,7949,Mixto,2779
20,San Justo,310A,SAN FRANCISCO SECC. NORTE,"ESC PTE HIPOLITO YRIGOYEN - JUJUY 205,B°ITURRASPE S NORTE - SAN FRANCISCO",8,7950,7957,Mixto,2776
20,San Justo,310A,SAN FRANCISCO SECC. NORTE,"ESC JOSE MARIA PAZ - REPUBLICA DEL LIBANO 1049,S.FRANCISCO NORTE - SAN FRANCISCO",8,7958,7965,Mixto,2781
20,San Justo,310A,SAN FRANCISCO SECC. NORTE,"INST PASCUAL BAILON SOSA - AV TRIGUEROS 151,B° INDEPENDENCIA - SAN FRANCISCO",5,7966,7970,Mixto,1735
20,San Justo,310A,SAN FRANCISCO SECC. NORTE,ESC M.M.M FAVA DE ESTEBAN - INDEPENDENCIA (N),9,7971,7979,Mixto,3123
20,San Justo,3927,SAN FRANCISCO,IPEM N° 145 DR FRANCISCO RAVETTI - MISIONES,8,7980,7987,Mixto,2774
20,San Justo,716,SAN FRANCISCO,ESC INT DR RAUL G VILLAFAÑE - LAS GUAYANAS 584 - SAN FRANCISCO,8,7988,7995,Mixto,2779
20,San Justo,311,SAN PEDRO,ESC ELSA MOLINA DE CODO - 9 DE JULIO S/N - COLONIA SAN PEDRO,1,7996,7996,Mixto,339
20,San Justo,312,SAUZE,ESC.PROV.J.DE SAN MARTIN - CALLE PUBLICA S/N - COLONIA LUIS SAUZE,1,7997,7997,Mixto,13
20,San Justo,313,SEEBER,"ESC JOSE SEEBER - SAN PANTALEON 425,SEEBER - SEEBER",3,7998,8000,Mixto,795
20,San Justo,314,TRANSITO,"ESC PROV R GUTIERREZ - POETA LUGONES 88,TRANSITO - TRANSITO",5,8001,8005,Mixto,1704
20,San Justo,314,TRANSITO,INST MIGUEL CANE - BV EMILIO F OLMOS 156 - TRANSITO,5,8006,8010,Mixto,1705
20,San Justo,315,VIGNAUD,ESC MARIA AUXILIADORA - ANA PASSADORE 611 - COLONIA VIGNAUD,3,8011,8013,Mixto,784
21,Santa María,316,ALTA GRACIA,"ESC COMANDANTE ESPORA - 3 DE FEBRERO 362,B° SUR ALTA GRACIA - ALTA GRACIA",8,8014,8021,Mixto,2802
21,Santa María,316,ALTA GRACIA,"ESC VICTOR MERCANTE - ANATOLE FRANCE 360,B°CARLOS PELLEGRINI - ALTA GRACIA",8,8022,8029,Mixto,2796
21,Santa María,316,ALTA GRACIA,"INST EL OBRAJE - Obregón Cano y Ruta C-45,Potrero de Loyola - ALTA GRACIA",6,8030,8035,Mixto,2098
21,Santa María,316,ALTA GRACIA,INST NUESTRA SEÑORA DE LA MISERICORDIA - PADRE DOMINGO VIERA 151 - ALTA GRACIA,7,8036,8042,Mixto,2450
21,Santa María,316,ALTA GRACIA,INST SUP ANGLO AMERICANO - BV CARLOS PELLEGRINI 637 - ALTA GRACIA,7,8043,8049,Mixto,2451
21,Santa María,316,ALTA GRACIA,"ESC NAC NORM SUP ALTA GRACIA - JOSE HERNANDEZ 201,B° CAMARA - ALTA GRACIA",8,8050,8057,Mixto,2802
21,Santa María,316,ALTA GRACIA,"ESC SAN MARTIN - URUGUAY 200,B° NORTE - ALTA GRACIA",8,8058,8065,Mixto,2799
21,Santa María,316,ALTA GRACIA,"ESC REPUBLICA ITALIANA - MAESTRO JOSE GUTIERREZ 127,LALAHENES - ALTA GRACIA",8,8066,8073,Mixto,2801
21,Santa María,316,ALTA GRACIA,"I.P.E.M. N° 298 - RAFAEL LOZADA 53,CENTRO - ALTA GRACIA",9,8074,8082,Mixto,3153
21,Santa María,316,ALTA GRACIA,"ESC JULIO BARRIENTOS - INT. J. MOLINARI 1525,PQUE. DEL VIRREY - ALTA GRACIA",7,8083,8089,Mixto,2453
21,Santa María,316,ALTA GRACIA,"ESC CURA ELEODORO FIERRO - RAMON J CARCANO 135,B°GOB A SABATTINI - ALTA GRACIA",9,8090,8098,Mixto,3155
21,Santa María,316,ALTA GRACIA,"ESC MANUEL SOLARES - ESPAÑA 26,B° SUR - ALTA GRACIA",8,8099,8106,Mixto,2800
21,Santa María,316,ALTA GRACIA,"ESC JOSE MARIA PAZ - PERALTA 80,B°CAMARA - ALTA GRACIA",8,8107,8114,Mixto,2799
21,Santa María,316,ALTA GRACIA,"ESC SANTIAGO DE LINIERS - AV DE MAYO ESQ. ESMERALDA S/N,B°LINIERS - ALTA GRACIA",8,8115,8122,Mixto,2800
21,Santa María,316,ALTA GRACIA,"ESC PTE HIPOLITO IRIGOYEN - RIVADAVIA 49,B° GRAL BUSTOS - ALTA GRACIA",7,8123,8129,Mixto,2457
21,Santa María,316,ALTA GRACIA,IPEM N° 97 INDEPENDENCIA - 3 DE FEBRERO ESQ URQUIZA S/N - ALTA GRACIA,7,8130,8136,Mixto,2449
21,Santa María,316,ALTA GRACIA,ESC MANUEL DE FALLA - URQUIZA 257 - ALTA GRACIA,8,8137,8144,Mixto,2803
21,Santa María,316,ALTA GRACIA,"IPEM N°346 REPUBLICA ARGENTINA - BOLIVIA 1525,PARQUE CASINO - ALTA GRACIA",3,8145,8147,Mixto,1050
21,Santa María,316,ALTA GRACIA,"IPEM N°346 REPUBLICA ARGENTINA - BOLIVIA 1525,PARQUE CASINO - ALTA GRACIA                              Mixtos",1,8148,8148,Extr y Nac. Mixtos,350
21,Santa María,316A,ANIZACATE,IPEM N° 118-JUANA AZURDUY - SALOMON PALACIOS S/N - ANIZACATE,5,8149,8153,Mixto,1684
21,Santa María,316A,ANIZACATE,ESC VICENTE LOPEZ Y PLANES - PUBLICA S/N - ANIZACATE,7,8154,8160,Mixto,2351
21,Santa María,316A,ANIZACATE,"ESC EL ALGARROBO - LA ISLA ESQUINA EL VALLE S/N,BARRIO PARQUE LA LILA - ANIZACATE",4,8161,8164,Mixto,1347
21,Santa María,316A,ANIZACATE,"ESC CORAZON INMACULADA DE MARIA - RUTA 5 ESQ ANIZACATE S/N,BALCONES DE PARAVACHASCA - ANIZACATE",3,8165,8167,Mixto,1009
21,Santa María,316A,ANIZACATE,"ESC CORAZON INMACULADA DE MARIA - RUTA 5 ESQ ANIZACATE S/N,BALCONES DE PARAVACHASCA -                      Mixtos ANIZACATE",1,8168,8168,Extr y Nac. Mixtos,339
21,Santa María,316B,LA PAISANITA,"ESC PROV DOMINGO F SARMIENTO - PUBLICA S/N,LA ISLA - LA PAISANITA                                           Mixtos",1,8169,8169,Extr y Nac. Mixtos,234
21,Santa María,316C,LA RANCHERITA,LOCAL COMUNAL - PUBLICA S/N - LA RANCHERITA,1,8170,8170,Extr y Nac. Mixtos,221
21,Santa María,316D,LA SERRANITA,ESC GENERAL MANUEL BELGRANO - SAN AGUSTIN S/N - LA SERRANITA,2,8171,8172,Mixto,566
21,Santa María,316E,LOS CEDROS,ESC PROV CATALINA E DE BARON - ANICETO GRANADOS S/N - LOS CEDROS,3,8173,8175,Mixto,1009
21,Santa María,316E,LOS CEDROS,ESC PROV CATALINA E DE BARON - ANICETO GRANADOS S/N - LOS CEDROS                                      Mixtos,1,8176,8176,Extr y Nac. Mixtos,339
21,Santa María,316F,VALLE DE ANIZACATE,IPET N°118 AZURDUY (CIRC 316A) - SALOMON PALACIOS S/N - VALLE DE ANISACATE,4,8177,8180,Mixto,1394
21,Santa María,316F,VALLE DE ANIZACATE,IPET N°118 AZURDUY (CIRC 316A) - SALOMON PALACIOS S/N - VALLE DE ANISACATE                              Mixtos,1,8181,8181,Extr y Nac. Mixtos,352
21,Santa María,316G,VILLA EL PRADO,ESC.PROV.J.HERNANDEZ - OLGA DIAZ ESQ H. IRIGOYEN S/N - VILLA DEL PRADO,5,8182,8186,Mixto,1600
21,Santa María,316G,VILLA EL PRADO,IPEM N° 405 - JOSE GASTON S/N - VILLA DEL PRADO,4,8187,8190,Mixto,1274
21,Santa María,316H,VILLA LA BOLSA,ESC ATAHULPA YUPANQUI - MISIONES S/N - VILLA LA BOLSA,3,8191,8193,Mixto,974
21,Santa María,316H,VILLA LA BOLSA,ESC ATAHULPA YUPANQUI - MISIONES S/N - VILLA LA BOLSA                                                       Mixtos,1,8194,8194,Extr y Nac. Mixtos,326
21,Santa María,316I,VILLA LOS AROMOS,ESC PROV DOMINGO F SARMIENTO - LOS CRESPONES,3,8195,8197,Mixto,858
21,Santa María,308,VILLA LOS AROMOS,"IPEM N° 419 - LOS CRESPONES 328,EL VIVERO - VILLA LOS AROMOS",2,8198,8199,Mixto,572
21,Santa María,316J,VILLA PARQUE SANTA ANA,IPET N° 334 - AV. RIVADAVIA S/N - VILLA PARQUE SANTA ANA,6,8200,8205,Mixto,1986
21,Santa María,316J,VILLA PARQUE SANTA ANA,ESC PABLO PIZZURNO - CALLE 7 S/N - VILLA PARQUE SANTA ANA,6,8206,8211,Mixto,1984
21,Santa María,317,BAJO CHICO,ESC PROV B DE MONTEAGUDO - PUBLICA S/N - BAJO CHICO,2,8212,8213,Mixto,533
21,Santa María,318,RAFAEL GARCIA,ESC.PROV.FRENCH Y BERUTTI - SARMIENTO ESQ. BERUTTI S/N - RAFAEL GARCIA,2,8214,8215,Mixto,691
21,Santa María,319,BOUWER,ESC DR FLORENTINO F BUSTOS - LIBERTADOR SAN MARTIN S/N - BOUWER,5,8216,8220,Mixto,1739
21,Santa María,320,BUENA VISTA,"ESC OLEGARIO V ANDRADE (CIRC 322) - PUBLICA S/N,COSME NORTE - BUENA VISTA",1,8221,8221,Mixto,16
21,Santa María,322,COSME,"ESC PROV OLEGARIO V ANDRADE - PUBLICA S/N,COSME NORTE - COSME",1,8222,8222,Mixto,46
21,Santa María,323,DESPEÑADEROS,INST PRIVADO PIO XII - PADRE BUTELER 229 - DESPEÑADEROS,7,8223,8229,Mixto,2389
21,Santa María,323,DESPEÑADEROS,ESC PROV 25 DE MAYO - CONGRESO 235 - DESPEÑADEROS,6,8230,8235,Mixto,2048
21,Santa María,323,DESPEÑADEROS,IPEM N° 82 SANTIAGO PENNA - TUCUMAN 37 - DESPEÑADEROS,6,8236,8241,Mixto,2046
21,Santa María,324,FALDA DEL CARMEN,ESC PROV DOMINGO F SARMIENTO - PUBLICA S/N - FALDA DEL CARMEN,5,8242,8246,Mixto,1500
21,Santa María,324,FALDA DEL CARMEN,J DE INFTES RECTOR AVANZI-ANEXO FALDADEL CARMEN - CALLE PUBLICA S/N - FALDA DEL CARMEN,1,8247,8247,Mixto,300
21,Santa María,325,LOZADA,ESC.PROV.B.RIVADAVIA - SARMIENTO 441 - LOZADA,5,8248,8252,Mixto,1528
21,Santa María,326,MALAGUEÑO,ESC PROV MANUEL BELGRANO - GRAL BUSTOS 700 - MALAGUEÑO,8,8253,8260,Mixto,2770
21,Santa María,326,MALAGUEÑO,ESC INMACULADO CORAZON DE MARIA - SANTA FE 651 - MALAGUEÑO,8,8261,8268,Mixto,2759
21,Santa María,326,MALAGUEÑO,IPEM N°.67-L.PIEDRABUENA - PADRE CARLOS MARELLA 904 - MALAGUEÑO,7,8269,8275,Mixto,2408
21,Santa María,326,MALAGUEÑO,IPEM N°.67-L.PIEDRABUENA - PADRE CARLOS MARELLA 904 - MALAGUEÑO                                               Mixtos,1,8276,8276,Extr y Nac. Mixtos,349
21,Santa María,326A,YOCSINA,ESC JUAN XXIII - BRIGADIER SAN MARTIN 231 - YOCSINA,7,8277,8283,Mixto,2395
21,Santa María,326A,YOCSINA,ESC PROV GABRIELA MISTRAL - MARCELO GARLOT S/N - YOCSINA,5,8284,8288,Mixto,1709
21,Santa María,326B,BARRIO PRIMERO DE MAYO,"ESC PROV FRAY J S MARIA DE ORO - CRUCERO GRAL. BELGRANO S/N,B° 1 DE MAYO - PRIMERO DE MAYO",8,8289,8296,Mixto,2605
21,Santa María,326C,SAN NICOLAS,ESC MARTIN M DE GUEMES - JOAQUIN CASTELLANO S/N - VILLA SAN NICOLAS,7,8297,8303,Mixto,2335
21,Santa María,326C,SAN NICOLAS,IPEM N° 408 - JOAQUIN CASTELLANO ESQ DUTARI S/N - VILLA SAN NICOLAS,5,8304,8308,Mixto,1662
21,Santa María,327,MONTE RALO,ESC.DALL      ARMELLINA - ITALIA S/N - MONTE RALO,2,8309,8310,Mixto,502
21,Santa María,328,POTRERO DE GARAY,IPEM N° 32-EST POT DE GARAY - LAS MONJITAS S/N - POTRERO DE GARAY,6,8311,8316,Mixto,1833
21,Santa María,328,POTRERO DE GARAY,IPEM N° 32-EST POT DE GARAY - LAS MONJITAS S/N - POTRERO DE GARAY                                                Mixtos,1,8317,8317,Extr y Nac. Mixtos,306
21,Santa María,328B,VILLA CIUDAD DE AMERICA,ESC.PROV.J.V.GONZALEZ - RUTA PROV. 5 KM 54 S/N - VILLAS CIUDAD DE AMERICA,3,8318,8320,Mixto,828
21,Santa María,328B,VILLA CIUDAD DE AMERICA,ESC.PROV.J.V.GONZALEZ - RUTA PROV. 5 KM 54 S/N - VILLAS CIUDAD DE AMERICA                                        Mixtos,1,8321,8321,Extr y Nac. Mixtos,278
21,Santa María,329,SAN CLEMENTE,ESC.PROV.J.B.CABRAL - PUBLICA S/N - SAN CLEMENTE,1,8322,8322,Mixto,269
21,Santa María,330,SAN ISIDRO,ESC.PROV.M.MORENO - PUBLICA S/N - VILLA SAN ISIDRO,2,8323,8324,Mixto,499
21,Santa María,330,SAN ISIDRO,ESC.PROV.M.MORENO - PUBLICA S/N - VILLA SAN ISIDRO                                                            Mixtos,1,8325,8325,Extr y Nac. Mixtos,249
21,Santa María,330A,JOSE DE LA QUINTANA,ESC DE MINERIA - R J CARCANO S/N - JOSE DE LA QUINTANA,3,8326,8328,Mixto,781
21,Santa María,331,TOLEDO,ESC PROV JUAN B ALBERDI - CONSTITUCION 136 - TOLEDO,10,8329,8338,Mixto,3355
21,Santa María,331,TOLEDO,IPEM N° 107 REINO DE ESPAÑA - HUMAITA 278 - TOLEDO,8,8339,8346,Mixto,2677
21,Santa María,331,TOLEDO,J DE INFANTES JUAN BAUTISTA ALBERDI - BOLIVAR,1,8347,8347,Mixto,335
22,Sobremonte,332,POZO NUEVO,ESC.PROV.FCO.PASCACIO MORENO - PUBLICA S/N - POZO NUEVO,2,8348,8349,Mixto,558
22,Sobremonte,333,CAMINIAGA,ESC V LOPEZ Y PLANES - INDEPENDENCIA S/N - CAMINIAGA,2,8350,8351,Mixto,424
22,Sobremonte,334,CHUÑAHUASI,ESC PROV MARIANO MORENO - PUBLICA S/N - CHUÑA HUASI,1,8352,8352,Mixto,312
22,Sobremonte,335,CHAÑAR,IPEM N° 63 R DE ITALIA EX IPET 17 - SARMIENTO,8,8353,8360,Mixto,2702
22,Sobremonte,84,SAN FRANCISCO DEL CHAÑAR,IPEM N° 63 R DE ITALIA EX IPET 17 - SARMIENTO,1,8361,8361,Extr y Nac. Mixtos,340
23,Tercero Arriba,336,ALMAFUERTE,ESC NAC JOSE M ESTRADA - URUGUAY 55 - ALMAFUERTE,8,8362,8369,Mixto,2770
23,Tercero Arriba,336,ALMAFUERTE,ESC JUSTO ABEL CARTA - CHILE ESQ SAN JUAN S/N - ALMAFUERTE,5,8370,8374,Mixto,1729
23,Tercero Arriba,336,ALMAFUERTE,ESC PEDRO C MOLINA - AV. BUENOS AIRES 455 - ALMAFUERTE,6,8375,8380,Mixto,2079
23,Tercero Arriba,336,ALMAFUERTE,ESC REMEDIOS E DE SAN MARTIN - CASTELLI 590 - ALMAFUERTE,8,8381,8388,Mixto,2760
23,Tercero Arriba,336,ALMAFUERTE,IPEM N° 299-DR S E NAUMCHIK - SGO. DEL ESTERO ESQ. FRAGUEIRO 973 - ALMAFUERTE,5,8389,8393,Mixto,1728
23,Tercero Arriba,337,ASCASUBI,ESC.M.G.PONCE - DUSSAN ALACEVICH 86 - VILLA ASCASUBI,7,8394,8400,Mixto,2344
23,Tercero Arriba,337A,CNIA ALMADA,ESC PROV JUAN B ALBERDI - SANTA ROSA 171 - COLONIA ALMADA,2,8401,8402,Mixto,613
23,Tercero Arriba,338,CORRALITO,ESC PROV GRAL J DE SAN MARTIN - PABLO A PIZZURNO 149 - CORRALITO,6,8403,8408,Mixto,1791
23,Tercero Arriba,339,DALMACIO VELEZ,ESC PROV FRAY LUIS BELTRAN - JUANA AZURDUY 283 - DALMACIO VELEZ,4,8409,8412,Mixto,1229
23,Tercero Arriba,339,DALMACIO VELEZ,ESC PROV FRAY LUIS BELTRAN - JUANA AZURDUY 283 - DALMACIO VELEZ                                               Mixtos,1,8413,8413,Extr y Nac. Mixtos,316
23,Tercero Arriba,340,HERNANDO,ESC GOB J F JAVIER DIAZ - 25 DE MAYO 678 - HERNANDO,7,8414,8420,Mixto,2445
23,Tercero Arriba,340,HERNANDO,ESC PROV BERNARDINO RIVADAVIA - 9 DE JULIO 369 - HERNANDO,4,8421,8424,Mixto,1400
23,Tercero Arriba,340,HERNANDO,ESC DIVINO CORAZON - 25 DE MAYO 100 - HERNANDO,6,8425,8430,Mixto,2093
23,Tercero Arriba,340,HERNANDO,"ESC PABLO A PIZZURNO - GENERAL PAZ 495,CENTRO - HERNANDO",6,8431,8436,Mixto,2086
23,Tercero Arriba,340,HERNANDO,ESC LA STMA TRINIDAD - COLON 102 - HERNANDO,6,8437,8442,Mixto,2095
23,Tercero Arriba,341,JAMES CRAIK,INST SEC JOSE M ESTRADA - AV SABATTINI 274 - JAMES CRAIK,7,8443,8449,Mixto,2294
23,Tercero Arriba,341,JAMES CRAIK,ESC PROV J M SALGUEIRO - PASTEUR 182 - JAMES CRAIK,8,8450,8457,Mixto,2622
23,Tercero Arriba,342,LAS PERDICES,ESC PROV DOMINGO F SARMIENTO - SARMIENTO 724 - LAS PERDICES,5,8458,8462,Mixto,1635
23,Tercero Arriba,342,LAS PERDICES,ESC CNEL DOMINGO GAY - SAN LUIS ESQ. GRAL. PAZ S/N - LAS PERDICES,5,8463,8467,Mixto,1628
23,Tercero Arriba,342,LAS PERDICES,"INST PADRE FRANCISCO AZKUNAGA - SAN MARTIN 787,CENTRO - LAS PERDICES",4,8468,8471,Mixto,1302
23,Tercero Arriba,343,LOS ZORROS,ESC VICENTE LOPEZ Y PLANES - SAN MARTIN 346 - LOS ZORROS,2,8472,8473,Mixto,663
23,Tercero Arriba,344,OLIVA,ESC PROV BARTOLOME MITRE - ALVEAR 320 - OLIVA,6,8474,8479,Mixto,2087
23,Tercero Arriba,344,OLIVA,ESC    SAGRADO CORAZON - DON BOSCO 360 - OLIVA,8,8480,8487,Mixto,2782
23,Tercero Arriba,344,OLIVA,"IPEM N°289 DR RAMON PICCO - INT. CHIARINI S/N,CENTRO - OLIVA",8,8488,8495,Mixto,2783
23,Tercero Arriba,344,OLIVA,ESC PROV DOMINGO F SARMIENTO - JUAN MARENGO 44 - OLIVA,7,8496,8502,Mixto,2434
23,Tercero Arriba,344,OLIVA,ESC MARIANO MORENO - MARIANO MORENO S/N - OLIVA,3,8503,8505,Mixto,1043
23,Tercero Arriba,344,OLIVA,ESC MARIANO MORENO - MARIANO MORENO S/N - OLIVA                                                               Mixtos,1,8506,8506,Extr y Nac. Mixtos,352
23,Tercero Arriba,345,PAMPAYASTA NORTE,ESC PROV ANTARTIDA ARGENTINA - DE LOS ESTUDIANTES S/N - PAMPAYASTA NORTE,2,8507,8508,Mixto,442
23,Tercero Arriba,346,PAMPAYASTA SUD,ESC.PROV. REYES CATOLICOS - RIVADAVIA 198 - PAMPAYASTA SUR,4,8509,8512,Mixto,1247
23,Tercero Arriba,347,PUNTA DEL AGUA,ESC.PROV.S.A.GUTIERREZ - PUBLICA S/N - PUNTA DEL AGUA,1,8513,8513,Mixto,246
23,Tercero Arriba,347A,LAS ISLETILLAS,ESC PROV GABRIELA MISTRAL - DOMINGO F. SARMIENTO S/N - LAS ISLETILLAS,1,8514,8514,Mixto,264
23,Tercero Arriba,348,RIO TERCERO,ESC PROV MODESTO ACUÑA - AMINTA R. DE HERRERA,8,8515,8522,Mixto,2794
23,Tercero Arriba,455,RIO TERCERO,"IPEM N°98 LUIS DE TEJEDA - PANAMA ESQ RIO ORINOCO S/N,PQUE S. MIGUEL - RIO TERCERO",8,8523,8530,Mixto,2795
23,Tercero Arriba,455,RIO TERCERO,IPET N°266 GENERAL SAVIO - TUCUMAN ESQ MENDOZA S/N - RIO TERCERO,8,8531,8538,Mixto,2791
23,Tercero Arriba,455,RIO TERCERO,INST ALEXIS CARREL - GRAL PAZ ESQ. ESPAÑA 390 - RIO TERCERO,9,8539,8547,Mixto,3142
23,Tercero Arriba,455,RIO TERCERO,ESC PROV R E DE SAN MARTIN - 25 DE FEBRERO 171 - RIO TERCERO,8,8548,8555,Mixto,2791
23,Tercero Arriba,455,RIO TERCERO,IPEM N°288 JOSE HERNANDEZ - 2 DE ABRIL ESQ FRANCISCO RAMIREZ S/N - RIO TERCERO,8,8556,8563,Mixto,2786
23,Tercero Arriba,455,RIO TERCERO,"ESC SUP DE COMERCIO - DIEGO DE ROJAS 761,LAS VIOLETAS - RIO TERCERO",6,8564,8569,Mixto,2085
23,Tercero Arriba,455,RIO TERCERO,INST TECNICO RIO TERCERO - 2 DE ABRIL 1175 - RIO TERCERO,6,8570,8575,Mixto,2092
23,Tercero Arriba,455,RIO TERCERO,ESC JESUS MARIA Y JOSE - SAN AGUSTIN 318 - RIO TERCERO,10,8576,8585,Mixto,3480
23,Tercero Arriba,455,RIO TERCERO,ESC BERTA BIDONDO DE ZEREGA - CAMPICHUELO 344 - RIO TERCERO,6,8586,8591,Mixto,2090
23,Tercero Arriba,455,RIO TERCERO,ESC GREGORIA I PEREZ - ANGELINA ORTIZ ESQ INDEPENDENCIA S/N - RIO TERCERO,8,8592,8599,Mixto,2779
23,Tercero Arriba,455,RIO TERCERO,ESC JOSE M ZAPIOLA - CHACABUCO 649 - RIO TERCERO,8,8600,8607,Mixto,2786
23,Tercero Arriba,455,RIO TERCERO,ESC GENERAL MANUEL BELGRANO - ISABEL LA CATOLICA 251 - RIO TERCERO,8,8608,8615,Mixto,2783
23,Tercero Arriba,455,RIO TERCERO,"INST ARTE NUEVO - CID CAMPEADOR 480,CENTRO - RIO TERCERO",5,8616,8620,Mixto,1739
23,Tercero Arriba,455,RIO TERCERO,ESC ARMANDO ROTULO - BERNARDO DE OHIGGINS 1202 - RIO TERCERO,8,8621,8628,Mixto,2783
23,Tercero Arriba,455,RIO TERCERO,ESC ANGELICA PRADO - RIO AMAZONAS 450 - RIO TERCERO,5,8629,8633,Mixto,1740
23,Tercero Arriba,455,RIO TERCERO,ESC C SAAVEDRA LAMAS - HILARIO CUADROS ESQ. EDMUNDO CARTOS S/N - RIO TERCERO,7,8634,8640,Mixto,2440
23,Tercero Arriba,455,RIO TERCERO,ESC C SAAVEDRA LAMAS - HILARIO CUADROS ESQ. EDMUNDO CARTOS S/N - RIO TERCERO                              Mixtos,1,8641,8641,Extr y Nac. Mixtos,356
23,Tercero Arriba,349,TANCACHA,ESC PROV JOSE M PAZ - BARTOLOME MITRE 451 - TANCACHA,7,8642,8648,Mixto,2310
23,Tercero Arriba,349,TANCACHA,"ESC GRAL JOSE DE SAN MARTIN - SARMIENTO 1076,NORTE - TANCACHA",7,8649,8655,Mixto,2317
23,Tercero Arriba,349,TANCACHA,"ESC GRAL JOSE DE SAN MARTIN - SARMIENTO 1076,NORTE - TANCACHA                                          Mixtos",1,8656,8656,Extr y Nac. Mixtos,331
23,Tercero Arriba,349A,GENERAL FOTHERINGHAM,ESC PROV GRAL BARTOLOME MITRE - SAN JUAN ESQ BELGRANO S/N - GENERAL FOTHERINGHAM,2,8657,8658,Mixto,403
24,Totoral,350,CANDELARIA,ESC PROV GRAL ARENALES - PUBLICA S/N - CANDELARIA SUR,2,8659,8660,Mixto,397
24,Totoral,351,CAÑADA DE LUQUE,ESC.R.J.CARCANO - PUBLICA S/N - CAÑADA DE LUQUE,4,8661,8664,Mixto,1248
24,Totoral,351A,LA PAMPA,ESC PROV BERNARDINO RIVADAVIA - PUBLICA S/N - LA PAMPA,3,8665,8667,Mixto,821
24,Totoral,352,LAS PEÑAS,ESC.PROV.J.F.KENNEDY - LIDORO CENTURION 324 - LAS PEÑAS,6,8668,8673,Mixto,1888
24,Totoral,352A,LOS MISTOLES,ESC PROV PEDRO N ARIAS - PUBLICA S/N - LOS MISTOLES,1,8674,8674,Mixto,202
24,Totoral,353,MACHA,ESC CEFERINO NAMUNCURA - PUBLICA S/N - MACHA,1,8675,8675,Mixto,79
24,Totoral,354,SANTA CATALINA,ESC PROV GREGORIA MATORRAS - PUBLICA S/N - SANTA CATALINA,1,8676,8676,Mixto,292
24,Totoral,355,SARMIENTO,ESC.PROV.S.MARTIN Y GOMEZ - ESPAÑA S/N - SARMIENTO,4,8677,8680,Mixto,1331
24,Totoral,356,SIMBOLAR,ESC.PROV.F.AMEGHINO - PUBLICA S/N - SIMBOLAR,2,8681,8682,Mixto,363
24,Totoral,357,SINSACATE,"ESC.PROV.CNEL. PRINGLES - PUBLICA S/N,CNO. A SAN LORENZO - SINSACATE",8,8683,8690,Mixto,2555
24,Totoral,358,SITON,ESC.PROV.24 DE SEPTIEMBRE - 8 DE DICIEMBRE S/N - CAPILLA DE SITON,3,8691,8693,Mixto,833
24,Totoral,359,VILLA DEL TOTORAL,ESC PROV BARTOLOME MITRE - BV. ALLENDE 782 - VILLA DEL TOTORAL,8,8694,8701,Mixto,2769
24,Totoral,359,VILLA DEL TOTORAL,ESC NORM SUP V DEL TOTORAL - REP ARGENTINA Y PTE PERON S/N - VILLA DEL TOTORAL,6,8702,8707,Mixto,2073
24,Totoral,359,VILLA DEL TOTORAL,ESC ARNALDO ANTONIO JOSE SOLSANA - REP. ARGENTINA ESQ PTE. PERON S/N - VILLA DEL TOTORAL,4,8708,8711,Mixto,1383
24,Totoral,359,VILLA DEL TOTORAL,"IPETYM N° 74 FRAY M ESQUIU - BV ALLENDE 1300,LAS FLORES - VILLA DEL TOTORAL",7,8712,8718,Mixto,2415
25,Tulumba,360,CHURQUI CAÑADA,CENMA SAN JOSE DE LA DORMIDA (ANEXO CHUQUI CAÑADA) - PUBLICA S/N - CHURQUI CAÑADA,1,8719,8719,Mixto,151
25,Tulumba,360A,EL RODEO,ESC PROV MIGUEL DE GUEMES - PUBLICA S/N - EL RODEO,1,8720,8720,Mixto,309
25,Tulumba,360B,LA TOMA,ESC ESTEBAN ECHEVERRIA - PUBLICA S/N - LA TOMA,1,8721,8721,Extr y Nac. Mixtos,133
25,Tulumba,361,LAS ARRIAS,ESC.J.M.ESTRADA - AV. SAN MARTIN S/N - LAS ARRIAS,8,8722,8729,Mixto,2150
25,Tulumba,363,ISLA DE SAN ANTONIO,ESC PROV JOSE MARMOL - CNO PROVINCIAL S/N - ISLA DE SAN ANTONIO,1,8730,8730,Mixto,38
25,Tulumba,364,LA DORMIDA,ESC.PROV.F.N.LAPRIDA - FACUNDO QUIROGA 564 - SAN JOSE DE LA DORMIDA,7,8738,8744,Mixto,2327
25,Tulumba,364,LA DORMIDA,"I.P.E.A. N°223 - GUAYASCATE 205,CENTRO - SAN JOSE DE LA DORMIDA",7,8731,8737,Mixto,2305
25,Tulumba,364,LA DORMIDA,ESC.PROV.F.N.LAPRIDA - FACUNDO QUIROGA 564 - SAN JOSE DE LA DORMIDA                                         Mixtos,1,8745,8745,Extr y Nac. Mixtos,338
25,Tulumba,366,LUCIO V MANSILLA,ESC.MARIA L.ROBLEDO - PUBLICA S/N - LUCIO V. MANSILLA,2,8747,8748,Mixto,535
25,Tulumba,366,LUCIO V MANSILLA,IPET N°308 - PBRO. VACA VALLEJO 78 - LUCIO V. MANSILLA,2,8749,8750,Mixto,535
25,Tulumba,367,ROSARIO DEL SALADILLO,ESC.PROV.D.F.SARMIENTO - JAVIER GARCIA S/N - ROSARIO DEL SALADILLO,2,8751,8752,Mixto,368
25,Tulumba,368,SAN JOSE DE LAS SALINAS,ESC.PROV.V.MERCANTE - ONCATIVO S/N - SAN JOSE DE LAS SALINAS,3,8753,8755,Mixto,759
25,Tulumba,369,SAN PEDRO NORTE,ESC MANUEL BELGRANO - 9 DE JULIO S/N - SAN PEDRO NORTE,2,8756,8757,Mixto,546
25,Tulumba,370,SANTA CRUZ,"ESC PROV CORNELIO SAAVEDRA - PUBLICA S/N,(CNO A SAN PEDRO N) - SANTA CRUZ",1,8758,8758,Mixto,72
25,Tulumba,370A,LA CAÑADA,ESC PROV MANUEL DORREGO - PUBLICA S/N - LA CAÑADA,1,8759,8759,Mixto,15
25,Tulumba,371,TULUMBA,ESC.PROV.OB.O.CORREA - CALLE REAL S/N - VILLA TULUMBA,3,8760,8762,Mixto,971
25,Tulumba,371,TULUMBA,IPEM N°125 LIDIA PURA BENITEZ - 9 DE JULIO S/N - VILLA TULUMBA,3,8763,8765,Mixto,968
25,Tulumba,371,TULUMBA,IPEM N°125 LIDIA PURA BENITEZ - 9 DE JULIO S/N - VILLA TULUMBA                                               Mixtos,1,8766,8766,Extr y Nac. Mixtos,325
26,Unión,372,ALTO ALEGRE,ESC.PROV.DR.GARCIA GONZALEZ - JULIO A ROCA 115 - ALTO ALEGRE,4,8767,8770,Mixto,1215
26,Unión,372A,ANA ZUMARAN,ESC PROV JUAN P ESNAOLA - PUBLICA S/N - ANA ZUMARAN,1,8771,8771,Mixto,346
26,Unión,373,BALLESTEROS,"ESC PROV GRAL SAN MARTIN - PTE PERON 75,CENTRO - BALLESTEROS",7,8772,8778,Mixto,2298
26,Unión,373,BALLESTEROS,"ESC GRAL BELGRANO-IPEM N°139 - ANSELMO G VAZQUEZ 522,CENTRO - BALLESTEROS",5,8779,8783,Mixto,1634
26,Unión,373,BALLESTEROS,"ESC GRAL BELGRANO-IPEM N°139 - ANSELMO G VAZQUEZ 522,CENTRO - BALLESTEROS                                 Mixtos",1,8784,8784,Extr y Nac. Mixtos,328
26,Unión,374,BALLESTEROS SUD,ESC JULIAN AGUIRRE (EX N°9) - EFRAIN TAGLE S/N - BALLESTEROS SUR,6,8785,8790,Mixto,1831
26,Unión,374,BALLESTEROS SUD,ESC JULIAN AGUIRRE (EX N°9) - EFRAIN TAGLE S/N - BALLESTEROS SUR                                            Mixtos,1,8791,8791,Extr y Nac. Mixtos,309
26,Unión,375,BELL VILLE,ESC.NORMAL F.ALCORTA - 25 DE MAYO 135 - BELL VILLE,9,8792,8800,Mixto,3149
26,Unión,375,BELL VILLE,ESC F AMEGHINO - ENTRE RIOS 457 - BELL VILLE,8,8801,8808,Mixto,2789
26,Unión,375,BELL VILLE,ESC.SUPERIOR DE COMERCIO - F. MOLINA 69 - BELL VILLE,8,8809,8816,Mixto,2792
26,Unión,375,BELL VILLE,ESC    A MATTERSON - PTE. PERON 414 - BELL VILLE,8,8817,8824,Mixto,2790
26,Unión,375,BELL VILLE,ESC PONCIANO VIVANCO - AMEGHINO 155 - BELL VILLE,9,8825,8833,Mixto,3140
26,Unión,375,BELL VILLE,ESC SAN JOSE - BV FIGUEROA ALCORTA 40 - BELL VILLE,9,8834,8842,Mixto,3144
26,Unión,375,BELL VILLE,"CENTRO POLIVALENTE DE ARTE MARTIN MALHARRO - INT. MARTIN BARCIA 845,COUNTRY - BELL VILLE",7,8843,8849,Mixto,2439
26,Unión,375,BELL VILLE,ESC JOSE MARIA PAZ - PIO ANGULO ESQ MENDOZA S/N - BELL VILLE,6,8850,8855,Mixto,2094
26,Unión,375,BELL VILLE,ESC PROVINCIA DE NEUQUEN - ORTIZ HERRERA 647 - BELL VILLE,8,8856,8863,Mixto,2788
26,Unión,375,BELL VILLE,ESC HILARIO ASCASUBI - BV ASCASUBI 653 - BELL VILLE,6,8864,8869,Mixto,2088
26,Unión,375,BELL VILLE,INST NUESTRA SEÑORA DEL HUERTO - 25 DE MAYO,8,8870,8877,Mixto,2791
26,Unión,199,BELL VILLE,IPEM N°290 GENERAL MANUEL BELGRANO - HAITI S/N - BELL VILLE,6,8878,8883,Mixto,2092
26,Unión,376,BISMARCK,ESC PROV BERNARDINO RIVADAVIA - RIVADAVIA,2,8884,8885,Mixto,457
26,Unión,377,BREMEN,ESC PROV ALMAFUERTE - PUBLICA S/N - COLONIA BREMEN,1,8886,8886,Mixto,273
26,Unión,378,CANALS,ESC PROV J HERNANDEZ - SAN MARTIN 187 - CANALS,8,8887,8894,Mixto,2731
26,Unión,378,CANALS,"INST BELISARIO ROLDAN - 25 DE MAYO 160,NORTE - CANALS",9,8895,8903,Mixto,3062
26,Unión,378,CANALS,ESC FRAY M ESQUIU - CHUBUT 179 - CANALS,6,8904,8909,Mixto,2049
26,Unión,379,CARCANO,ESC.PROV.A.M.ZUMARAN D CARCANO - PUBLICA S/N - RAMON J. CARCANO,1,8910,8910,Mixto,23
26,Unión,381,CINTRA,IPEM N°324        JOSE M.ESTRADA - BELGRANO 548 - CINTRA,5,8911,8915,Mixto,1662
26,Unión,382,CHILIBROSTE,ESC PROV B QUINQUELA MARTIN - SANTA FE 676 - CHILIBROSTE,3,8916,8918,Mixto,732
26,Unión,384,PUEBLO ITALIANO,"ESC VICENTE LOPEZ Y PLANES - BUENOS AIRES 474,EL DORADO - PUEBLO ITALIANO",4,8919,8922,Mixto,1306
26,Unión,384,PUEBLO ITALIANO,"ESC VICENTE LOPEZ Y PLANES - BUENOS AIRES 474,EL DORADO - PUEBLO ITALIANO                                     Mixtos",1,8923,8923,Extr y Nac. Mixtos,327
26,Unión,385,ESCALANTE,ESC.M.C.G.DE MATOCCIA - ITALIA 1320 - WENCESLAO ESCALANTE,3,8924,8926,Mixto,1040
26,Unión,385,ESCALANTE,ESC.M.C.G.DE MATOCCIA - ITALIA 1320 - WENCESLAO ESCALANTE                                                 Mixtos,1,8927,8927,Extr y Nac. Mixtos,346
26,Unión,386,GOULD,"ESC R VERA PEÑALOZA - FUERZA AEREA ARGENTINA 278,GOULD - BENJAMIN GOULD",2,8928,8929,Mixto,643
26,Unión,387,IDIAZABAL,ESC P ALBARRACIN DE SARMIENTO - 9 DE JULIO 551 - IDIAZABAL,5,8930,8934,Mixto,1582
26,Unión,389,LABORDE,ESC    MARIANO MORENO - BELGRANO 428 - LABORDE,6,8935,8940,Mixto,1980
26,Unión,389,LABORDE,INST SUP DE PROFESORADO - SAN MARTIN 451 - LABORDE,6,8941,8946,Mixto,1977
26,Unión,389,LABORDE,ESC    PROV DARDO ROCHA - BOLIVAR 611 - LABORDE,3,8947,8949,Mixto,988
26,Unión,389,LABORDE,ESC    PROV DARDO ROCHA - BOLIVAR 611 - LABORDE,1,8950,8950,Extr y Nac. Mixtos,330
26,Unión,390,MONTE LEÑA,ESC.PROV.D.F.SARMIENTO - CARDO 146 - MONTE LEÑA,2,8951,8952,Mixto,635
26,Unión,391,MONTE MAIZ,INST SAGRADO CORAZON - 9 DE JULIO 2250 - MONTE MAIZ,7,8953,8959,Mixto,2369
26,Unión,391,MONTE MAIZ,ESCUELA JOSE DE SAN MARTIN - SAN MARTIN 1518 - MONTE MAIZ,6,8960,8965,Mixto,2033
26,Unión,391,MONTE MAIZ,"IPEM N°126 ADA EVA SIMONETTA - CHACO Y SANTIAGO DEL ESTERO S/N,MONTERREY - MONTE MAIZ",6,8966,8971,Mixto,2026
26,Unión,392,MORRISON,ESC PROV NIÑAS DE AYOHUMA - VICENTE LOPEZ Y PLANES S/N - MORRISON,4,8972,8975,Mixto,1301
26,Unión,392,MORRISON,ESC PROV LEOPOLDO LUGONES - AV LEONARDO MURIALDO 524 - MORRISON,7,8976,8982,Mixto,2281
26,Unión,393,NOETINGER,ESC PROV R E DE SAN MARTIN - SARMIENTO 152 - NOETINGER,6,8983,8988,Mixto,1986
26,Unión,393,NOETINGER,ESC LEANDRO N ALEM - ANDREA ACOSTA 486 - NOETINGER,8,8989,8996,Mixto,2647
26,Unión,394,ORDOÑEZ,ESC    AMADEO AUCHTER - CALLE 10 119 - ORDOÑEZ,4,8997,9000,Mixto,1284
26,Unión,394,ORDOÑEZ,INST SEC LEOPOLDO LUGONES - CALLE CINCO 746 - ORDOÑEZ,4,9001,9004,Mixto,1287
26,Unión,395,PASCANAS,INST GALA ORTIZ FERNANDEZ - ESPAÑA 16 - PASCANAS,5,9005,9009,Mixto,1553
26,Unión,395,PASCANAS,ESC MAESTRO J RECALDE - SARMIENTO 451 - PASCANAS,3,9010,9012,Mixto,933
26,Unión,396,POSSE,INST DALMACIO VELEZ SARSFIELD - BELGRANO 222 - JUSTINIANO POSSE,8,9013,9020,Mixto,2685
26,Unión,396,POSSE,ESC PROV JUANA MANSO - DEAN FUNES 346 - JUSTINIANO POSSE,4,9021,9024,Mixto,1337
26,Unión,396,POSSE,ESC PROV FRAY J S M DE ORO - 9 DE JULIO 979 - JUSTINIANO POSSE,7,9025,9031,Mixto,2347
26,Unión,396,POSSE,INST SAN JOSE - 9 DE JULIO ESQ. COLON S/N - JUSTINIANO POSSE,4,9032,9035,Mixto,1338
26,Unión,396A,VILLA LOS PATOS,ESC.PROV.M.SASTRE - PUBLICA S/N - VILLA LOS PATOS,1,9036,9036,Mixto,46
26,Unión,397,SAN ANTONIO,ESC.PROV.P.PIZZURNO - MAESTRO FERNANDEZ 538 - SAN ANTONIO DE LITIN,6,9037,9042,Mixto,1615
26,Unión,400,SAN MARCOS SUD,"INST JOSE DE SAN MARTIN - ENTRE RIOS 977,SUD - SAN MARCOS",5,9043,9047,Mixto,1644
26,Unión,400,SAN MARCOS SUD,"ESC PROV M BUCHARDO - PJE AURORA LLANOS DE BUSTOS S/N,SUD - SAN MARCOS",4,9048,9051,Mixto,1320
26,Unión,401,SANTA MARIA,ESC PROV PAULA ALBARRACIN - LOS FRESNOS 290 - ALDEA SANTA MARIA,1,9052,9052,Mixto,309
26,Unión,402,VIAMONTE,INST JUAN B ALBERDI - AVELLANEDA 182 - VIAMONTE,5,9053,9057,Mixto,1686
